people,357
like,235
singapore,221
indians,188
jobs,176
singaporeans,172
think,167
would,160
indian,159
get,148
even,143
also,141
local,133
one,129
know,118
foreigners,116
many,113
chinese,113
well,111
point,107
job,106
locals,105
see,104
us,102
years,99
good,98
work,98
singaporean,95
government,95
time,95
india,92
make,90
country,89
want,87
data,85
still,84
say,81
sg,80
way,78
companies,78
much,78
come,74
really,73
issue,72
right,72
china,69
racist,68
better,68
different,66
need,65
experience,64
countries,63
problem,62
go,60
take,60
feel,60
could,59
may,57
look,57
every,56
republic,56
lot,54
ns,52
others,52
going,51
sure,51
race,51
never,50
workers,50
working,49
understand,49
new,49
whole,49
back,48
everyone,47
due,46
instead,46
let,45
enough,45
mean,45
racism,44
saying,44
bad,44
since,43
someone,43
always,43
agree,43
world,43
foreign,43
yes,43
laugh,42
said,42
etc,42
getting,41
question,41
social,41
life,41
find,41
economy,40
nationals,40
fact,40
pay,40
market,39
hard,39
please,39
first,39
place,39
real,38
company,38
less,38
ones,38
end,38
tell,37
kids,37
loud,37
things,37
numbers,37
hiring,37
trying,37
majority,36
foreigner,36
business,36
thing,36
low,36
making,35
tech,35
course,35
policy,35
population,35
taking,34
another,34
labour,34
pretty,34
hire,34
try,34
cannot,34
post,34
certain,34
already,34
immigration,34
day,33
talent,33
top,33
without,33
part,33
system,33
high,32
simply,32
based,32
towards,32
start,32
something,32
got,31
issues,31
quite,31
wrong,31
means,30
probably,30
best,30
actually,30
though,30
made,30
policies,30
salary,30
money,30
able,30
give,29
long,29
around,29
opinion,29
dont,29
kind,29
keep,29
reason,29
might,29
anyone,28
level,28
group,28
hate,28
benefits,28
cost,28
comments,28
true,28
especially,28
information,28
govt,28
looking,28
example,28
seen,27
paying,27
similar,27
honest,27
coming,27
income,27
two,26
yet,26
citizens,26
matter,26
far,26
nothing,26
whether,26
easy,25
ago,25
situation,25
bring,25
society,25
shit,25
class,25
given,25
paid,25
case,25
maybe,25
happen,25
points,24
complain,24
sorry,24
living,24
comment,24
nationality,24
last,24
talking,24
change,24
person,24
play,24
however,24
skills,24
use,24
caste,24
competition,24
minimum,24
else,23
unfortunately,23
times,23
stop,23
qualified,23
higher,23
must,23
seems,23
rather,23
help,23
tax,23
ftas,22
ep,22
free,22
management,22
fresh,22
expats,22
used,22
general,22
put,22
debate,22
economic,22
either,22
culture,22
learn,22
cause,21
fta,21
minority,21
complaining,21
worked,21
colleagues,21
comes,21
whatever,21
treat,21
exactly,21
number,21
rate,21
quality,21
share,21
wage,21
industry,21
education,21
asking,21
lack,20
vs,20
stay,20
ask,20
man,20
trade,20
public,20
cheap,20
human,20
continue,20
across,20
overall,20
globalization,20
left,20
thank,20
english,20
average,20
median,20
believe,19
happening,19
mostly,19
groups,19
tamil,19
citizen,19
white,19
using,19
mind,19
wages,19
speak,19
community,19
racial,19
professionals,19
places,19
global,19
definitely,19
little,19
gdp,19
move,19
next,18
came,18
chinas,18
open,18
hear,18
almost,18
argument,18
thread,18
covid,18
blame,18
south,18
year,18
lower,18
thoughts,18
hope,18
makes,18
serve,18
degree,18
malaysian,18
increase,17
small,17
least,17
main,17
idea,17
guess,17
problems,17
care,17
mncs,17
ass,17
cheaper,17
experiences,17
form,17
difference,17
read,17
clear,17
views,17
anything,17
salaries,17
mentioned,17
unfair,17
thinking,17
leave,17
value,17
individual,17
pwm,17
wonder,16
employment,16
senior,16
seeing,16
folks,16
huge,16
growth,16
young,16
yeah,16
seem,16
brought,16
taken,16
thought,16
industries,16
worse,16
eg,16
bit,16
op,15
often,15
usually,15
educated,15
national,15
ground,15
answer,15
deal,15
nation,15
hence,15
pass,15
pr,15
done,15
show,15
friends,15
fair,15
honestly,15
prejudice,15
grow,15
home,15
ft,15
skin,15
correct,15
facts,15
sectors,14
hindi,14
perhaps,14
sentiment,14
entire,14
nationalities,14
big,14
personal,14
available,14
unless,14
happy,14
software,14
large,14
pap,14
guys,14
apply,14
needs,14
discussion,14
literally,14
globalisation,14
career,14
full,14
nice,14
graduates,14
logic,14
psp,14
release,14
major,13
international,13
schools,13
access,13
mom,13
note,13
great,13
media,13
love,13
park,13
relevant,13
middle,13
ah,13
city,13
influx,13
set,13
lost,13
xenophobia,13
live,13
likely,13
including,13
wants,13
racists,13
personally,13
engineer,13
pmet,13
otherwise,13
shows,13
ever,13
difficult,13
view,13
aware,13
balance,13
family,13
specific,13
language,13
examples,13
mainland,13
cant,13
says,13
york,13
unemployment,13
past,13
entitled,13
fit,13
oyo,13
junior,13
understanding,12
heard,12
anyway,12
okay,12
act,12
nobody,12
expat,12
gets,12
looks,12
works,12
parliament,12
remember,12
individuals,12
away,12
office,12
exist,12
friend,12
cultural,12
malaysians,12
goes,12
common,12
talents,12
create,12
today,12
discrimination,12
eps,12
citizenship,12
sense,12
practices,12
within,12
stats,12
mnc,12
response,12
skill,12
foriegners,12
rich,12
takes,12
price,12
root,12
s,12
clause,11
movement,11
holders,11
type,11
took,11
sound,11
state,11
simple,11
early,11
opposition,11
truth,11
negative,11
future,11
solution,11
workforce,11
hand,11
several,11
despite,11
discriminated,11
thanks,11
caucasians,11
asian,11
arguments,11
single,11
stereotype,11
sharing,11
behaviour,11
integrate,11
talk,11
rights,11
basically,11
fake,11
taxes,11
requirements,11
sector,11
speaking,11
advantage,11
buy,11
conclusions,11
supply,11
technical,11
interview,11
ppl,11
bias,11
clearly,11
assume,11
moving,11
become,11
starting,11
went,11
respect,11
bottom,11
states,11
tier,11
add,11
breakdown,11
important,11
decide,11
explain,10
movies,10
support,10
completely,10
fully,10
condo,10
construction,10
collar,10
compete,10
service,10
flooding,10
larger,10
decent,10
political,10
politics,10
force,10
perspective,10
anecdotal,10
regardless,10
hold,10
behind,10
natural,10
investment,10
valid,10
happens,10
second,10
opportunity,10
businesses,10
particular,10
term,10
roles,10
train,10
current,10
banking,10
decades,10
somehow,10
concerns,10
mindset,10
reasons,10
serving,10
compare,10
prs,10
growing,10
terms,10
superiority,10
reality,10
equal,10
contribute,10
dbs,10
mention,10
everything,10
nus,10
anywhere,10
experienced,10
incompetent,10
narrative,10
among,10
asians,10
disagree,10
allow,10
face,10
side,10
giving,10
forward,10
demand,10
knowledge,10
per,10
area,10
statistics,10
peak,10
process,10
score,10
obviously,9
lots,9
apple,9
cut,9
feeling,9
team,9
decade,9
beneficial,9
forget,9
party,9
door,9
fts,9
school,9
stupid,9
accept,9
increased,9
pool,9
easier,9
recent,9
engineering,9
percentage,9
hired,9
menial,9
line,9
sentiments,9
prove,9
truly,9
asked,9
million,9
pritam,9
singh,9
families,9
children,9
game,9
posts,9
welcome,9
successful,9
realise,9
sides,9
highly,9
impression,9
field,9
ie,9
role,9
impact,9
generation,9
days,9
positions,9
edit,9
east,9
guy,9
specifically,9
opposite,9
ok,9
success,9
choose,9
sort,9
proven,9
tone,9
close,9
housing,9
deny,9
visas,9
worker,9
civil,9
affected,9
relationship,9
grab,9
losing,9
grads,9
emotional,9
failure,9
standards,8
entry,8
persons,8
allows,8
witnessed,8
online,8
filled,8
possible,8
lead,8
stick,8
fine,8
plenty,8
sub,8
slaves,8
google,8
head,8
resentment,8
trend,8
started,8
politicians,8
election,8
noise,8
ability,8
gonna,8
easily,8
lives,8
imported,8
survive,8
beyond,8
areas,8
skilled,8
british,8
news,8
manpower,8
solve,8
code,8
fix,8
thepeople,8
microsoft,8
levels,8
earlier,8
backlash,8
conversation,8
overseas,8
resources,8
telling,8
served,8
considered,8
imagine,8
reddit,8
races,8
labor,8
applying,8
none,8
staff,8
house,8
healthcare,8
history,8
stereotypes,8
net,8
topic,8
building,8
claim,8
short,8
ict,8
cases,8
words,8
property,8
call,8
communicate,8
known,8
happened,8
official,8
extremely,8
targeted,8
oh,8
fire,8
arrogant,8
obvious,8
ri,8
vietnam,8
sme,8
key,8
friction,8
mil,8
nan,8
meet,8
black,8
scenario,8
u,8
poor,8
transparency,8
story,8
power,8
hide,8
speech,8
sign,8
interested,8
address,8
released,8
brand,8
consultant,8
agents,8
diff,7
compared,7
consider,7
abroad,7
degrees,7
xenophobic,7
agreement,7
multiple,7
noticed,7
explanation,7
opened,7
topeople,7
alone,7
fall,7
amongst,7
food,7
languages,7
supposed,7
internet,7
concern,7
wing,7
japanese,7
technology,7
parties,7
allowed,7
im,7
admit,7
increasing,7
granted,7
malaysia,7
target,7
refuse,7
hires,7
x,7
previous,7
environment,7
offer,7
written,7
couple,7
informationng,7
provided,7
pointed,7
moved,7
grew,7
notice,7
ramesh,7
incidents,7
worth,7
gone,7
zero,7
according,7
divide,7
primary,7
bunch,7
idiots,7
fear,7
biased,7
rule,7
build,7
break,7
god,7
improve,7
risk,7
willing,7
reply,7
matters,7
stand,7
treated,7
attention,7
hey,7
child,7
expect,7
glad,7
explicitly,7
recognised,7
gain,7
surge,7
assumption,7
required,7
treatment,7
sea,7
rates,7
earning,7
month,7
cs,7
grad,7
candidates,7
rest,7
dislike,7
hours,7
called,7
late,7
men,7
wanted,7
rid,7
article,7
hdb,7
check,7
suffering,7
law,7
related,7
lky,7
depends,7
statement,7
customer,7
operations,7
stuff,7
generally,7
brain,7
context,7
basic,7
actual,7
naturally,7
holding,7
mid,7
original,7
near,7
turn,7
rising,7
virtue,7
annoying,7
customers,7
sacrifice,7
crew,7
shut,7
talented,7
fight,7
capital,7
replaced,7
old,7
measure,7
firms,7
failures,7
infrastructure,7
leaving,7
finally,6
control,6
immigrants,6
considering,6
behavior,6
sometimes,6
apart,6
failed,6
transparent,6
blue,6
cpf,6
uproar,6
sgean,6
village,6
tried,6
fill,6
mutually,6
rise,6
nationalist,6
anti,6
vote,6
ignore,6
knows,6
war,6
opinions,6
size,6
told,6
although,6
ahead,6
equally,6
vast,6
heavily,6
kong,6
asia,6
strong,6
till,6
pmets,6
trust,6
supremacy,6
objective,6
uk,6
seriously,6
victim,6
particularly,6
action,6
caucasian,6
finance,6
judge,6
sum,6
doesnt,6
awards,6
jumping,6
meant,6
counterparts,6
absolutely,6
perfect,6
massive,6
earn,6
women,6
purely,6
colonial,6
safety,6
age,6
definition,6
angry,6
solely,6
shared,6
link,6
begin,6
justify,6
bank,6
financial,6
professional,6
stating,6
systematic,6
transfer,6
smaller,6
curious,6
met,6
loved,6
found,6
workplace,6
fail,6
limited,6
currently,6
properly,6
expertise,6
listen,6
agenda,6
entirely,6
leh,6
integration,6
quota,6
hotel,6
felt,6
existing,6
badly,6
wish,6
facing,6
safe,6
ways,6
employees,6
visa,6
managed,6
engineers,6
perception,6
position,6
university,6
board,6
provide,6
opportunities,6
genuinely,6
answers,6
locally,6
shortage,6
capitalism,6
b,6
stereotyping,6
possibly,6
list,6
built,6
competing,6
precisely,6
actions,6
recognize,6
practice,6
percentile,6
return,6
wife,6
segment,6
inequality,6
significantly,6
oyk,6
dark,6
resulted,6
graduate,6
emirati,6
rage,6
increment,6
land,5
funny,5
becomes,5
manager,5
smell,5
eventually,5
project,5
security,5
setting,5
chinamen,5
derogatory,5
rude,5
resource,5
actively,5
differences,5
employed,5
chance,5
populist,5
korea,5
japan,5
blaming,5
triggered,5
mediocre,5
allowing,5
lunch,5
solutions,5
retrenched,5
stuck,5
indeed,5
employers,5
recruit,5
restrictions,5
spass,5
hong,5
pandemic,5
evidence,5
direct,5
competitive,5
prc,5
cos,5
fuck,5
applies,5
defend,5
argue,5
questioning,5
coffee,5
migrant,5
addressing,5
cycle,5
road,5
costs,5
exposed,5
statistically,5
everywhere,5
redditors,5
bringing,5
slowly,5
reading,5
apples,5
integrated,5
explaining,5
flow,5
hopefully,5
hardly,5
luck,5
various,5
parts,5
identity,5
suit,5
letting,5
effect,5
harder,5
present,5
alot,5
via,5
discussing,5
base,5
behaviours,5
saw,5
name,5
relatively,5
stability,5
bro,5
ratio,5
yesterday,5
fewer,5
sales,5
immediately,5
vocal,5
follow,5
rules,5
female,5
proper,5
likes,5
upper,5
popular,5
belief,5
universities,5
carefully,5
consequence,5
abundance,5
pure,5
spend,5
training,5
wanting,5
developer,5
fault,5
competent,5
driven,5
qualification,5
afford,5
later,5
plain,5
perceived,5
condescending,5
rarely,5
arguing,5
serious,5
rent,5
except,5
discriminate,5
period,5
boomers,5
wow,5
foriegn,5
foriegner,5
exists,5
dollar,5
indonesia,5
impossible,5
shown,5
parliamentary,5
wont,5
upset,5
nature,5
sake,5
assuming,5
creates,5
total,5
stage,5
attract,5
approach,5
metric,5
thounited,5
americands,5
suffer,5
police,5
result,5
uae,5
loss,5
cover,5
kid,5
choice,5
listed,5
assumptions,5
constantly,5
watch,5
born,5
minister,5
changes,5
concrete,5
sir,5
slavery,5
largest,5
focus,5
labourers,5
automatically,5
standard,5
changi,5
substantial,5
driving,5
believes,5
replace,5
strawman,5
half,5
ships,5
offered,5
interpretation,5
questions,5
qualifications,5
benefit,5
require,5
agreements,5
interpret,5
thats,5
darker,5
study,5
seek,5
eat,5
contract,5
learning,5
woman,5
supporters,5
survival,5
unhappiness,5
trump,5
core,5
implemented,5
dept,5
supplier,5
alternative,5
plan,5
meritocracy,5
westerners,5
lacking,5
servants,5
domestic,5
afraid,5
phone,5
advertised,5
arent,5
universal,5
mistakes,5
charge,5
run,5
insurance,5
command,5
forefathers,5
island,4
unlike,4
maximum,4
extent,4
cinemas,4
angmohs,4
pick,4
restaurant,4
angmoh,4
fb,4
info,4
ethnic,4
distinguish,4
accent,4
mainly,4
remarks,4
whats,4
ugly,4
excuse,4
againstpeople,4
g,4
visible,4
banks,4
hq,4
round,4
prevalent,4
regards,4
normal,4
win,4
governments,4
everybody,4
economically,4
elsewhere,4
worry,4
running,4
pursue,4
developed,4
diversity,4
cautious,4
secondary,4
interest,4
putting,4
loads,4
piece,4
neither,4
ignored,4
trouble,4
passes,4
widely,4
absolute,4
applicants,4
turning,4
observation,4
undertone,4
factors,4
causes,4
lose,4
stories,4
owned,4
influence,4
laws,4
requires,4
forced,4
stealing,4
results,4
bet,4
ceos,4
trillion,4
attempt,4
somebody,4
card,4
front,4
night,4
ignorant,4
inconsiderate,4
enjoy,4
classic,4
added,4
fun,4
reasonable,4
mode,4
dumb,4
development,4
positive,4
tbh,4
poly,4
proud,4
aside,4
changing,4
portion,4
dominated,4
steps,4
candidate,4
highlight,4
non,4
magic,4
trips,4
trends,4
comforting,4
rely,4
deep,4
enterprise,4
settle,4
dialect,4
decided,4
basis,4
borders,4
priorities,4
interact,4
somewhat,4
effects,4
beings,4
feels,4
bother,4
three,4
perfectly,4
classism,4
unfortunate,4
judged,4
acts,4
fundamental,4
gotten,4
significant,4
screened,4
ensure,4
lim,4
hurts,4
army,4
northern,4
mirror,4
departments,4
critical,4
preferred,4
gps,4
protect,4
interests,4
merely,4
import,4
delicate,4
former,4
sounds,4
doubt,4
mistaken,4
threads,4
comparison,4
isnt,4
agreed,4
tend,4
analogy,4
suddenly,4
cbp,4
count,4
productivity,4
attitude,4
framework,4
corporate,4
transfers,4
directly,4
circle,4
regard,4
gotta,4
lucrative,4
compensate,4
brush,4
exact,4
months,4
gen,4
restrained,4
along,4
graduated,4
moh,4
favour,4
express,4
expected,4
die,4
addressed,4
bosses,4
frustrated,4
source,4
superior,4
prejudices,4
sentosa,4
neighbours,4
range,4
speaks,4
poorly,4
billion,4
faith,4
avoid,4
four,4
raised,4
wealth,4
creating,4
reflection,4
lying,4
exchange,4
pretend,4
tens,4
unhappy,4
helped,4
managers,4
differently,4
ball,4
hello,4
privileged,4
travel,4
became,4
confused,4
implying,4
additional,4
onto,4
lmw,4
leveraged,4
contributed,4
services,4
illiterate,4
missed,4
grand,4
brutally,4
gender,4
sad,4
behave,4
transport,4
search,4
picture,4
independent,4
earnings,4
lived,4
students,4
word,4
hmm,4
condos,4
demographic,4
incomes,4
ship,4
attacks,4
boss,4
reject,4
poorer,4
drive,4
interesting,4
liberal,4
scheme,4
necessarily,4
worst,4
failing,4
limit,4
plus,4
nations,4
cares,4
statistic,4
american,4
projects,4
bullshit,4
ten,4
design,4
prices,4
importing,4
enclave,4
figures,4
lighter,4
nonsense,4
statements,4
investments,4
volunteer,4
waste,4
shifting,4
en,4
masse,4
masters,4
risks,4
aspects,4
video,4
barely,4
owners,4
crazy,4
peanuts,4
dissatisfaction,4
younger,4
criteria,4
mps,4
misinformation,4
unions,4
bankers,4
experts,4
include,4
starts,4
options,4
meaningful,4
raising,4
preferential,4
draw,4
deeper,4
extra,4
factor,4
cna,4
unpopular,4
andor,4
intellectually,4
dishonest,4
globally,4
leaves,4
fast,4
match,4
legitimate,4
min,4
persuaded,4
breaks,4
referring,4
spent,4
components,4
agreeing,4
tripartite,4
upfront,4
owes,4
leverage,4
tharman,4
analysis,4
ministers,4
research,4
dumbass,4
richer,4
smes,4
consultants,4
aws,4
qualifor,4
auction,4
recognition,3
flood,3
showing,3
unfettered,3
irritation,3
filipinos,3
center,3
carry,3
beliefs,3
queue,3
retail,3
curry,3
hostility,3
refer,3
dealing,3
cancel,3
outrage,3
afforded,3
manner,3
shop,3
realities,3
anecdote,3
organization,3
chart,3
dress,3
culturally,3
accessible,3
mix,3
refusing,3
mature,3
mainstream,3
koreans,3
ultimately,3
wise,3
reduce,3
shift,3
stance,3
sample,3
mixed,3
spot,3
losers,3
tho,3
rock,3
reactions,3
repeated,3
odd,3
fate,3
authorities,3
dependent,3
approved,3
complains,3
migrants,3
dollars,3
pointing,3
hypocrisy,3
firm,3
decisions,3
regulations,3
fairly,3
week,3
turned,3
manual,3
date,3
disillusionment,3
caused,3
space,3
anger,3
veil,3
prejudging,3
richesteven,3
aboutpeople,3
page,3
incident,3
wearing,3
mask,3
justice,3
posting,3
targetted,3
fuel,3
racecourse,3
mods,3
contest,3
upvotes,3
shitty,3
prefer,3
educational,3
exams,3
coz,3
openings,3
vitriol,3
europeans,3
intelligent,3
enterprising,3
confuse,3
write,3
hearing,3
jokes,3
longest,3
countrymen,3
led,3
greater,3
condone,3
represent,3
conclusion,3
status,3
air,3
somewhere,3
epwp,3
ministry,3
invisible,3
conspire,3
pipes,3
circuit,3
breaker,3
conspiracy,3
theories,3
function,3
surprised,3
collective,3
purposes,3
longterm,3
functions,3
struggle,3
balancing,3
native,3
unique,3
canada,3
australia,3
mentality,3
minds,3
held,3
responsibility,3
casteism,3
versus,3
underestimate,3
interactions,3
confidence,3
walks,3
effort,3
lazy,3
complex,3
norms,3
regarding,3
posted,3
tv,3
mine,3
push,3
lecturer,3
gives,3
wanna,3
heads,3
sia,3
collapse,3
messes,3
contrary,3
respected,3
paragraph,3
ready,3
trait,3
handed,3
employ,3
pie,3
attracting,3
decision,3
hit,3
merit,3
chances,3
ii,3
anxiety,3
lump,3
privilege,3
notion,3
calling,3
asshole,3
application,3
intra,3
japanesekoreans,3
lesser,3
random,3
vietnamese,3
sorts,3
tasks,3
gains,3
terrible,3
confirmation,3
step,3
expressing,3
nevertheless,3
scared,3
marginalised,3
fits,3
z,3
wear,3
cluster,3
ang,3
condemn,3
stands,3
norm,3
walk,3
pays,3
attempting,3
undermine,3
advocate,3
behaviors,3
nephew,3
walked,3
cutting,3
idiot,3
switch,3
wait,3
specify,3
flaws,3
bubble,3
contracts,3
straits,3
elite,3
progress,3
kinda,3
viewpoint,3
metropolitan,3
generalizing,3
reasonably,3
phase,3
altogether,3
millions,3
cherry,3
minorities,3
beating,3
apparently,3
teach,3
benefitted,3
contributions,3
lift,3
accused,3
encounters,3
staying,3
together,3
comparing,3
input,3
applications,3
competency,3
stated,3
emotionally,3
downfall,3
availability,3
ideology,3
accross,3
highest,3
pm,3
book,3
initial,3
biases,3
judging,3
upon,3
sessions,3
films,3
insist,3
hypothetical,3
consideration,3
prime,3
refunited,3
redditor,3
dependents,3
minimal,3
tshirt,3
sensitive,3
korean,3
longer,3
kicked,3
flawed,3
bigger,3
respond,3
feelings,3
smart,3
account,3
dude,3
succeed,3
haha,3
goods,3
reaction,3
halfway,3
looked,3
nearly,3
voice,3
therefore,3
towardspeople,3
ops,3
surely,3
accurate,3
website,3
nowhere,3
order,3
gradually,3
gov,3
missing,3
admitted,3
spending,3
keeping,3
son,3
accusing,3
subsidized,3
solved,3
claims,3
institute,3
talks,3
accepting,3
drivers,3
relationships,3
dig,3
death,3
inability,3
attributed,3
promotions,3
identical,3
hi,3
hot,3
concept,3
crisis,3
umm,3
tool,3
contact,3
showed,3
pre,3
volunteering,3
signalling,3
mate,3
perceptions,3
defined,3
hell,3
appeals,3
la,3
cool,3
appreciate,3
publicly,3
typical,3
mandatory,3
private,3
properties,3
straws,3
members,3
expensive,3
mass,3
practical,3
wtf,3
third,3
reduced,3
rofl,3
alluded,3
guarantee,3
correctly,3
choices,3
colour,3
discriminatory,3
preach,3
humans,3
sane,3
reach,3
tangible,3
earners,3
differentiate,3
tamils,3
broader,3
noses,3
wherever,3
parents,3
schemes,3
super,3
alr,3
consulting,3
daily,3
meanwhile,3
curve,3
snake,3
esp,3
uber,3
expense,3
edited,3
created,3
buying,3
welfare,3
subsidies,3
residents,3
ends,3
interaction,3
invest,3
economics,3
leg,3
ousted,3
miss,3
convinced,3
germany,3
symptom,3
merits,3
myths,3
aggregate,3
reconcile,3
perceive,3
engage,3
potentially,3
arrangement,3
challenges,3
rationale,3
falsehoods,3
releasing,3
populace,3
leading,3
brexit,3
gap,3
exclude,3
discussions,3
ong,3
obfuscate,3
underemployment,3
improving,3
leader,3
provides,3
reverse,3
bonus,3
throw,3
voters,3
thus,3
cold,3
biggest,3
seniors,3
theory,3
irrational,3
problematic,3
provisions,3
heart,3
minor,3
wide,3
governance,3
strengths,3
tea,3
masses,3
wondering,3
flat,3
spectrum,3
sustain,3
promise,3
trading,3
capita,3
effective,3
ridiculous,3
join,3
focusing,3
debating,3
reporting,3
depressing,3
disproportionately,3
calculus,3
vaccines,3
voting,3
logical,3
convincing,3
emotions,3
anyhow,3
raise,3
globalized,3
helps,3
constraints,3
military,3
ideas,3
amount,3
remove,3
proactive,3
silly,3
downvote,3
model,3
category,3
nyc,3
spasses,3
foia,3
twist,3
negotiated,3
deduct,3
depending,3
mark,3
adopted,3
arts,3
relations,3
executives,3
employer,3
fighting,3
sgd,3
bonuses,3
infra,3
rental,3
twice,3
academics,3
papers,3
scenarios,3
manage,3
deserve,3
developers,3
offering,3
depth,3
tons,3
competitors,3
certificates,3
send,3
clients,3
scandinavian,3
west,3
mutual,2
facilitate,2
pore,2
addition,2
freedom,2
professions,2
generous,2
malay,2
contention,2
displacement,2
generations,2
irritated,2
assist,2
females,2
seat,2
complained,2
outright,2
misguided,2
overwhelming,2
loudest,2
rubbish,2
platform,2
widespread,2
appearance,2
referred,2
misconception,2
north,2
vendor,2
whose,2
promises,2
pretending,2
nuisance,2
playground,2
shout,2
unit,2
familiar,2
events,2
fixing,2
displace,2
floodgates,2
antiforeigner,2
origin,2
chennai,2
blend,2
surface,2
irrelevant,2
uni,2
tata,2
light,2
husband,2
staffed,2
delhi,2
successfully,2
supplydemand,2
advanced,2
scapegoat,2
nationalism,2
votes,2
outsource,2
primarily,2
winning,2
selfmade,2
excolleague,2
indianindians,2
thingthat,2
arelaugh,2
celebrate,2
deem,2
medium,2
obtain,2
wellpaying,2
careers,2
tiny,2
saints,2
react,2
steal,2
prospects,2
quiet,2
rsg,2
comfortable,2
presence,2
diversified,2
efforts,2
recruitment,2
epass,2
dropped,2
proportion,2
ignoring,2
feedback,2
thirdly,2
western,2
strict,2
restrict,2
venture,2
ensures,2
lax,2
acknowledge,2
edge,2
exception,2
claimed,2
defect,2
tested,2
sit,2
clowns,2
tension,2
shifted,2
smoking,2
focused,2
conflate,2
secondly,2
destabilize,2
shifts,2
offshoring,2
commenting,2
misdirected,2
fury,2
stir,2
bud,2
pasir,2
ris,2
directed,2
warriors,2
mangosteenlover,2
welcomed,2
confusing,2
tactic,2
packages,2
applaud,2
acted,2
uncles,2
elderly,2
swallow,2
isolated,2
variety,2
corner,2
stall,2
chaat,2
contributing,2
carrot,2
worthwhile,2
touch,2
makeup,2
burning,2
midnight,2
oil,2
tuitions,2
encouraging,2
vice,2
innately,2
moralistic,2
biological,2
traits,2
uniform,2
resort,2
bot,2
midst,2
preference,2
friendly,2
pri,2
reached,2
malays,2
closest,2
moment,2
replies,2
obnoxious,2
grateful,2
racecountry,2
mixing,2
discourse,2
resonated,2
historically,2
visibility,2
paper,2
era,2
conflicts,2
unknown,2
displaced,2
societal,2
pull,2
bear,2
complaint,2
colleague,2
ink,2
pragmatic,2
sink,2
roots,2
hokkien,2
teochew,2
permanently,2
fought,2
poverty,2
forces,2
pathway,2
broken,2
stronger,2
latest,2
series,2
raffles,2
prevalence,2
receiving,2
dismiss,2
mere,2
speculation,2
probability,2
lies,2
priority,2
strike,2
goals,2
govern,2
lockdowns,2
normally,2
fellow,2
vet,2
strange,2
consistent,2
unpleasant,2
loudly,2
exceptionalism,2
previously,2
descent,2
relation,2
highlighted,2
frank,2
impressions,2
screwed,2
russia,2
clashes,2
smokescreen,2
enlighten,2
playing,2
movie,2
appointment,2
remotely,2
wfh,2
pushed,2
manufacturing,2
ngee,2
ann,2
mr,2
tean,2
manipulated,2
antiindian,2
uncomfortable,2
participation,2
participate,2
art,2
reflect,2
yep,2
spade,2
facebook,2
filling,2
introducing,2
tighter,2
branch,2
offices,2
certified,2
comfort,2
hands,2
quietly,2
clamoring,2
seize,2
populism,2
farright,2
challenge,2
immigrant,2
textbook,2
relative,2
ease,2
bar,2
screw,2
isingaporean,2
crap,2
brah,2
frustration,2
crashing,2
citing,2
singled,2
anot,2
quickly,2
sinfaporeans,2
implicit,2
establishment,2
message,2
lo,2
incumbents,2
sufficient,2
pissed,2
multicultural,2
democracies,2
stealers,2
fallen,2
consciousness,2
prevailing,2
prejudiced,2
cheena,2
insult,2
faang,2
silicon,2
valley,2
boost,2
pipeline,2
nusntu,2
attitudes,2
linked,2
discussed,2
wp,2
focuses,2
tired,2
rare,2
deference,2
landlords,2
hdbs,2
aspect,2
clarification,2
century,2
grievances,2
desirable,2
text,2
rant,2
dumpster,2
worrying,2
assumed,2
pattern,2
observe,2
types,2
personalities,2
stroke,2
cards,2
casteist,2
breaking,2
rsingapore,2
cents,2
studying,2
devs,2
recruited,2
condoning,2
approving,2
eradicate,2
ego,2
repeatedly,2
mishap,2
bw,2
forums,2
display,2
eip,2
surprising,2
warehouse,2
spaces,2
sentence,2
powerful,2
woke,2
disruptive,2
pleasant,2
pizzeria,2
flipped,2
tourists,2
teachers,2
polite,2
chinesemalay,2
sweeping,2
ethnicity,2
worlds,2
humble,2
sweet,2
hardworking,2
err,2
generalize,2
shoes,2
avoided,2
assessment,2
encounter,2
targeting,2
ahlian,2
casual,2
legal,2
edmw,2
hotels,2
informing,2
dicks,2
cities,2
seemeet,2
keeps,2
managerial,2
capable,2
fulfilling,2
rat,2
merry,2
prior,2
totally,2
andpeople,2
faster,2
bureaucracy,2
nonsensical,2
picking,2
whataboutism,2
picked,2
suck,2
realize,2
rejected,2
conscription,2
delay,2
taxi,2
wah,2
straight,2
outside,2
generalise,2
worded,2
brings,2
horror,2
populated,2
perform,2
faking,2
erramalli,2
bible,2
heh,2
abundant,2
employee,2
whatsoever,2
golden,2
ticket,2
blanket,2
studied,2
protecting,2
joke,2
wider,2
silent,2
awesome,2
ive,2
cake,2
test,2
ex,2
sheep,2
rep,2
interviews,2
sigh,2
justifies,2
tomorrow,2
crystal,2
nonindians,2
touched,2
moot,2
manifest,2
film,2
equality,2
indo,2
mother,2
male,2
arepeople,2
stat,2
nowadays,2
experiment,2
indiaindians,2
commonly,2
talked,2
sheeps,2
generalized,2
noisy,2
neighbour,2
lobby,2
responded,2
faced,2
irony,2
rank,2
file,2
ladder,2
occurred,2
distract,2
grant,2
importantly,2
ps,2
favor,2
bangladesh,2
dearth,2
invested,2
offers,2
estate,2
selling,2
soon,2
neighborhood,2
planning,2
nah,2
ironically,2
economical,2
material,2
seed,2
behaving,2
bangladeshi,2
earth,2
objections,2
signal,2
appreciated,2
convince,2
lousy,2
connection,2
persuade,2
rotten,2
block,2
resident,2
woah,2
evident,2
disadvantaged,2
stratification,2
indefensible,2
localised,2
apeople,2
resourcepropensity,2
amongstpeople,2
equivalent,2
onwards,2
punjabi,2
nontamil,2
ancestral,2
speaker,2
canto,2
knowing,2
gv,2
glaring,2
ignorance,2
telugu,2
speakers,2
unfairly,2
sacrificed,2
funding,2
cry,2
essentially,2
combat,2
nsmen,2
reliefs,2
enjoying,2
serves,2
discipline,2
boys,2
salty,2
owe,2
fixed,2
normalized,2
existence,2
lumping,2
americal,2
loop,2
marine,2
conduct,2
officers,2
hr,2
besides,2
organisations,2
compromise,2
ratios,2
performing,2
surrounding,2
bay,2
genetically,2
genetics,2
sleep,2
expert,2
instances,2
attacking,2
partnerships,2
paytm,2
amazing,2
modi,2
cash,2
spouse,2
superiors,2
disrespecting,2
flags,2
engaging,2
submit,2
playgrounds,2
renting,2
classes,2
dint,2
concentration,2
older,2
genuine,2
glass,2
certainly,2
imply,2
firstly,2
christian,2
castes,2
receive,2
claiming,2
final,2
quote,2
restrain,2
classist,2
concerned,2
stays,2
doubles,2
ofcourse,2
globalised,2
moral,2
solves,2
decency,2
quoted,2
ages,2
spoken,2
willingly,2
sponsor,2
discriminating,2
oroccam,2
razor,2
stamp,2
duties,2
grasping,2
obligation,2
determine,2
regional,2
graduating,2
exam,2
skewed,2
flock,2
luxury,2
purport,2
household,2
barriers,2
onesided,2
commented,2
proving,2
ups,2
enormous,2
drastically,2
slight,2
girls,2
treats,2
flag,2
harmless,2
replying,2
unwelcome,2
acting,2
kudos,2
enjoyed,2
reasoning,2
squeezing,2
figuratively,2
freeride,2
replaceable,2
disgruntled,2
enclavism,2
mistake,2
averages,2
northen,2
hindus,2
ultra,2
heavy,2
emphasis,2
enmasse,2
aristocratic,2
decently,2
brahmins,2
filthy,2
untouchable,2
guai,2
lan,2
features,2
dravidian,2
aryan,2
genes,2
studies,2
dick,2
lah,2
counting,2
compatriots,2
productive,2
outcomes,2
integrating,2
api,2
painful,2
torn,2
parent,2
detrimental,2
duty,2
interracial,2
risking,2
criticize,2
clarify,2
hurt,2
cycles,2
accounting,2
freely,2
goalpost,2
combinedpeople,2
ancestry,2
prominent,2
typecast,2
nonsingaporean,2
othered,2
bell,2
smoke,2
evil,2
underwhelmed,2
smarter,2
hindu,2
inferior,2
statistical,2
cream,2
unnecessary,2
spark,2
emotion,2
innocent,2
sacrifices,2
poster,2
achieve,2
benefiting,2
nets,2
grants,2
bto,2
creation,2
investigating,2
teaching,2
pen,2
offensive,2
marriott,2
disliked,2
subset,2
extrapolate,2
mend,2
interacting,2
lets,2
snowflake,2
anymore,2
blindly,2
articles,2
motivated,2
platforms,2
sheer,2
network,2
equate,2
acquired,2
waving,2
chest,2
dream,2
budget,2
attached,2
rightwing,2
purpose,2
ill,2
converting,2
needed,2
shoot,2
heaven,2
unwilling,2
singaporeindia,2
tied,2
denmark,2
precarious,2
se,2
lash,2
diagnose,2
underlying,2
divided,2
asymmetry,2
unemployed,2
heated,2
values,2
policymakers,2
puts,2
pushing,2
edged,2
entrenched,2
likewise,2
vetting,2
continuous,2
complete,2
minded,2
quell,2
necessary,2
save,2
unequal,2
fallacy,2
misconceptions,2
hearts,2
nurturing,2
nurture,2
scary,2
pushback,2
benefited,2
enter,2
meetings,2
stopped,2
rationally,2
percentiles,2
inflation,2
benefitting,2
losses,2
nativist,2
hour,2
hsk,2
rice,2
lightning,2
rod,2
quantity,2
stagnation,2
eng,2
hopping,2
complement,2
topics,2
exploitation,2
exploited,2
desired,2
appears,2
direction,2
exploiting,2
relying,2
eu,2
street,2
uninterested,2
noncovid,2
contributory,2
diet,2
unsafe,2
package,2
drones,2
amazon,2
checks,2
debacle,2
lgbts,2
rejection,2
useless,2
levy,2
disturbed,2
coherent,2
placed,2
outcome,2
conveniently,2
tragic,2
protest,2
buzzword,2
confined,2
weaknesses,2
conversely,2
stack,2
distribution,2
pill,2
hungry,2
taiwanese,2
credits,2
reskilling,2
simultaneously,2
outfits,2
lamenting,2
knowhow,2
subsistence,2
loophole,2
sauce,2
capacity,2
fashion,2
latter,2
recruiters,2
annual,2
conservative,2
includes,2
spreading,2
competitiveness,2
prevent,2
dirty,2
credit,2
louis,2
ng,2
patrick,2
tay,2
tafep,2
footing,2
teeth,2
penalties,2
potential,2
europe,2
kinds,2
rallies,2
cognitive,2
corresponding,2
produce,2
zoom,2
explains,2
vaccine,2
incentives,2
policymaker,2
maximise,2
reported,2
winwin,2
metrics,2
health,2
suggestion,2
overly,2
appeal,2
trained,2
summary,2
improved,2
hawker,2
incoming,2
crying,2
drawing,2
bulk,2
formulate,2
blackmail,2
pain,2
stem,2
pro,2
fortunate,2
canard,2
ideal,2
toddler,2
alter,2
define,2
disproven,2
promote,2
marginally,2
dev,2
prosperity,2
falsehood,2
false,2
strength,2
corporations,2
expanded,2
elaborate,2
crazier,2
critics,2
declining,2
flames,2
kept,2
harping,2
quick,2
embodiment,2
shallow,2
skinned,2
massively,2
employs,2
alike,2
reasoned,2
categories,2
suggest,2
meaningless,2
energy,2
tremendous,2
resourcework,2
paperwork,2
interviewed,2
looses,2
seemingly,2
option,2
loose,2
products,2
sued,2
downgraded,2
phd,2
electronic,2
solders,2
pcb,2
hole,2
pcbs,2
freaking,2
legged,2
spiders,2
cnc,2
operator,2
broke,2
cutters,2
programmer,2
peoples,2
copied,2
paste,2
meters,2
telephone,2
wires,2
intermittent,2
obedient,2
responsive,2
missteps,2
fucking,2
complacent,2
measures,2
accountability,2
revenue,2
opt,2
subreddit,2
underpaid,2
earns,2
relatives,2
protectionist,2
disincentives,2
guilty,2
beneficiary,2
winners,2
negotiation,2
reducing,2
progressive,2
advocating,2
philosophy,2
beneficiaries,2
southeast,2
manhattan,2
rentals,2
title,2
insert,2
controversial,2
invasive,2
privacy,2
differ,2
induce,2
coffees,2
sold,2
breakdowns,2
pioneer,2
analyst,2
passing,2
scores,2
vaccination,2
chose,2
mooted,2
nonetheless,2
dnt,2
foodpandagrab,2
profitability,2
science,2
naresh,2
scale,2
tree,2
technically,2
commentaries,2
clip,2
sm,2
secs,2
researchers,2
spp,2
invariably,2
stakeholders,2
rightly,2
conceded,2
outset,2
revolving,2
paternalistic,2
banker,2
sadly,2
forestall,2
spread,2
informed,2
electorate,2
secret,2
double,2
pa,2
translates,2
excluding,2
decrease,2
conditions,2
corruption,2
etcif,2
n,2
condescension,2
insights,2
yorkers,2
kl,2
lucky,2
memoirs,2
lawrence,2
wong,2
rl,2
published,2
interpretate,2
para,2
chapter,2
sources,2
digress,2
dumbasses,2
develop,2
democratic,2
faulty,2
lee,2
kuan,2
yew,2
rah,2
bs,2
lacks,2
breath,2
proposals,2
drain,2
designing,2
willingness,2
socioeconomic,2
dog,2
corrupt,2
setup,2
popping,2
adapt,2
swes,2
exit,2
swe,2
resume,2
modest,2
vulnerable,2
ensuring,2
models,2
blah,2
clean,2
thailand,2
scrum,2
freshy,2
exploit,2
attributes,2
backs,2
proposed,2
port,2
shrewd,2
product,2
brands,2
understood,2
flooded,1
icts,1
length,1
vying,1
universe,1
laughing,1
stock,1
ancestor,1
stores,1
geniuses,1
wolfgang,1
receptionists,1
tables,1
specialised,1
sincere,1
rallied,1
stuffs,1
benefitual,1
hesitate,1
sprout,1
accents,1
prcs,1
contrast,1
frustrating,1
deliver,1
jump,1
menu,1
hitting,1
injured,1
pigeon,1
uncle,1
bought,1
established,1
potholes,1
hoohah,1
bangla,1
protection,1
uneven,1
liability,1
expenses,1
r,1
alibaba,1
lazada,1
tiktok,1
fews,1
entered,1
shocked,1
managementmiddle,1
recall,1
wrap,1
apac,1
consisted,1
qualify,1
shed,1
bc,1
propensity,1
takers,1
diverse,1
religions,1
upbringing,1
kerala,1
dire,1
drastic,1
spout,1
selfreflect,1
internalised,1
leaking,1
appearing,1
alway,1
trolls,1
deviate,1
ica,1
tighten,1
sluggish,1
deflated,1
gens,1
fdi,1
hqs,1
accelerated,1
politically,1
gridlock,1
prompt,1
antiglobalization,1
antiimmigrant,1
antitrade,1
destruction,1
wars,1
refreshing,1
echo,1
chamber,1
lifeno,1
stressful,1
misbehaviour,1
redditfacebookyoutube,1
bare,1
highpaying,1
barrage,1
vitriolic,1
vent,1
shield,1
hiding,1
usual,1
sgporeans,1
stagnate,1
rot,1
foreignersindiansgovernmentpaptheir,1
teacheranything,1
sun,1
prioritise,1
foremost,1
traitor,1
betraying,1
citizensthe,1
nationalitycitizenship,1
plane,1
happenbefore,1
conspicuous,1
bound,1
stupidonly,1
lowpaying,1
petsonal,1
unnoticed,1
segments,1
industrysector,1
recruiting,1
outcry,1
diversify,1
raw,1
ed,1
fleeing,1
slots,1
sucessful,1
shrunk,1
combine,1
dear,1
steamrolls,1
advancement,1
aggrieved,1
report,1
aerospace,1
imbalance,1
recently,1
joint,1
restriction,1
admin,1
pacts,1
signed,1
compensated,1
somone,1
java,1
teacher,1
null,1
pointer,1
debug,1
supervisor,1
bug,1
tester,1
deployed,1
migrating,1
connotations,1
forefront,1
constructionmaritime,1
cute,1
watching,1
permits,1
forgetful,1
fickleminded,1
minute,1
loudpeople,1
queueing,1
mala,1
tuition,1
recognizes,1
effectiveness,1
incumbent,1
signficant,1
numbersome,1
overlapping,1
governmentgo,1
homogeneousethnically,1
nordic,1
violent,1
vein,1
governmentlikes,1
glorifor,1
noted,1
misunderstandings,1
nipped,1
governmentreleased,1
condensed,1
labelled,1
remembered,1
scolding,1
played,1
revert,1
united,1
kingdom,1
din,1
fell,1
deaf,1
ears,1
struck,1
newcomers,1
selfcentred,1
nationslities,1
pinoys,1
lavish,1
event,1
simmering,1
unease,1
disrespect,1
trishaw,1
culprits,1
nri,1
walking,1
sells,1
keyboard,1
downvotes,1
dangle,1
enabled,1
deficiency,1
flourish,1
pride,1
finish,1
homework,1
prepare,1
aspire,1
ample,1
aint,1
mayor,1
governors,1
scrolling,1
suspicious,1
af,1
scientific,1
traitsif,1
lens,1
veiled,1
culturalists,1
calm,1
endemic,1
childhood,1
fw,1
tensions,1
causing,1
rift,1
foreignersexpats,1
attended,1
changed,1
experiencesfun,1
alongside,1
taught,1
propagated,1
egos,1
disgusting,1
pricks,1
disgusted,1
grounded,1
assimilate,1
hurting,1
harsh,1
remarksstereotypes,1
generalisations,1
dividetensions,1
peace,1
readers,1
punching,1
bag,1
seeped,1
conscience,1
conscious,1
subconscious,1
lowpaid,1
discomforts,1
dissenters,1
hangover,1
displeasure,1
epspasses,1
readily,1
tightening,1
unlimited,1
replicated,1
forms,1
birthcomfort,1
laborious,1
cushy,1
complaints,1
closed,1
floodgate,1
there,1
downvery,1
tilt,1
spotlight,1
spilled,1
assimilating,1
james,1
dyson,1
ostensibly,1
specialize,1
pinoy,1
middleback,1
cornering,1
sporean,1
cast,1
aspersions,1
riots,1
rulers,1
greatgrandparents,1
decolonization,1
sensitivities,1
bumis,1
postindependence,1
encompass,1
unleashed,1
rebuilt,1
undeniably,1
dna,1
adopt,1
zealand,1
funded,1
taxpayers,1
solidarity,1
designed,1
shoulder,1
panned,1
unto,1
stretching,1
recurring,1
rhymes,1
immensely,1
collected,1
barbaric,1
exaggerate,1
objectives,1
obtained,1
preserving,1
threats,1
nationalitynational,1
identitynationalism,1
crux,1
constructive,1
presently,1
prioritises,1
threatens,1
tweaked,1
conflict,1
dirtying,1
continues,1
cultures,1
backgrounds,1
polarised,1
societies,1
experiencing,1
polarisation,1
sincerely,1
eventual,1
loosening,1
rampant,1
owngovernmentagency,1
imda,1
immune,1
mba,1
arrogance,1
library,1
antimalaysian,1
antiprc,1
breeds,1
pose,1
forgive,1
nuances,1
dispute,1
lhl,1
captured,1
rally,1
egalitarian,1
militant,1
substitute,1
withpeople,1
mexico,1
adhere,1
nicer,1
fosters,1
cinema,1
skew,1
five,1
yeas,1
theatres,1
cable,1
viewing,1
vendors,1
contacts,1
rarity,1
highend,1
passionate,1
heartwarming,1
dave,1
parkash,1
cherrypick,1
illustrate,1
yall,1
weird,1
worries,1
passport,1
scape,1
goat,1
uscanada,1
punished,1
naming,1
sorted,1
nail,1
retort,1
thrown,1
lorries,1
tcs,1
infosys,1
bytedance,1
shopee,1
caucasuan,1
mufg,1
vain,1
validated,1
ventures,1
conjecture,1
zone,1
experienceindians,1
evolved,1
silver,1
fork,1
spoon,1
plays,1
smu,1
warrant,1
special,1
grind,1
til,1
cramped,1
sardines,1
escape,1
ethics,1
london,1
dividing,1
slower,1
singstats,1
armchair,1
economist,1
opine,1
equilibrium,1
ultimate,1
jobseekers,1
opportunists,1
excompany,1
conclude,1
disastrous,1
lowbar,1
notsogood,1
landed,1
duds,1
programmers,1
offshore,1
element,1
verbal,1
physical,1
assault,1
gang,1
editing,1
materializes,1
sorely,1
odour,1
stench,1
pathological,1
liars,1
acclimatized,1
overlords,1
fws,1
eons,1
fella,1
bust,1
workong,1
resonates,1
comms,1
topdown,1
distrust,1
yah,1
homogeneous,1
ladies,1
tandem,1
ofpeople,1
butpeople,1
bore,1
brunt,1
practically,1
samepeople,1
majoritarianism,1
foreignorigin,1
chinesecaucasian,1
concentrations,1
chinesecaucasians,1
distinct,1
werepeople,1
gamedev,1
impressed,1
wizard,1
fantastic,1
conventional,1
diplomas,1
misleading,1
naturalised,1
marrying,1
banning,1
naturalisation,1
marriage,1
prohibited,1
maintained,1
route,1
sensible,1
opaqueness,1
trope,1
instance,1
extended,1
frankly,1
disdainful,1
filipino,1
beacon,1
practise,1
tenants,1
deciding,1
playbook,1
manpowerdesire,1
mindful,1
leveraging,1
insistence,1
sufficiently,1
biasness,1
wall,1
rd,1
thankfully,1
everyday,1
renewal,1
revoked,1
retainingtaking,1
progovtgovt,1
awarded,1
award,1
trusted,1
lurk,1
broadbrushed,1
nric,1
abide,1
ktv,1
abiding,1
stringent,1
traditionally,1
stforum,1
rindia,1
rdankmemes,1
karma,1
conversations,1
seperates,1
communities,1
gaps,1
student,1
localuniversitydoes,1
chow,1
yun,1
fatt,1
moderation,1
par,1
surprisingly,1
blew,1
assholes,1
upvote,1
stink,1
seeded,1
sustained,1
sunk,1
chauvanism,1
experiance,1
agencies,1
thereafter,1
workspaces,1
devil,1
curated,1
artifical,1
nationhood,1
successive,1
waves,1
proportions,1
remnant,1
colonisation,1
apologise,1
meeting,1
manyao,1
blasting,1
ahbengsahlians,1
escooters,1
chinesemalays,1
tar,1
loudannoying,1
adults,1
watched,1
moneyed,1
belonging,1
painted,1
monolith,1
exhibit,1
customs,1
faiths,1
generalising,1
inadvisable,1
assure,1
dang,1
introvert,1
hermit,1
nonracism,1
resist,1
battling,1
peacefully,1
belong,1
roving,1
ahbeng,1
ethnocentrism,1
blinds,1
remark,1
chinesechuvanist,1
wouldifferent,1
attitudeseven,1
handing,1
ammunition,1
hahahhahaha,1
opaque,1
calibrated,1
fuckers,1
cb,1
letters,1
percent,1
numerous,1
damn,1
servers,1
stayed,1
borderline,1
circumstances,1
stil,1
cared,1
singlish,1
folk,1
shocks,1
flaunt,1
connections,1
ethnicities,1
advisable,1
gtfo,1
preindepence,1
telegu,1
tollywood,1
bollywood,1
spitballing,1
differentnot,1
openly,1
residence,1
hollowed,1
rebuild,1
contend,1
averse,1
biotech,1
subjected,1
throwing,1
issuee,1
fare,1
improvement,1
cited,1
named,1
sexism,1
ageism,1
bubbles,1
lackluster,1
repays,1
visually,1
names,1
ferrari,1
feelsbad,1
modern,1
heed,1
downstairs,1
waiting,1
cctv,1
unlucky,1
wrongly,1
japanesechinese,1
catch,1
hatred,1
recruits,1
perms,1
ocbecause,1
uob,1
mistreating,1
subordinates,1
wherewithal,1
accepted,1
automotive,1
scripts,1
weak,1
genius,1
preferring,1
codes,1
solving,1
internship,1
sponsorships,1
underutilised,1
bachelors,1
girl,1
rjc,1
ucla,1
gpa,1
indiaindian,1
bahrain,1
kuwait,1
oman,1
qatar,1
saudi,1
arabia,1
augilla,1
cayman,1
islands,1
isle,1
andorra,1
monaco,1
luxembourg,1
liechtenstein,1
yknow,1
praise,1
anime,1
respectable,1
nris,1
apparent,1
outlier,1
mumbai,1
nd,1
frequently,1
betting,1
sweatshop,1
consultancies,1
anybody,1
bitched,1
andhuman,1
resourceare,1
books,1
content,1
closely,1
discern,1
additonal,1
baffling,1
tests,1
inevitably,1
mentally,1
dead,1
shaped,1
weigh,1
update,1
hits,1
trawling,1
shitting,1
mistaking,1
thais,1
gaslighted,1
harps,1
triumphantly,1
socioecononic,1
nowpeople,1
eyes,1
surgery,1
lesspeople,1
expatspeople,1
countried,1
reflecting,1
jokingly,1
pok,1
helicopter,1
epithets,1
flung,1
reflected,1
evidences,1
hack,1
americals,1
troll,1
institutes,1
rung,1
dysfunctional,1
goto,1
booming,1
civilized,1
nucleus,1
codecending,1
spoil,1
permitted,1
knocking,1
bounce,1
basketball,1
recce,1
shrieking,1
rascals,1
roam,1
gauge,1
singapreans,1
separately,1
inferiority,1
livelihood,1
math,1
climb,1
didhas,1
predicting,1
psyche,1
reader,1
accunited,1
americations,1
motion,1
blown,1
outofproportion,1
export,1
groomimg,1
groomed,1
affinity,1
plugged,1
tag,1
goo,1
savings,1
maintain,1
mrt,1
wendy,1
wu,1
mao,1
entity,1
manipulate,1
tarred,1
shill,1
received,1
fulltime,1
instant,1
derailer,1
offnot,1
consensus,1
bullyingracism,1
riacs,1
bullying,1
becos,1
molly,1
coddled,1
lull,1
subservient,1
passive,1
cheating,1
credentials,1
brainwashed,1
pwn,1
baby,1
sees,1
eh,1
cookout,1
isia,1
edmwers,1
bullied,1
bully,1
strata,1
chase,1
rivals,1
dirt,1
empathy,1
tolerance,1
wayside,1
pursuit,1
isuccess,1
transient,1
sows,1
determined,1
facepalm,1
caucasianschinese,1
preaching,1
tide,1
interconnected,1
coexistence,1
rapid,1
inevitable,1
vivian,1
positively,1
sterotyping,1
exiting,1
bloody,1
bang,1
unexpected,1
strangers,1
doors,1
posh,1
feature,1
resorted,1
elicit,1
meets,1
suppose,1
ghosted,1
yp,1
paikia,1
beng,1
bitchy,1
gf,1
zoomed,1
escooter,1
collided,1
fewpeople,1
dogpiled,1
virtuous,1
ruin,1
mongolians,1
foster,1
default,1
occasions,1
considerately,1
remarked,1
sight,1
maids,1
lest,1
abuse,1
links,1
dorms,1
fdws,1
glaringly,1
holier,1
thou,1
exhibited,1
entitles,1
morally,1
doubly,1
unpalatabledistasteful,1
divides,1
desensitized,1
materialism,1
cars,1
indianhuman,1
untrue,1
mbfc,1
accountants,1
granting,1
searching,1
holder,1
hotheaded,1
linguistic,1
malayalam,1
bengali,1
dominant,1
rough,1
descending,1
founded,1
colony,1
mildly,1
variations,1
divisions,1
homeland,1
omits,1
kishore,1
mahbubani,1
subhas,1
anandan,1
hri,1
kumar,1
nair,1
inderjit,1
sivakant,1
tiwari,1
davinder,1
famous,1
nontamilspeaking,1
paint,1
arabic,1
javanese,1
mandarin,1
shaw,1
tower,1
wound,1
swooped,1
screenings,1
kollywood,1
paucity,1
reaching,1
sore,1
retirement,1
nest,1
egg,1
compensation,1
freeriders,1
abusing,1
traffic,1
cycling,1
roads,1
masks,1
dearly,1
shiong,1
nsf,1
sporeans,1
taxing,1
armed,1
whining,1
cheapens,1
soldier,1
friendships,1
repay,1
pile,1
checkmate,1
pictures,1
showering,1
perverts,1
havent,1
malaysianspeople,1
sudden,1
enclaves,1
cab,1
howpeople,1
unis,1
chinamens,1
mingle,1
gesture,1
denied,1
hurtful,1
frivolous,1
autonomously,1
governed,1
regions,1
artist,1
nonesential,1
wooosh,1
goddamn,1
somepeople,1
proves,1
indicates,1
partake,1
pastime,1
welloff,1
aunties,1
antift,1
rants,1
keyword,1
anchored,1
waters,1
inspections,1
manned,1
pleasure,1
indiantamils,1
courteous,1
cooperative,1
wished,1
following,1
hindispeaking,1
dealings,1
proved,1
boarded,1
northernhindispeaking,1
imagined,1
secondaryschool,1
alumni,1
everytime,1
reputed,1
volition,1
observations,1
facial,1
appearances,1
dressing,1
style,1
mannerisms,1
liable,1
disputed,1
victims,1
user,1
sf,1
startups,1
pause,1
representatives,1
aggressive,1
smelled,1
ritesh,1
agarwal,1
monetary,1
bolded,1
subject,1
sole,1
hehe,1
ridiculously,1
submission,1
removed,1
amp,1
url,1
indirect,1
amputatorbotcom,1
performed,1
moderators,1
subredditmessagecomposetorsingapore,1
spare,1
anin,1
opinionsity,1
buthow,1
barging,1
estates,1
spitting,1
floor,1
precovid,1
idiosyncrasies,1
brother,1
entitlement,1
philipino,1
westerner,1
selective,1
ethical,1
sting,1
fool,1
throws,1
stone,1
ibs,1
yuan,1
alumnus,1
scammed,1
skip,1
mah,1
lonely,1
safvc,1
vsc,1
formed,1
centuries,1
hinduism,1
hindumuslimsikhjainbuddhist,1
crime,1
preamble,1
constitution,1
affirmative,1
reservation,1
institutions,1
scheduled,1
tribes,1
practiced,1
rural,1
orthodox,1
independenceyou,1
cynical,1
tells,1
voicing,1
awfully,1
handle,1
preconceived,1
inbuilt,1
creeps,1
racereligionsexage,1
defines,1
religious,1
cognitively,1
molded,1
habits,1
chemical,1
socially,1
coded,1
color,1
petty,1
leap,1
fathom,1
choke,1
solvable,1
crass,1
whiteknight,1
jihad,1
tit,1
tat,1
ending,1
witchhunt,1
factions,1
infact,1
offo,1
baik,1
broo,1
exclusive,1
liddat,1
subdue,1
restraint,1
othersbe,1
ideally,1
plant,1
seeds,1
subtle,1
trigger,1
ironic,1
differentiating,1
characteristic,1
dr,1
tan,1
leng,1
weaponised,1
vasantham,1
hint,1
bold,1
appropriately,1
afaik,1
cmiiw,1
differing,1
goodies,1
tight,1
slap,1
insists,1
nadu,1
execs,1
converted,1
pervert,1
orientation,1
camp,1
supervision,1
additionally,1
summarize,1
conclusionit,1
imy,1
tips,1
sponsorship,1
endowed,1
desert,1
mallinternet,1
speed,1
wonderful,1
freeriding,1
pages,1
skool,1
crayon,1
classification,1
cognisant,1
weighted,1
disprove,1
decreased,1
purchasing,1
parity,1
namesfeatures,1
scb,1
damned,1
subpar,1
objectively,1
nationalists,1
territory,1
friendlier,1
ice,1
cooperate,1
lookpeople,1
glance,1
pinpoint,1
tryna,1
sums,1
intergral,1
narrow,1
dodging,1
forum,1
circlejerk,1
qualms,1
drift,1
unicorns,1
muscling,1
diverted,1
palpable,1
hmmm,1
japanesekorean,1
girlsp,1
glaces,1
netizen,1
patriotism,1
inflammatory,1
wholeheartedly,1
observed,1
drives,1
mum,1
tolerate,1
screaming,1
neighbourhood,1
acs,1
sap,1
raceskin,1
warrior,1
legalillegal,1
treating,1
bruh,1
abang,1
yup,1
dislikepeople,1
houses,1
jurong,1
clusters,1
sermons,1
nonmalayalee,1
longstanding,1
malaya,1
jumabhoy,1
clan,1
gujaratis,1
pillars,1
accelerate,1
attend,1
hates,1
cherish,1
attack,1
overtime,1
weekends,1
fiends,1
waits,1
approve,1
hoops,1
rejecting,1
suitable,1
nonchinese,1
inadvertent,1
de,1
facto,1
ardent,1
defenders,1
pulls,1
sec,1
bcos,1
whilst,1
lasting,1
delete,1
inspectionssurveys,1
conforms,1
colourfeatures,1
aka,1
birthplace,1
member,1
undertones,1
spouting,1
replied,1
apologised,1
blow,1
intended,1
cap,1
divergent,1
partnered,1
owner,1
ununited,1
americable,1
unacceptable,1
bond,1
discomfort,1
localborn,1
shopping,1
michelin,1
machiya,1
unedited,1
representations,1
glorified,1
ronny,1
conquered,1
overboard,1
shouting,1
disturbance,1
scold,1
acceptable,1
parttime,1
saf,1
readup,1
safspf,1
websites,1
helping,1
needyless,1
profiling,1
mentioning,1
unbelievably,1
deluded,1
racenationality,1
continued,1
ahbengs,1
pushy,1
negatively,1
athlete,1
mollycoddled,1
catered,1
removing,1
signing,1
mandated,1
pray,1
ipptrt,1
reputation,1
clue,1
kindly,1
foresight,1
businessaccounting,1
stfu,1
excuses,1
msian,1
causeway,1
workschool,1
buddy,1
yearn,1
green,1
crayons,1
convert,1
perm,1
sick,1
beijing,1
ntu,1
localuniversityfor,1
prestigious,1
attacked,1
chinesepeople,1
muslims,1
blacks,1
inciting,1
distinguishable,1
cheering,1
corporates,1
questionchallenge,1
flux,1
vcs,1
dotcom,1
muslim,1
goan,1
maharastian,1
parsis,1
nouveau,1
hazy,1
feeble,1
abolished,1
jail,1
simplyu,1
superiorty,1
superiorityindians,1
thesis,1
labeling,1
agaisnt,1
organically,1
c,1
fractions,1
heat,1
behaved,1
e,1
amend,1
fabric,1
gall,1
hosting,1
shameless,1
quicker,1
retire,1
bow,1
shorter,1
genetic,1
exemption,1
qualifier,1
output,1
inputs,1
stopping,1
freeloaders,1
seemed,1
youth,1
wasted,1
firstclass,1
nobrainer,1
reservations,1
passports,1
cohesion,1
numbnut,1
whims,1
fancies,1
ride,1
sooner,1
wishes,1
slur,1
kicking,1
suspended,1
bahru,1
letter,1
banner,1
filmed,1
disrupting,1
prayers,1
stern,1
warning,1
beach,1
unthinking,1
execute,1
fubar,1
assigned,1
nope,1
diametrically,1
traditional,1
operators,1
ihg,1
steadily,1
portfolio,1
pitches,1
hotelier,1
driver,1
stunting,1
outlook,1
hospitality,1
midtier,1
profitable,1
criticized,1
hung,1
ideologies,1
corps,1
keen,1
meanstested,1
devoting,1
negating,1
banned,1
racially,1
sided,1
mercenaries,1
oyos,1
grave,1
weeks,1
generalised,1
appreciation,1
mothersister,1
desolate,1
thriving,1
hub,1
opening,1
crypto,1
registered,1
azure,1
ms,1
billions,1
zenimax,1
inhaling,1
copium,1
stunts,1
isuperpower,1
truthhong,1
nationalismhotel,1
rooms,1
entrant,1
captures,1
revenues,1
chains,1
madly,1
remeber,1
fertility,1
intent,1
visit,1
subs,1
active,1
winger,1
intrusion,1
yo,1
minors,1
bmt,1
shot,1
alas,1
adapting,1
foolish,1
mediocrity,1
helpfully,1
hooked,1
globalregional,1
pressureheat,1
precarity,1
antiglobalisation,1
manifesting,1
neonazi,1
parades,1
protests,1
fixating,1
mild,1
annoyed,1
rooted,1
inequity,1
latch,1
binds,1
detracted,1
branding,1
inkling,1
typically,1
downsides,1
diffuse,1
drawbacks,1
immediate,1
rational,1
perspectives,1
irreconcilable,1
dialogue,1
pros,1
cons,1
neoliberalism,1
disadvantage,1
sow,1
discord,1
communityby,1
bigotryand,1
iota,1
cascading,1
advantages,1
concentrated,1
handwave,1
motherhood,1
tom,1
harry,1
qc,1
vital,1
managing,1
straining,1
faces,1
overarching,1
harbinger,1
stemming,1
disenfranchisement,1
sittings,1
informations,1
prevented,1
patronising,1
deeply,1
requested,1
criticisms,1
regain,1
domain,1
arguement,1
fester,1
truthfully,1
strays,1
neglect,1
unavailability,1
inefficiency,1
halfhearted,1
effortspolicies,1
measuressymptoms,1
mitigateexplain,1
aftermath,1
shortsightedness,1
unwillingness,1
zealousness,1
misguide,1
workforcejapan,1
counterexample,1
functioning,1
morenurturing,1
manifestations,1
fruits,1
indignant,1
failings,1
hanker,1
curbs,1
freedoms,1
underpin,1
wouldiversity,1
fulfill,1
taichi,1
conversing,1
programming,1
capability,1
analysissupport,1
yk,1
seats,1
headline,1
acknowledges,1
impt,1
pitching,1
treaties,1
wand,1
evaluate,1
prepandemic,1
hovered,1
exceptional,1
suppress,1
brackets,1
beaten,1
improbable,1
discourage,1
structurally,1
publishing,1
trueblue,1
publishes,1
sob,1
bogeymen,1
playbooks,1
johnson,1
le,1
gullible,1
gfc,1
catalyst,1
flavoured,1
bogeyman,1
veers,1
ala,1
guytried,1
loudz,1
preferences,1
chicken,1
pepega,1
thief,1
partcipants,1
charged,1
secure,1
shrinking,1
crowded,1
desire,1
depressed,1
witness,1
connected,1
freshuniversitygrads,1
freshuniversitygrad,1
foruniversitygrads,1
sites,1
familiarity,1
grade,1
joined,1
depts,1
bonding,1
activities,1
cip,1
retired,1
shores,1
hiringpreferential,1
chartered,1
disproportional,1
temasek,1
difficultless,1
neoliberal,1
equitable,1
speck,1
hood,1
lte,1
sizeable,1
headed,1
coys,1
dependencewhile,1
membership,1
catastrophe,1
stupidracist,1
bleak,1
teetering,1
governing,1
humanity,1
defective,1
threatened,1
fiasco,1
lording,1
robo,1
settled,1
racistpolitical,1
meal,1
uses,1
exaggerated,1
cv,1
govnt,1
intentionally,1
intracompany,1
unregulated,1
impose,1
disabling,1
inbox,1
responses,1
lambast,1
cobble,1
cling,1
cries,1
goalposts,1
accuse,1
gaslighting,1
mired,1
pedantry,1
disappointed,1
disjunction,1
concoct,1
injustice,1
mouth,1
complicity,1
quit,1
ounce,1
pains,1
ounces,1
tout,1
ills,1
semblance,1
roughly,1
concluded,1
presidency,1
flirted,1
antiintellectual,1
sticking,1
hikikomoriism,1
,1
boundaries,1
phenomena,1
dissimilar,1
thrive,1
maximised,1
minimised,1
sobering,1
disheartening,1
compassion,1
thoroughly,1
bitter,1
casing,1
mental,1
doomed,1
horrible,1
blessed,1
inwith,1
anecdotally,1
entrepreneurs,1
taiwan,1
marketed,1
hunger,1
thirst,1
units,1
skillsfuture,1
networking,1
figure,1
niches,1
brewed,1
struggles,1
mortgage,1
phobia,1
economies,1
hikikomoris,1
indication,1
macro,1
alright,1
eke,1
resign,1
figuring,1
furthermore,1
chasing,1
fanciest,1
car,1
glamourous,1
dine,1
michelinstar,1
queen,1
astrid,1
strive,1
apocalyptic,1
player,1
method,1
predict,1
schrodingers,1
spoiling,1
itt,1
constitutes,1
nishauptron,1
witch,1
contracting,1
boat,1
subcontract,1
importance,1
amounts,1
flaired,1
flair,1
messed,1
fairness,1
establishing,1
thorough,1
verifor,1
mills,1
lauded,1
efficiency,1
pitfalls,1
shortchanged,1
runs,1
red,1
badgered,1
weekly,1
haves,1
nots,1
episode,1
banter,1
doubts,1
imcumbents,1
balances,1
epes,1
reference,1
nonimmigrant,1
workersprofessions,1
minuscule,1
hubs,1
seattle,1
austin,1
estimate,1
chicago,1
florida,1
qualcomm,1
san,1
diego,1
issued,1
blinded,1
daniel,1
youtube,1
livestream,1
macroeconimically,1
production,1
seeks,1
cheapest,1
domestically,1
protections,1
loopholes,1
regionally,1
appointed,1
ceo,1
john,1
olds,1
began,1
backoffice,1
layers,1
vacated,1
warm,1
sent,1
weaning,1
interventions,1
statutory,1
imposing,1
stiffer,1
respectively,1
fringe,1
ethnonationalist,1
suggested,1
continually,1
repeating,1
dissonance,1
happily,1
spite,1
resent,1
commensurate,1
richupper,1
angle,1
pejorative,1
wade,1
mire,1
aljunied,1
bout,1
unfairness,1
ye,1
kung,1
micro,1
tradeoff,1
denial,1
escaped,1
impacts,1
utterly,1
boris,1
similarly,1
pandering,1
calculation,1
remain,1
relating,1
unwelcoming,1
environments,1
intervene,1
senseless,1
unaddressed,1
misdiagnosing,1
workplaces,1
tradeoffs,1
argueing,1
lockdown,1
saves,1
disregarding,1
fracas,1
grandstanding,1
ulterior,1
motives,1
request,1
converse,1
skeletons,1
closet,1
forthrightly,1
coy,1
careful,1
oversharing,1
undershares,1
leads,1
speculations,1
void,1
f,1
brown,1
unlikely,1
tldw,1
upvoters,1
anonymous,1
stranger,1
sounding,1
appealled,1
taxation,1
confiscate,1
counters,1
fmcg,1
dialects,1
roadblock,1
lunchbox,1
prepared,1
seldom,1
centers,1
myselfwhen,1
informally,1
socialise,1
admire,1
introverted,1
personality,1
quitted,1
debated,1
learnt,1
experiencesconversation,1
stress,1
robust,1
alienating,1
clearlymore,1
hiringwork,1
cave,1
faculties,1
phasing,1
vocations,1
retailers,1
helpers,1
wpforeigners,1
effectively,1
vicious,1
dependant,1
essential,1
groundmaybe,1
mapletree,1
teochewmother,1
boy,1
porridge,1
dun,1
mummy,1
favoring,1
steals,1
lesson,1
irritates,1
toxic,1
combination,1
bomb,1
cues,1
partners,1
defending,1
incompetence,1
describe,1
enablers,1
marketing,1
suspect,1
director,1
provision,1
correlation,1
amplify,1
contingent,1
scream,1
relate,1
lgbt,1
shockingly,1
thorn,1
anus,1
comprehend,1
levies,1
greatly,1
teams,1
campuses,1
byeee,1
chad,1
powers,1
worldwide,1
bend,1
legalise,1
euthanasia,1
pithy,1
morals,1
precious,1
hugely,1
tissue,1
sellers,1
cardboard,1
collectors,1
disturbingly,1
bothered,1
dignity,1
injection,1
akan,1
datang,1
tirade,1
bravo,1
virtual,1
claps,1
thereby,1
pricing,1
contradictions,1
myth,1
dictate,1
complainers,1
organizations,1
organize,1
internationally,1
bargain,1
collectively,1
screwing,1
saktiandi,1
lam,1
pin,1
pmd,1
ban,1
poison,1
reap,1
id,1
dial,1
taxessuffer,1
shitloads,1
owns,1
hamster,1
cage,1
couples,1
capture,1
beginning,1
representative,1
applicable,1
constant,1
birth,1
passed,1
promotion,1
squeeze,1
overcrowded,1
trains,1
prone,1
delays,1
delayed,1
fanned,1
retrenchment,1
continuing,1
shanmugam,1
refused,1
skeptics,1
cynics,1
forthcoming,1
abtpeople,1
lao,1
siao,1
bo,1
connote,1
gloss,1
crazily,1
destroy,1
located,1
kiasi,1
belittling,1
basing,1
datadriven,1
inform,1
interpreted,1
injure,1
nsfs,1
dckstroking,1
session,1
contribution,1
vilified,1
appear,1
unrelated,1
knowingly,1
fanning,1
inuniversityother,1
courses,1
medicine,1
gravitating,1
disciplines,1
meta,1
popcorn,1
disillusioned,1
males,1
outlet,1
edgy,1
echochamber,1
log,1
awhile,1
feed,1
negativity,1
fulfilled,1
incel,1
stonks,1
plz,1
rapeopen,1
legs,1
analogies,1
trafficking,1
ofhuman,1
stalling,1
undermining,1
moon,1
riders,1
smh,1
thegovernmentacting,1
blindsided,1
tamer,1
criticise,1
airing,1
linen,1
acknowledging,1
expedient,1
practising,1
openleg,1
broadcasted,1
ehh,1
grouse,1
fucks,1
segregating,1
travelers,1
lackadaisical,1
quarantine,1
procedures,1
profile,1
rumors,1
delta,1
variant,1
transmissible,1
extreme,1
countermeasures,1
blatant,1
fuckups,1
shouldnt,1
unable,1
demographics,1
overrepresented,1
dismissed,1
fueled,1
irelandasataxhaven,1
faq,1
github,1
summer,1
pet,1
piyush,1
gupta,1
overpaid,1
phenomenon,1
eludes,1
complicated,1
body,1
pursuing,1
nmc,1
perks,1
technological,1
trickle,1
antiglobalist,1
arrangements,1
violate,1
penalised,1
insiders,1
announced,1
worksites,1
respecting,1
distancing,1
externalities,1
misperception,1
augmented,1
conceding,1
quelled,1
misperceptions,1
communicated,1
explained,1
disproportionate,1
cosmopolitan,1
middleclass,1
oldmoney,1
blows,1
expatriate,1
murky,1
technician,1
acutely,1
exerts,1
downward,1
pressure,1
restrictive,1
shrink,1
legion,1
pleased,1
department,1
blind,1
jersey,1
philadelphia,1
mornings,1
evenings,1
minutes,1
connecticut,1
nearby,1
comparable,1
intention,1
harmful,1
mte,1
inventor,1
measuring,1
wellbeing,1
appease,1
silence,1
rallying,1
egged,1
riot,1
vague,1
revealing,1
composition,1
approximated,1
healthy,1
fallacies,1
aisle,1
version,1
dying,1
thee,1
enacted,1
beg,1
ragebaits,1
truths,1
twisted,1
jury,1
liken,1
colors,1
stable,1
prerequisite,1
illogically,1
hardship,1
gig,1
boils,1
gasp,1
cmi,1
blacklisted,1
crowd,1
cater,1
inhouse,1
buffets,1
presume,1
arrow,1
boogeyman,1
jack,1
neo,1
representation,1
joteo,1
rebuttal,1
measured,1
subscribe,1
emotive,1
authority,1
factual,1
incapable,1
critiquing,1
postings,1
lel,1
peers,1
typo,1
menwomen,1
zoomer,1
scapegoating,1
wasting,1
immigrationmom,1
clearance,1
interruption,1
vary,1
definitions,1
bloomberg,1
reopening,1
nz,1
snap,1
deducting,1
deductions,1
singular,1
agglomerate,1
pc,1
procuring,1
vacuum,1
resultsoutcome,1
answering,1
declared,1
exp,1
throwaway,1
smemncregional,1
mncstart,1
counter,1
spans,1
naturalized,1
exceed,1
numeric,1
permanent,1
satu,1
reluctance,1
slow,1
expanding,1
rapidly,1
waged,1
beefing,1
communicates,1
empathetic,1
psychology,1
hmmmmm,1
attractive,1
productionoutput,1
collects,1
skews,1
consumption,1
item,1
aim,1
quartile,1
consequences,1
reaping,1
severely,1
underperforming,1
arguably,1
offend,1
generate,1
unrest,1
requirement,1
dp,1
correcting,1
ultraracist,1
skepticism,1
farrights,1
antiopposition,1
nsp,1
gainfully,1
executive,1
epsp,1
singling,1
borne,1
milk,1
disparity,1
againsts,1
colours,1
versa,1
nepotism,1
contributor,1
horrendously,1
surveys,1
dubious,1
identifor,1
metaphorical,1
attain,1
ridedelivery,1
apps,1
sgunited,1
traineeship,1
st,1
businessmanagerial,1
fooled,1
applied,1
detailed,1
lucked,1
outbreaks,1
dormitories,1
survived,1
diminished,1
dorm,1
outbreak,1
apologising,1
downplay,1
asterisk,1
barking,1
pivot,1
upcoming,1
demonised,1
downright,1
radically,1
usd,1
consultinginvestment,1
casebycase,1
infantile,1
deliberative,1
consultative,1
trials,1
guide,1
lastly,1
motivates,1
basket,1
hillary,1
clinton,1
deplorable,1
utrashmaker,1
abhorrent,1
confirms,1
preexisting,1
preempt,1
regulatory,1
policymaking,1
circles,1
sunlight,1
disinfectant,1
underestimating,1
recognising,1
xenophobes,1
deradicalise,1
favourable,1
exclusion,1
mti,1
mfa,1
demands,1
classify,1
venturing,1
standing,1
sword,1
stokes,1
reveal,1
whereas,1
offsets,1
cert,1
factually,1
willfully,1
discuss,1
remains,1
whitelist,1
alternatively,1
specially,1
approval,1
disapproval,1
document,1
peddling,1
bark,1
cecb,1
cecc,1
cecd,1
cece,1
cecf,1
doubling,1
sian,1
internationalism,1
sggovernmentmade,1
borrow,1
handeddown,1
tradition,1
connotes,1
unwavering,1
promotes,1
credence,1
yore,1
pertinent,1
transplants,1
honorable,1
aspirations,1
validity,1
census,1
cherrypicking,1
stark,1
flats,1
occupancy,1
typing,1
computer,1
youll,1
room,1
ownership,1
proj,1
dian,1
pointless,1
intepretation,1
ya,1
ur,1
voted,1
advocated,1
censorship,1
propaganda,1
extremes,1
pulled,1
foodpanda,1
decline,1
sized,1
separationdifference,1
unite,1
xd,1
detect,1
reads,1
enlightening,1
insightful,1
image,1
wisdom,1
advice,1
preserved,1
posterity,1
historical,1
concerning,1
lands,1
knowledgeable,1
americans,1
correction,1
checked,1
disclosures,1
straightforwardly,1
pronounced,1
irrationally,1
globalism,1
chunk,1
fortune,1
refuting,1
populations,1
drag,1
tanks,1
bemoaning,1
academic,1
revolves,1
interpretating,1
readmeaningless,1
academia,1
decry,1
projected,1
tracers,1
oversaw,1
fuss,1
didnt,1
marks,1
thru,1
sdp,1
alley,1
implementing,1
canadaaustralia,1
koreaindia,1
intercorporate,1
transferee,1
intend,1
enamored,1
traction,1
conspiraciesfake,1
emergence,1
newfound,1
accessibility,1
inadvertently,1
pundits,1
fires,1
trolling,1
barrier,1
activity,1
sitting,1
cafe,1
mobile,1
device,1
burn,1
kindness,1
soft,1
oftentimes,1
weakness,1
cue,1
coast,1
becoming,1
landscape,1
singstat,1
scene,1
datasets,1
choosing,1
pieces,1
whatnot,1
deliberately,1
jamus,1
parti,1
liyani,1
chain,1
messages,1
whatsapp,1
renewed,1
combating,1
ad,1
hominem,1
filter,1
newspapers,1
informational,1
silos,1
heng,1
swee,1
keat,1
clipped,1
wholly,1
preceding,1
thinker,1
gaining,1
cesspool,1
unfounded,1
necessity,1
digging,1
legally,1
binding,1
documents,1
vetted,1
lawyers,1
diplomats,1
endorsed,1
legislatures,1
dropping,1
discreminatory,1
immaterial,1
bullshitfilter,1
cheers,1
refute,1
pressing,1
paramount,1
tracetogether,1
tracing,1
contradicts,1
officials,1
idiotic,1
compliments,1
democracy,1
l,1
internally,1
bid,1
adios,1
demonstrate,1
responding,1
techfocused,1
fatimah,1
pitch,1
foreginers,1
father,1
sc,1
self,1
awareness,1
astonishing,1
mismatch,1
techrelated,1
busy,1
filtering,1
techliterate,1
indirectly,1
pegged,1
lifted,1
satire,1
progression,1
uninspired,1
greener,1
pastures,1
resolved,1
struggling,1
involved,1
eastern,1
asses,1
gravitate,1
bungalows,1
portray,1
entertainers,1
glamorous,1
featured,1
newspaper,1
economythen,1
donkeys,1
reminds,1
epforeign,1
considerations,1
wrt,1
box,1
helpful,1
proposal,1
region,1
tap,1
sets,1
markets,1
dinosaur,1
slavedriving,1
micromanagers,1
shrinks,1
systems,1
fintech,1
startup,1
com,1
turns,1
triple,1
nontech,1
obsolete,1
indicators,1
weightage,1
namely,1
lowest,1
iii,1
iv,1
swear,1
demagogues,1
kickbacks,1
table,1
wheeling,1
suggesting,1
naive,1
understudy,1
fullfledged,1
steeped,1
raring,1
multibillion,1
undergrad,1
binary,1
awsgcpazure,1
subsidize,1
suggests,1
annum,1
slide,1
monkey,1
yoe,1
expecting,1
prospective,1
governmentmy,1
parentsmy,1
damage,1
fields,1
pampered,1
timid,1
boh,1
govtech,1
riffraff,1
hearsay,1
bmw,1
yr,1
bukit,1
timah,1
iphone,1
ecosystem,1
alternatives,1
remaining,1
choked,1
accepts,1
circus,1
animals,1
outlandish,1
deploy,1
functionality,1
resumes,1
aversion,1
bars,1
newcomer,1
fuckall,1
overpay,1
iron,1
bowl,1
integrity,1
certificate,1
whiteboard,1
exercise,1
juniors,1
practiceexperience,1
compny,1
joining,1
technologies,1
ourhuman,1
resourceis,1
desperately,1
agentsigh,1
alternate,1
commanding,1
monthly,1
erm,1
consultancy,1
powerpoint,1
slides,1
custom,1
background,1
challenging,1
recommendation,1
cushion,1
execution,1
widens,1
phones,1
flagship,1
eye,1
catching,1
samsung,1
flip,1
coolest,1
incorrectly,1
coined,1
evolves,1
owning,1
path,1
doctor,1
nurse,1
madness,1
quantified,1
mathematical,1
clearer,1
pathways,1
vastly,1
commonplace,1
educationis,1
distance,1
tune,1
proceed,1
upskillreskill,1
bootcamps,1
bitch,1
protects,1
taxis,1
condition,1
lor,1
justification,1
disappear,1
crackdown,1
myanmar,1
mismanagement,1
brink,1
copy,1
lessons,1
cloud,1
maintenance,1
devops,1
oses,1
firmwaresoftware,1
updated,1
onboarded,1
certs,1
sgporean,1
cheque,1
cohort,1
upskilloing,1
guided,1
diminishing,1
pace,1
creativity,1
innovation,1
grift,1
threaten,1
bargaining,1
difficulties,1
factory,1
textiles,1
bangladeshis,1
wafer,1
machines,1
dichotomy,1
overblown,1
biden,1
threat,1
phillippines,1
modernday,1
colonizer,1
enslave,1
hk,1
scarf,1
stomach,1
drinking,1
gallons,1
water,1
latenight,1
snack,1
insurmountable,1
remotefirstwfh,1
smallest,1
tradeport,1
nokia,1
blackberry,1
panasonic,1
survivor,1
subsidise,1
medical,1
forwardthinking,1
postcapitalism,1
disenfranchised,1
capitalist,1
surpluses,1
forests,1
minerals,1
mcq,1
format,1
relies,1
spotting,1
keywords,1
incorporating,1
lab,1
sysops,1
theoretical,1
undergo,1
reform,1
charles,1
yeo,1
bribes,1
explode,1
earthquakes,1
biblical,1
floods,1
kidding,1
lie,1
outcompete,1
iphones,1
caps,1
worried,1
aspiring,1
cheapskate,1
partially,1
coststandard,1
labourtalents,1
possibility,1
hardest,1
shrewdness,1
situations,1
geographic,1
location,1
colonialism,1
merger,1
eliminate,1
communists,1
ties,1
entangled,1
impacted,1
aims,1
majors,1
premium,1
marking,1
ditto,1
homes,1
jsnt,1
workable,1
enrich,1
highincome,1
loses,1
outsourced,1
abecause,1
residing,1
xyz,1
loyalty,1
creative,1
labs,1
fastest,1
staffs,1
unsustainable,1
bloke,1
iq,1
distorting,1
profit,1
entities,1
regularly,1
tough,1
stricter,1
cease,1
operation,1
shortages,1
navigate,1
tip,1
scales,1
slightly,1
equalise,1
factoring,1
governmentmade,1
drawback,1
overcrowding,1
grasp,1
emerge,1
victorious,1
raging,1
windmills,1
username,1
heck,1
blatantly,1
illegal,1
skirt,1
exclusively,1
mouths,1
