people,503
would,326
like,283
even,254
think,235
singapore,210
one,210
also,174
get,169
government,167
know,156
want,142
still,141
gay,138
law,138
right,137
rights,137
see,132
way,127
support,126
us,125
make,119
much,115
go,115
say,114
society,113
pap,112
good,111
really,108
trans,107
point,106
many,102
majority,97
could,94
religious,93
gender,93
actually,92
going,92
well,90
issues,90
need,89
time,88
change,87
sex,85
things,83
public,83
community,81
issue,80
might,79
take,78
q,78
laws,76
sure,74
case,74
said,74
wrong,72
long,71
group,71
may,70
something,69
repeal,69
years,67
come,67
political,66
life,66
anything,65
feel,64
christian,64
friend,64
conservative,63
someone,63
thing,63
never,61
pride,60
lot,60
already,59
always,58
legal,58
saying,57
nothing,57
religion,57
social,57
party,56
first,56
school,56
everyone,56
believe,56
understand,55
different,55
protest,55
work,54
day,53
opinion,53
happy,53
country,53
back,53
yes,53
since,52
medical,52
least,52
fucking,52
better,51
look,51
let,51
friends,51
culture,50
laugh,50
views,50
care,50
marriage,50
though,49
mean,48
maybe,48
matter,47
every,47
either,47
singaporeans,46
part,46
tell,46
done,46
person,46
hope,46
discrimination,46
far,45
stop,45
else,45
others,45
bad,45
true,45
live,45
enough,45
comes,44
help,44
less,44
loud,43
reason,43
especially,43
anyone,42
world,42
try,42
best,42
put,42
repealing,41
cannot,41
yet,41
agree,41
made,41
countries,41
used,41
probably,41
without,41
idea,41
opposition,41
man,40
around,40
quite,40
moe,40
christians,39
keep,39
history,39
another,39
give,39
argument,39
illegal,38
two,38
rather,38
end,37
towards,37
trying,37
instead,37
given,37
movement,37
age,36
due,36
makes,36
whole,36
find,36
men,36
western,35
power,35
allowed,35
sense,35
got,35
example,35
post,35
parents,34
choice,34
little,34
shit,34
folks,34
view,34
identity,33
place,33
seen,33
use,33
problem,33
pretty,33
democracy,33
family,33
course,32
whether,32
human,32
hard,32
sg,32
children,32
means,32
situation,32
civil,31
love,31
certain,31
seem,31
start,31
rules,31
population,31
needs,31
act,31
transgender,31
call,31
strong,31
event,31
puberty,31
op,31
future,30
happen,30
side,30
cause,30
vote,30
anti,30
kids,30
able,30
dysphoria,30
groups,29
number,29
kind,29
show,29
simply,29
etc,29
fact,29
talking,29
sdp,29
stay,29
clear,28
votes,28
thought,28
making,28
woman,28
getting,28
state,28
unless,28
gonna,28
however,28
year,28
system,27
speak,27
real,27
definitely,26
significant,26
minority,26
based,26
last,26
yeah,26
comment,26
term,26
guess,26
ask,26
sorry,26
arguments,26
protests,26
disagree,25
homophobic,25
general,25
choose,25
stand,25
police,25
talk,25
singaporean,25
old,25
ones,25
deal,25
lives,25
treatment,25
science,25
open,24
parties,24
statement,24
free,24
likely,24
discussion,24
couples,24
wants,24
wear,24
minorities,24
honestly,24
older,24
concerned,24
simple,24
works,24
force,24
supporting,24
pro,23
says,23
opinions,23
enforce,23
chinese,23
values,23
claim,23
hate,23
accept,23
male,23
generation,23
west,23
similar,23
please,23
japan,23
blockers,23
ally,23
important,22
asian,22
new,22
allow,22
current,22
anyway,22
giving,22
actual,22
literally,22
ppl,22
govt,22
play,22
policies,22
exactly,22
everything,22
problems,22
month,22
large,21
must,21
lead,21
outside,21
accepting,21
seems,21
muslim,21
thinking,21
past,21
stance,21
decide,21
otherwise,21
edit,21
education,21
goes,21
younger,21
whatever,21
away,21
calling,21
next,21
peaceful,21
youth,21
homosexuality,20
conservatives,20
together,20
abortion,20
popular,20
face,20
liberal,20
straight,20
read,20
reddit,20
continue,20
private,20
difference,20
young,20
beliefs,20
hold,20
equality,20
ever,20
oh,20
unfortunately,20
therapy,20
foreign,19
fuck,19
wish,19
local,19
imported,19
big,19
mind,19
soon,19
sentiment,19
bring,19
assume,19
acceptance,19
worse,19
doubt,19
students,19
clearly,19
thanks,19
risk,19
women,19
entire,19
guy,19
parliament,19
within,19
mental,19
usually,19
queer,19
sexual,18
possible,18
recent,18
protect,18
media,18
openly,18
freedom,18
become,18
almost,18
argue,18
oppose,18
remember,18
lack,18
telling,18
female,18
war,18
international,18
schools,18
article,18
church,18
using,18
doctors,18
wp,17
influence,17
happened,17
referendum,17
taking,17
full,17
obviously,17
basically,17
moral,17
considered,17
money,17
left,17
generally,17
balance,17
game,17
exist,17
seriously,17
white,17
completely,17
forced,17
vs,17
common,17
racial,17
question,17
personal,17
christianity,17
push,17
abrahamic,17
ago,17
easy,17
personally,17
win,17
regardless,17
imagine,17
aware,17
action,17
times,17
line,17
later,17
threatened,17
girl,17
student,17
hrt,17
favour,16
sake,16
gets,16
ok,16
dont,16
homophobia,16
wait,16
eg,16
fight,16
repealed,16
adults,16
married,16
answer,16
homosexual,16
main,16
guys,16
voting,16
matters,16
position,16
indeed,16
run,16
experience,16
major,16
second,16
behind,16
concern,16
narrative,16
despite,16
told,16
religions,16
okay,16
u,16
evangelical,16
treated,16
relevant,16
taken,16
protesting,16
scenario,15
changes,15
willing,15
wanted,15
sound,15
apply,15
step,15
cool,15
waiting,15
samesex,15
worst,15
individuals,15
among,15
decision,15
politics,15
reasonable,15
perhaps,15
hand,15
consent,15
middle,15
sexuality,15
started,15
questions,15
status,15
often,15
absolutely,15
ashlee,15
hong,15
looking,14
appeal,14
move,14
policy,14
consider,14
reasons,14
turn,14
changed,14
enforced,14
throw,14
bigger,14
sounds,14
compared,14
thread,14
ideology,14
seeing,14
homosexuals,14
actively,14
voice,14
asked,14
chance,14
set,14
safe,14
living,14
fine,14
online,14
die,14
control,14
silent,14
class,14
form,14
reality,14
boys,14
boy,14
stupid,14
bible,14
thats,14
went,14
words,14
harm,14
interest,14
chee,14
truth,14
name,14
totally,14
listen,14
muslims,13
ultimately,13
east,13
extremely,13
alone,13
powerful,13
technically,13
feelings,13
held,13
guidelines,13
somehow,13
points,13
business,13
removed,13
legally,13
ready,13
equal,13
ass,13
affect,13
harmony,13
called,13
permit,13
bit,13
single,13
result,13
came,13
writing,13
fair,13
trust,13
changing,13
benefits,13
bother,13
cases,13
wars,13
cultural,13
evidence,13
discriminated,13
health,13
found,13
process,13
except,13
deeply,13
lose,13
uniform,13
faith,13
transphobic,13
record,13
principal,13
recording,13
pd,13
sub,12
numbers,12
im,12
relationship,12
basis,12
modern,12
close,12
amount,12
coming,12
respect,12
sad,12
along,12
perspective,12
ie,12
books,12
agenda,12
sort,12
excuse,12
study,12
marry,12
ability,12
heard,12
plenty,12
keeping,12
former,12
subreddit,12
expect,12
speaking,12
extreme,12
rule,12
thinks,12
leave,12
leaders,12
avoid,12
kinda,12
message,12
ground,12
takes,12
terms,12
equally,12
topic,12
hair,12
rest,12
involved,12
job,12
type,12
happening,12
half,12
higher,12
logic,12
concerns,12
pressure,12
fighting,12
surgery,12
learn,12
russian,12
actions,12
mps,11
service,11
minister,11
rich,11
longer,11
america,11
race,11
small,11
arrest,11
capital,11
discriminatory,11
nice,11
influenced,11
ignore,11
happens,11
reading,11
understanding,11
definition,11
housing,11
plus,11
surprised,11
follow,11
nature,11
none,11
sometimes,11
casinos,11
holding,11
hell,11
objective,11
gays,11
british,11
according,11
deserve,11
regarding,11
eyes,11
worth,11
fall,11
particular,11
certainly,11
brought,11
quo,11
eventually,11
cut,11
known,11
attend,11
mp,11
level,11
book,11
fully,11
bunch,11
attack,11
tone,11
arguing,11
arrested,11
decisions,11
srs,11
body,11
information,11
sps,11
breaking,11
expression,10
ensure,10
word,10
boomers,10
citizens,10
bullshit,10
debate,10
largely,10
mostly,10
supported,10
ways,10
refuse,10
feels,10
easily,10
haha,10
neutral,10
mentioned,10
gone,10
heterosexual,10
events,10
covid,10
include,10
comfortable,10
amongst,10
friendly,10
neither,10
raising,10
solution,10
supposed,10
hardly,10
convince,10
suicide,10
putting,10
voters,10
forcing,10
becomes,10
progressive,10
days,10
child,10
affected,10
present,10
opposite,10
comments,10
poor,10
option,10
bodies,10
treating,10
order,10
negative,10
merely,10
bto,10
previous,10
partner,10
news,10
anyways,10
suggest,10
attending,10
meant,10
internet,10
studies,10
space,10
fucked,10
useful,10
share,10
worried,10
hormone,10
research,10
marginalized,10
mod,10
assembly,10
genuinely,9
logical,9
realise,9
gambling,9
blame,9
write,9
subject,9
front,9
truly,9
bigots,9
access,9
lots,9
huge,9
non,9
struggle,9
protection,9
figure,9
incumbent,9
played,9
wonder,9
check,9
achieve,9
ngos,9
election,9
focus,9
survey,9
gen,9
established,9
stuff,9
currently,9
source,9
across,9
base,9
bringing,9
fault,9
potential,9
difficult,9
lw,9
fabric,9
light,9
prove,9
theory,9
sample,9
fun,9
supports,9
racist,9
ah,9
short,9
tried,9
forward,9
nah,9
hence,9
increase,9
malays,9
total,9
secular,9
specifically,9
effort,9
orientation,9
allowing,9
greater,9
rhetoric,9
needed,9
knowing,9
interested,9
god,9
posts,9
standard,9
marriages,9
sign,9
pretend,9
impact,9
data,9
smoking,9
express,9
inviting,9
wong,9
acknowledge,9
plan,9
represent,9
therefore,9
interesting,9
context,9
violent,9
transition,9
facts,9
helping,9
states,9
approach,9
dress,9
peace,9
forget,9
options,9
transitioning,9
brain,9
conversion,9
considering,9
invite,9
kong,9
assemble,9
ccp,9
jolovan,9
stats,8
although,8
raised,8
cost,8
homophobes,8
inherently,8
hear,8
racism,8
positive,8
ns,8
necessary,8
malaysia,8
surveys,8
politicians,8
generations,8
random,8
doesnt,8
portion,8
uncomfortable,8
latter,8
enjoy,8
relationships,8
working,8
rarely,8
companies,8
buy,8
btw,8
lower,8
existing,8
favor,8
rape,8
possibility,8
harder,8
asking,8
per,8
ideas,8
identify,8
individual,8
attitude,8
worry,8
fit,8
miss,8
representative,8
entitled,8
afraid,8
restrictions,8
minded,8
home,8
gave,8
grow,8
environment,8
examples,8
raped,8
remove,8
divide,8
legalized,8
vocal,8
existence,8
multiple,8
feeling,8
size,8
language,8
dude,8
historical,8
gotten,8
violence,8
harmful,8
elections,8
nobody,8
buddhists,8
anymore,8
room,8
backlash,8
moderate,8
area,8
differently,8
possibly,8
aside,8
buddhism,8
results,8
risks,8
pushing,8
worrying,8
meritocracy,8
following,8
statements,8
consistent,8
low,8
recognised,8
explain,8
china,8
court,8
proper,8
sit,8
reply,8
advice,8
university,8
jc,8
nan,8
regret,8
signed,8
pm,7
curious,7
socially,7
saw,7
claiming,7
cultures,7
ahead,7
constitution,7
brave,7
eye,7
convenient,7
raise,7
whining,7
atheists,7
purpose,7
prostitution,7
suffer,7
luck,7
global,7
stage,7
outright,7
lifestyle,7
anywhere,7
serious,7
birth,7
apparently,7
factor,7
ruling,7
easier,7
hey,7
normal,7
mentality,7
educate,7
hopefully,7
note,7
sides,7
crime,7
high,7
remains,7
hdb,7
discussing,7
economy,7
speech,7
great,7
honest,7
allows,7
disgusting,7
de,7
entirely,7
basic,7
directly,7
z,7
yo,7
goal,7
lesbian,7
psychological,7
tend,7
friendship,7
national,7
add,7
areas,7
moment,7
benefit,7
standing,7
families,7
value,7
period,7
politician,7
supportive,7
extent,7
showing,7
active,7
google,7
decides,7
false,7
dangerous,7
notion,7
insignificant,7
self,7
empathy,7
shown,7
courts,7
complete,7
hurt,7
wanting,7
couple,7
double,7
churches,7
death,7
intrinsic,7
protected,7
opposed,7
trauma,7
victims,7
repeat,7
refer,7
effect,7
irrelevant,7
consensus,7
mention,7
leads,7
appears,7
everywhere,7
black,7
mistake,7
humans,7
broken,7
platform,7
bigotry,7
ignored,7
wearing,7
pointing,7
understood,7
juan,7
worked,7
meaning,7
joanna,7
theng,7
incredibly,7
story,7
conversation,7
sin,7
conversations,7
stir,7
parts,7
painting,7
biggest,7
immediately,7
three,7
girls,7
morality,7
minimum,7
widespread,7
transphobia,7
jesus,7
tno,7
reactionary,7
ashamed,7
blatant,7
bi,7
migrate,7
remain,6
chances,6
ballot,6
box,6
parliamentary,6
happily,6
upset,6
gst,6
weird,6
pass,6
potentially,6
procreation,6
lky,6
pretending,6
taught,6
becoming,6
picture,6
repercussions,6
leaving,6
joke,6
american,6
regards,6
rate,6
suddenly,6
fewer,6
justify,6
official,6
shows,6
minds,6
knows,6
awareness,6
meet,6
met,6
oppressed,6
kept,6
practice,6
wanna,6
publicly,6
slippery,6
slope,6
sadly,6
proof,6
shame,6
pushback,6
outcomes,6
facto,6
demographic,6
overall,6
representation,6
societal,6
pick,6
target,6
assuming,6
principles,6
sway,6
traditional,6
ignorance,6
gives,6
account,6
supporters,6
ridiculous,6
importing,6
recently,6
swearing,6
president,6
import,6
dare,6
limited,6
boost,6
success,6
thus,6
encouraging,6
accepted,6
shifting,6
forum,6
explicitly,6
including,6
discretion,6
operation,6
served,6
narrow,6
smaller,6
via,6
stuck,6
complain,6
defined,6
fear,6
grounds,6
institutions,6
correct,6
malay,6
fence,6
nation,6
labour,6
heck,6
months,6
ignorant,6
effects,6
unlikely,6
sister,6
various,6
cell,6
incest,6
beyond,6
starting,6
lost,6
forces,6
attempt,6
response,6
moving,6
typically,6
mainstream,6
unfair,6
ministers,6
restrict,6
implement,6
movements,6
nope,6
strongly,6
eurasians,6
saga,6
learned,6
affairs,6
related,6
building,6
japanese,6
unlike,6
discriminate,6
broad,6
deny,6
applies,6
final,6
required,6
addressing,6
banning,6
perfectly,6
circular,6
creating,6
took,6
faced,6
imply,6
stable,6
path,6
automatically,6
confucianism,6
decided,6
specific,6
sources,6
youths,6
prevent,6
stability,6
attention,6
ethically,6
original,6
excessive,6
fail,6
constantly,6
alright,6
inclusive,6
funny,6
super,6
helps,6
highly,6
experiences,6
fellow,6
uniforms,6
field,6
condition,6
agency,6
angry,6
asia,6
ethics,6
procedures,6
diagnosis,6
choices,6
upper,6
air,6
organizations,6
written,6
judgement,6
kid,6
aggressive,6
recommend,6
crazy,6
harmed,6
available,6
whenever,6
progress,6
russians,6
realism,6
citizen,6
thank,6
healey,6
recognized,6
chaos,6
guests,6
shut,6
sis,6
ugly,6
unwilling,6
parades,6
isnt,6
gp,6
chiam,6
somewhere,6
naked,6
approval,6
tokyo,6
achieved,6
avenues,6
recourse,6
protestors,6
road,5
boomer,5
uncle,5
retaining,5
debates,5
colonial,5
la,5
unpopular,5
populism,5
third,5
alot,5
paper,5
stopping,5
enforcing,5
severe,5
valid,5
rely,5
liberals,5
nonsense,5
spent,5
fundamentalist,5
apart,5
checked,5
threat,5
became,5
learning,5
reasoning,5
disregard,5
heads,5
pity,5
facebook,5
controversial,5
physically,5
pritam,5
guarantee,5
wont,5
retain,5
abolishing,5
recognize,5
alternative,5
portray,5
hlp,5
faiths,5
lines,5
baby,5
jump,5
relations,5
biological,5
effective,5
legitimate,5
complex,5
week,5
toxic,5
authority,5
deciding,5
folk,5
norm,5
upon,5
hands,5
provide,5
top,5
supposedly,5
cares,5
subjective,5
concept,5
gross,5
hmm,5
healthcare,5
rise,5
fix,5
obvious,5
till,5
services,5
divisive,5
tbh,5
societies,5
psp,5
grown,5
degree,5
provides,5
acts,5
defend,5
members,5
consequences,5
built,5
abortions,5
percentage,5
desire,5
edmw,5
seek,5
selling,5
bisexual,5
lesbians,5
ignoring,5
charge,5
destroyed,5
approve,5
voted,5
engage,5
discussions,5
convincing,5
closer,5
letting,5
vivian,5
depends,5
admit,5
lucky,5
century,5
spoke,5
marginalised,5
wrote,5
published,5
straits,5
campaign,5
sentence,5
critical,5
downvote,5
variety,5
increased,5
fairly,5
united,5
legality,5
outcome,5
victim,5
image,5
misunderstood,5
drag,5
demand,5
several,5
groomed,5
taoism,5
counter,5
closeted,5
count,5
places,5
fails,5
spectrum,5
solve,5
send,5
cant,5
appreciate,5
circle,5
night,5
decade,5
irony,5
rapidly,5
shove,5
link,5
decades,5
website,5
communities,5
ad,5
address,5
bigot,5
lived,5
sympathy,5
hi,5
lie,5
reassignment,5
experienced,5
undergo,5
dropped,5
pants,5
treatments,5
guided,5
schooling,5
legit,5
minors,5
links,5
deep,5
ethical,5
patient,5
professionals,5
thoughts,5
threatening,5
cyborg,5
studying,5
physical,5
successful,5
practices,5
rom,5
realistic,5
version,5
resources,5
tells,5
ultimatum,5
cishet,5
secondary,5
inconvenience,5
parade,5
trouble,5
caring,5
thousands,5
glad,5
draw,5
opt,5
violation,5
manhood,5
animosity,5
joshua,5
sociology,5
karma,4
hypothetical,4
sun,4
press,4
frankly,4
attacks,4
disappointing,4
pure,4
nonenforcement,4
setting,4
precedent,4
cos,4
offended,4
disingenuous,4
flat,4
freely,4
behaviour,4
taoist,4
besides,4
fears,4
premarital,4
reject,4
ur,4
teach,4
properly,4
confident,4
scared,4
eat,4
perception,4
safety,4
finally,4
equivalent,4
bill,4
offer,4
sacrifice,4
hatred,4
whatsoever,4
heterosexuals,4
manner,4
dad,4
brings,4
wild,4
practical,4
attitudes,4
negatively,4
jamus,4
lim,4
guts,4
conduct,4
polls,4
direct,4
jobs,4
scrapped,4
unique,4
establishment,4
imo,4
precisely,4
break,4
regularly,4
suspect,4
campaigning,4
petition,4
role,4
apparent,4
anal,4
butt,4
silly,4
disorder,4
nowadays,4
disproportionately,4
necessarily,4
worship,4
buddhist,4
create,4
ceremony,4
included,4
uk,4
indians,4
leadership,4
plain,4
alienate,4
korea,4
smoke,4
touch,4
economic,4
wow,4
workers,4
expressed,4
born,4
concede,4
adultery,4
unjust,4
happiness,4
prosecutorial,4
authoritarian,4
removing,4
backfire,4
damn,4
vice,4
board,4
brother,4
catch,4
voices,4
challenging,4
divorce,4
fundamental,4
sitting,4
criminals,4
fairness,4
larger,4
learnt,4
caving,4
bet,4
holds,4
includes,4
criminal,4
spoken,4
average,4
biased,4
heavily,4
situations,4
opponents,4
complicated,4
confucius,4
unit,4
today,4
climate,4
faq,4
criticize,4
depending,4
aged,4
spend,4
drawn,4
insult,4
reach,4
label,4
gain,4
default,4
loving,4
citation,4
save,4
facing,4
lawyer,4
plight,4
lets,4
attracted,4
romantic,4
whereas,4
cycle,4
refused,4
solely,4
prosecuted,4
revolves,4
genuine,4
hearts,4
morally,4
exact,4
taiwan,4
taoists,4
downvoted,4
justice,4
report,4
homo,4
effectively,4
impossible,4
sucks,4
began,4
bread,4
butter,4
antigay,4
organisation,4
islam,4
fluid,4
trend,4
lord,4
tension,4
comparison,4
judge,4
develop,4
advocate,4
stronger,4
comfort,4
video,4
expert,4
bottom,4
bend,4
backwards,4
bro,4
bubble,4
psychology,4
felt,4
spaces,4
cover,4
convinced,4
playing,4
deeper,4
trait,4
casino,4
chosen,4
reminder,4
join,4
clarify,4
faisal,4
independent,4
pandering,4
archaic,4
uneducated,4
emotional,4
accused,4
leading,4
looks,4
authorities,4
flats,4
initial,4
maintain,4
conclusion,4
practically,4
blind,4
compare,4
meantime,4
uncritically,4
democratic,4
jackass,4
lay,4
accurately,4
informed,4
mistaken,4
insults,4
serve,4
requirements,4
offering,4
validate,4
educated,4
model,4
caused,4
concrete,4
furthermore,4
andor,4
suffering,4
ironic,4
banned,4
page,4
replying,4
earlier,4
conflating,4
methods,4
holes,4
definitions,4
hominem,4
responses,4
lee,4
analysis,4
insulting,4
argued,4
tolerance,4
attended,4
lawrence,4
attempted,4
gendered,4
ministry,4
letter,4
dealing,4
five,4
bugis,4
street,4
late,4
head,4
prescribed,4
gaps,4
diverse,4
flexibility,4
wellbeing,4
gabriel,4
turning,4
association,4
delay,4
respond,4
teachers,4
familiar,4
accurate,4
perfect,4
genitals,4
sentiments,4
echelons,4
ideals,4
lessons,4
survival,4
mentally,4
thailand,4
ic,4
irreversible,4
nazi,4
scientifically,4
endocrinologists,4
intersex,4
activists,4
articles,4
ideologically,4
nonpap,4
pedophilia,4
appearance,4
believing,4
member,4
transpeople,4
wishes,4
scientific,4
ops,4
proven,4
politically,4
anytime,4
stopped,4
characters,4
sincerely,4
internal,4
allies,4
believed,4
trueloveis,4
radical,4
subscribe,4
privileged,4
priority,4
rural,4
pray,4
fallacy,4
text,4
exists,4
particularly,4
treats,4
posted,4
boundaries,4
selfish,4
host,4
table,4
assholes,4
excuses,4
behalf,4
pathetic,4
ego,4
pain,4
struggles,4
befriend,4
polite,4
element,4
danger,4
release,4
psychologists,4
file,4
arbiter,4
agreement,4
injustice,4
dumb,4
concessions,4
performative,4
privilege,4
hoping,4
matrimonial,4
masses,4
ideal,4
assumed,4
lawful,4
hk,4
covenant,4
constitutional,4
ngo,4
fed,4
chewbacca,4
trope,4
hateful,4
secure,4
framework,4
lan,4
handful,4
placards,4
handle,3
likes,3
auntie,3
illogical,3
code,3
amendments,3
food,3
yall,3
treat,3
scrap,3
mores,3
morning,3
slightly,3
maturity,3
prepared,3
unions,3
condemnation,3
promise,3
govern,3
resolve,3
frustrating,3
immediate,3
healthy,3
slapped,3
chooses,3
proactively,3
aid,3
ban,3
welcomed,3
india,3
consenting,3
privacy,3
babies,3
respecting,3
turns,3
mother,3
fucks,3
intimate,3
oppressive,3
ps,3
encourage,3
zero,3
qia,3
permission,3
earn,3
contest,3
prejudice,3
logically,3
rock,3
boat,3
filled,3
slow,3
direction,3
slowly,3
randomly,3
promoting,3
refuses,3
celebrate,3
sees,3
singh,3
stances,3
statistics,3
regular,3
poll,3
populist,3
foreigners,3
sometime,3
massive,3
organisations,3
wished,3
dichotomy,3
nonetheless,3
gathering,3
regulations,3
referring,3
catholics,3
sympathetic,3
atheist,3
candidates,3
settled,3
positions,3
ipsos,3
relative,3
locals,3
masculinity,3
flak,3
intentions,3
pat,3
unnatural,3
bc,3
se,3
visible,3
influential,3
motivated,3
mindsets,3
socalled,3
stone,3
mindset,3
convert,3
legitimacy,3
spread,3
ancient,3
prosecute,3
irresponsible,3
viewed,3
literature,3
demographics,3
enforces,3
alienating,3
growing,3
normalization,3
nonreligious,3
merit,3
ew,3
intend,3
bedroom,3
overwhelming,3
separate,3
woke,3
root,3
property,3
estate,3
commit,3
reserved,3
pragmatic,3
conversatives,3
tax,3
yea,3
activities,3
responsible,3
traits,3
protecting,3
s,3
loss,3
causes,3
perceived,3
return,3
keeps,3
enforcement,3
inspired,3
toilet,3
club,3
hanging,3
phone,3
awhile,3
oppositions,3
drugs,3
strictly,3
cpf,3
essentially,3
compromise,3
segment,3
symbolic,3
expecting,3
finding,3
comparing,3
prevents,3
afterwards,3
security,3
unhappy,3
populace,3
supermajority,3
raeesah,3
pronouns,3
meaningful,3
differ,3
lhl,3
tolerate,3
replies,3
echo,3
chamber,3
confidential,3
bar,3
sexually,3
heavy,3
adoption,3
needing,3
hpb,3
censorship,3
unsolicited,3
efforts,3
uphold,3
tough,3
maintaining,3
grip,3
conclusions,3
grandchildren,3
greatly,3
consensual,3
eating,3
similarly,3
propaganda,3
pay,3
cabinet,3
independence,3
inherited,3
battle,3
recognition,3
dying,3
usa,3
norms,3
hello,3
usual,3
problematic,3
circles,3
officially,3
scapegoat,3
teacher,3
sets,3
boots,3
paul,3
winning,3
abolish,3
engaging,3
bits,3
indonesia,3
insane,3
restricted,3
hindus,3
driving,3
impression,3
external,3
proved,3
untrue,3
limit,3
invited,3
wall,3
waapd,3
originally,3
resistance,3
purely,3
muh,3
backing,3
boyfriend,3
grasp,3
locally,3
redditors,3
judiciary,3
quality,3
ease,3
whereby,3
boss,3
key,3
wondering,3
acting,3
stigma,3
punishment,3
hahah,3
races,3
un,3
attends,3
unfounded,3
contrary,3
rapid,3
managed,3
wins,3
projecting,3
drunk,3
hot,3
adult,3
europe,3
natural,3
threads,3
olds,3
governments,3
wide,3
forgot,3
attacked,3
rough,3
bear,3
focused,3
horse,3
males,3
legislators,3
jackasses,3
core,3
rampant,3
item,3
noise,3
jail,3
lesson,3
catholic,3
mass,3
megachurch,3
instance,3
charged,3
passing,3
courage,3
involves,3
cop,3
hiding,3
sight,3
arresting,3
harassed,3
insulted,3
addressed,3
defense,3
permissible,3
levels,3
endorsing,3
permits,3
duty,3
deliberately,3
ofc,3
scheme,3
lesser,3
elsewhere,3
fyi,3
sharing,3
asians,3
prior,3
populations,3
sufficient,3
consists,3
opposing,3
overlypc,3
yup,3
determine,3
somewhat,3
massively,3
worries,3
throwing,3
apples,3
oranges,3
spirit,3
platforms,3
expense,3
bound,3
chose,3
rightfully,3
likewise,3
vulnerable,3
lifetime,3
b,3
penalty,3
reinstating,3
ramifications,3
frequent,3
charter,3
cuz,3
contentious,3
adam,3
fantasy,3
manap,3
veneer,3
bothered,3
shy,3
adding,3
begin,3
cute,3
poke,3
require,3
lazy,3
requires,3
caught,3
hypocrisy,3
beating,3
pushed,3
bogeyman,3
object,3
running,3
prefer,3
stood,3
sensitive,3
character,3
straw,3
surprise,3
strawman,3
viral,3
accusing,3
quote,3
teen,3
college,3
doctor,3
purview,3
division,3
added,3
military,3
distress,3
align,3
undergoing,3
exercise,3
identifies,3
skirt,3
undergone,3
missed,3
continuing,3
depression,3
incident,3
safely,3
surgeries,3
led,3
answers,3
limits,3
shouldnt,3
reflect,3
increasingly,3
degrees,3
condemned,3
fundamentalism,3
star,3
hospital,3
request,3
looked,3
desperate,3
ended,3
onset,3
affects,3
correctly,3
claims,3
reversible,3
nonconforming,3
reached,3
intervention,3
pediatricians,3
extremes,3
teens,3
ssris,3
ect,3
team,3
hairstyle,3
understands,3
perform,3
operate,3
causing,3
illness,3
blindly,3
regulatory,3
recommendations,3
forth,3
fixed,3
starts,3
rare,3
coercion,3
screaming,3
increasing,3
carefully,3
explained,3
urge,3
knowledge,3
deemed,3
upfront,3
poly,3
initially,3
turned,3
picked,3
fuss,3
revealed,3
queers,3
promote,3
define,3
indifferent,3
execution,3
shamed,3
types,3
disrespectful,3
tying,3
disclose,3
insurance,3
company,3
occurred,3
contradiction,3
ai,3
tainted,3
ends,3
blah,3
historian,3
russia,3
sba,3
regimes,3
pleasure,3
inform,3
capable,3
victory,3
ethnic,3
optimism,3
agreed,3
defensive,3
hidden,3
ideologies,3
window,3
bloody,3
amazing,3
unfamiliar,3
stars,3
judged,3
weight,3
shark,3
fin,3
soup,3
harassment,3
conform,3
tranny,3
expectations,3
pissed,3
rallies,3
cis,3
tm,3
condescension,3
bare,3
dark,3
hit,3
throughout,3
pitiful,3
nonpassing,3
mad,3
christmas,3
entails,3
receive,3
dogma,3
advocacy,3
nationally,3
professional,3
topics,3
n,3
priests,3
dominance,3
smc,3
controls,3
tries,3
anime,3
nccs,3
blatantly,3
forever,3
secretly,3
recordings,3
denied,3
responded,3
tan,3
eurocommunists,3
hundreds,3
wishing,3
fire,3
grant,3
comply,3
incorrect,3
plans,3
contract,3
exposure,3
differentcolored,3
shirts,3
trustworthy,3
untrustworthy,3
manifesto,3
socdem,3
calvinball,3
validating,3
swee,3
tong,3
libel,3
suit,3
introduced,3
burdensome,3
aljunied,3
ahtc,3
hardball,3
conscience,3
hedgemony,3
perogative,3
systemic,3
everyday,3
superman,3
paid,3
rainbow,3
contradicts,3
tiring,3
pink,3
girlfriend,3
milquetoast,3
helped,3
park,3
warming,3
drain,3
marker,3
directed,3
screw,3
signs,3
application,3
failed,3
staying,3
jlpt,3
vibe,3
task,3
rant,3
dislike,3
tall,3
clowns,3
peacefully,3
challenge,3
dismiss,3
luxury,3
beaten,3
wookiee,3
endor,3
foot,3
forcibly,3
saviour,3
concur,3
occur,3
rebellions,3
taiping,3
cracking,3
outreach,3
deepthroat,3
finances,3
mouth,3
kongers,3
seeks,3
concepts,3
selffulfilling,3
nuisance,3
distributed,3
reactionaries,3
kicking,2
relatives,2
destroy,2
electoral,2
penal,2
tradition,2
imposed,2
powers,2
region,2
peoples,2
gayness,2
sea,2
summary,2
dirty,2
whatnot,2
whats,2
min,2
nonstatement,2
smart,2
zealots,2
chain,2
inevitably,2
condemning,2
union,2
sole,2
procreate,2
attorney,2
wake,2
selectively,2
placing,2
religiousconservative,2
legalise,2
ips,2
tudung,2
fundamentally,2
approached,2
angle,2
watch,2
sodomy,2
charges,2
females,2
costs,2
losing,2
framing,2
mda,2
thrown,2
advertise,2
participate,2
sheer,2
protestant,2
unconstitutional,2
homes,2
opening,2
samegender,2
infidelity,2
dunno,2
legalising,2
legitimising,2
weak,2
watain,2
similarities,2
freaking,2
dun,2
disturb,2
scenes,2
popcorn,2
mainly,2
idiot,2
granted,2
discussed,2
progression,2
positives,2
consuming,2
date,2
detest,2
lifestyles,2
homophobe,2
strikes,2
oppress,2
fan,2
uncles,2
wave,2
optics,2
remind,2
practise,2
explanations,2
responsibility,2
rsingapore,2
shanmugam,2
virtually,2
amend,2
taxes,2
mrt,2
senior,2
collar,2
opportunities,2
sus,2
shot,2
differences,2
hassle,2
replaced,2
flexible,2
extraordinary,2
pandemic,2
leanings,2
vehemently,2
electing,2
anecdotes,2
lightning,2
rod,2
implied,2
undemocratic,2
thereof,2
tight,2
offspring,2
additional,2
parent,2
harsh,2
legitimately,2
generalize,2
characteristics,2
conservatism,2
questioning,2
truths,2
dictate,2
hetero,2
agnostic,2
reverence,2
notraditional,2
disgust,2
ties,2
ancestor,2
incense,2
objects,2
offerings,2
willingly,2
cents,2
subscribed,2
illusion,2
actors,2
entertainment,2
corrupted,2
scholars,2
stretching,2
drink,2
office,2
annecdote,2
determined,2
measure,2
sharia,2
moot,2
oyk,2
accident,2
destroying,2
convenience,2
burning,2
childcare,2
legs,2
burn,2
countless,2
complains,2
anecdotal,2
scrapping,2
cynical,2
derived,2
binary,2
longterm,2
rush,2
presidency,2
drive,2
legislations,2
concerning,2
stubborn,2
downstream,2
praise,2
ironically,2
explains,2
applying,2
spousal,2
politely,2
disappointed,2
ostracism,2
occurs,2
filthy,2
sinners,2
category,2
inevitable,2
hopeful,2
policing,2
tiny,2
gdp,2
early,2
store,2
jews,2
realize,2
hostile,2
administration,2
drug,2
selective,2
regime,2
decent,2
whomever,2
terribly,2
stated,2
disappear,2
balanced,2
cog,2
ship,2
caution,2
btos,2
weed,2
retirement,2
disabled,2
absolute,2
positively,2
sends,2
strike,2
revolve,2
harshly,2
worms,2
wider,2
flip,2
ep,2
fundies,2
centered,2
lust,2
st,2
benevolence,2
firm,2
bigoted,2
tide,2
search,2
bicycle,2
lanes,2
displayed,2
neighbour,2
harbouring,2
heart,2
pen,2
apple,2
knockon,2
covers,2
naturally,2
tfr,2
daughter,2
mid,2
nlb,2
egregious,2
separation,2
targeting,2
liberally,2
untouched,2
latest,2
significantly,2
spending,2
contradictory,2
yeap,2
popularity,2
prejudices,2
land,2
governance,2
universal,2
dialogue,2
objectively,2
extremists,2
portrayals,2
objections,2
onto,2
swearingin,2
harmless,2
describing,2
upside,2
weighed,2
pros,2
chunk,2
epic,2
commenters,2
businesses,2
disadvantages,2
abuse,2
estimate,2
decriminalized,2
theres,2
catered,2
popped,2
sham,2
gov,2
misuse,2
empathize,2
rightly,2
amounts,2
punished,2
taste,2
organs,2
practiced,2
legislature,2
platonic,2
reminds,2
traumatic,2
pursuing,2
memory,2
tambyah,2
mothership,2
tipping,2
lean,2
ran,2
evil,2
assimilate,2
lock,2
eloquently,2
cry,2
shunned,2
hardened,2
affirmation,2
scale,2
criticise,2
cater,2
tendencies,2
notably,2
stark,2
louder,2
posters,2
noticed,2
definitively,2
voicing,2
warrior,2
central,2
citations,2
cared,2
versa,2
discuss,2
demons,2
preventing,2
anybody,2
kink,2
sponsored,2
extremism,2
breakdown,2
exclusively,2
relatively,2
entity,2
attribute,2
improve,2
colony,2
pointless,2
avid,2
churchgoers,2
transparently,2
substantial,2
conducted,2
incompatible,2
gayfriendly,2
inanity,2
brexit,2
substance,2
handed,2
adamant,2
resentment,2
demonstrations,2
satisfy,2
assault,2
abhorrent,2
rapists,2
laughed,2
definite,2
variables,2
prospects,2
formatting,2
equating,2
murderers,2
paedophiles,2
rates,2
belief,2
embrace,2
buying,2
barely,2
lies,2
moved,2
desperately,2
vast,2
conventional,2
opposes,2
indication,2
exceptions,2
eastern,2
traditions,2
guan,2
yin,2
upvotes,2
collective,2
wage,2
theoretically,2
paragraph,2
snowflakes,2
clt,2
relied,2
confidence,2
cart,2
whack,2
reduced,2
emigrate,2
doomed,2
culturally,2
kicked,2
oppressing,2
mere,2
applied,2
inaction,2
controlled,2
vestige,2
benign,2
formed,2
noses,2
pofma,2
highlighting,2
obstacles,2
passed,2
competition,2
overwhelmingly,2
music,2
city,2
candidate,2
diseases,2
cancers,2
underlying,2
buck,2
abomination,2
yep,2
vis,2
consequence,2
enlightened,2
pander,2
questioned,2
reporting,2
targeted,2
survivors,2
downvoting,2
incestuous,2
gatherings,2
contribute,2
protections,2
workplace,2
hurdles,2
boosting,2
surface,2
flash,2
surrogacy,2
adopt,2
afford,2
singles,2
financial,2
error,2
dissenting,2
pave,2
struck,2
symbollic,2
fired,2
employer,2
refusing,2
sooner,2
talked,2
unknown,2
policymaking,2
assembleprotest,2
movie,2
stronglyheld,2
replace,2
fruition,2
counting,2
bait,2
appeasing,2
predict,2
factors,2
stricter,2
speaker,2
stretch,2
patently,2
landscape,2
interests,2
convictions,2
saddest,2
section,2
respected,2
realised,2
advanced,2
tangible,2
subjectivity,2
enclaves,2
consideration,2
shift,2
generational,2
theoretical,2
explaining,2
backed,2
forbidden,2
invoking,2
implemented,2
sanctity,2
liberties,2
x,2
lambert,2
doubly,2
maintained,2
throat,2
appreciating,2
percent,2
worthy,2
identified,2
upholding,2
houses,2
placed,2
characterisation,2
cast,2
imagination,2
worker,2
khan,2
drop,2
biases,2
backgrounds,2
reexamine,2
discover,2
inconsistent,2
responding,2
forms,2
rigid,2
intent,2
archetype,2
chips,2
score,2
chickened,2
discouraging,2
semantics,2
convey,2
harboring,2
strict,2
relating,2
worthless,2
caricatures,2
strawmen,2
nowhere,2
destabilized,2
contender,2
courting,2
conducive,2
postrepealing,2
disingenuity,2
co,2
attacking,2
hypocrites,2
ceddya,2
garnering,2
mildly,2
fluff,2
accusations,2
explicit,2
reasonably,2
moreover,2
dr,2
posting,2
reflects,2
fits,2
pronoun,2
teenage,2
junior,2
handling,2
imports,2
dismissed,2
mr,2
taboo,2
unhappiness,2
famous,2
identities,2
ratnam,2
anguish,2
institute,2
institution,2
dedicated,2
departments,2
alleviate,2
update,2
privileges,2
costly,2
appear,2
standardised,2
guideline,2
procedure,2
recognising,2
strive,2
compassion,2
hesitant,2
evolving,2
principals,2
disciplinary,2
rulebreaking,2
sought,2
ong,2
ye,2
kung,2
classes,2
resolution,2
nric,2
exemptions,2
diagnostic,2
psychiatric,2
notes,2
associated,2
peer,2
seeking,2
tempered,2
experts,2
driven,2
medication,2
purchased,2
surely,2
rei,2
kurohi,2
journalists,2
reposting,2
transsexuals,2
wellwritten,2
dismissing,2
listed,2
highest,2
standards,2
dresses,2
skirts,2
tie,2
recall,2
ministries,2
permanent,2
tho,2
antiq,2
def,2
mood,2
freezing,2
reads,2
acknowledged,2
beneficial,2
dysphoric,2
persist,2
adulthood,2
insisting,2
grew,2
answered,2
parental,2
objectivity,2
impose,2
arrogance,2
fb,2
fellowship,2
neck,2
meanwhile,2
megachurches,2
evangelism,2
brand,2
nearly,2
horrible,2
helicopter,2
professions,2
conflate,2
grave,2
million,2
abusive,2
ill,2
schizophrenia,2
letters,2
knew,2
exception,2
intentionally,2
pointed,2
idealistic,2
drinking,2
unhealthy,2
typo,2
proclamation,2
practitioners,2
organizing,2
worsens,2
progresses,2
lasting,2
symptoms,2
lgb,2
persists,2
responds,2
establish,2
webinar,2
intervene,2
brains,2
developed,2
lifechanging,2
pursue,2
anxiolytics,2
frontline,2
proceed,2
experiencing,2
recommended,2
interventions,2
ambiguous,2
psychiatristspsychologists,2
invasive,2
importantly,2
odds,2
slim,2
likelihood,2
coordinated,2
thio,2
patients,2
developing,2
moan,2
elected,2
unfairly,2
attractive,2
sent,2
validated,2
dead,2
listening,2
harping,2
realizing,2
madness,2
judgements,2
genders,2
hormones,2
manifesting,2
whose,2
declaring,2
delusional,2
wholly,2
sane,2
nontrans,2
transitional,2
forgotten,2
nothe,2
digging,2
regrets,2
cancer,2
regretting,2
themself,2
alr,2
development,2
beat,2
rewriting,2
aka,2
advantage,2
haters,2
americans,2
edge,2
worldwide,2
defensible,2
administer,2
attempting,2
wrongly,2
dilemma,2
overt,2
slight,2
viewpoints,2
bullied,2
queen,2
chatting,2
platoon,2
preferences,2
surrounding,2
bright,2
militant,2
hmmm,2
loses,2
friendlier,2
locations,2
figureheads,2
celebrities,2
internationally,2
lacking,2
newer,2
exerting,2
anonymity,2
worshiping,2
importance,2
ya,2
nathan,2
hartono,2
optimistic,2
apathy,2
pope,2
paint,2
toward,2
lunch,2
whilst,2
dragging,2
feet,2
overtly,2
bruh,2
betting,2
picking,2
clout,2
figuratively,2
gods,2
flesh,2
bite,2
imaginary,2
discourse,2
tomorrow,2
expensive,2
linked,2
indicator,2
resulted,2
survive,2
scary,2
admittedly,2
glenn,2
anarchy,2
loves,2
lenin,2
interchangeable,2
blend,2
continues,2
advance,2
decrying,2
soil,2
horror,2
authoritarianism,2
sablin,2
fascism,2
sunday,2
unification,2
leader,2
leftist,2
obscure,2
decriminalisation,2
revolutionary,2
warlord,2
locked,2
offers,2
reports,2
contemporary,2
possibilities,2
reduce,2
accommodating,2
ending,2
achieving,2
difficulty,2
corruption,2
crazier,2
historians,2
weaker,2
mao,2
theme,2
tnorussia,2
believable,2
nanjing,2
pretends,2
misses,2
circumstances,2
memes,2
jab,2
presenting,2
eight,2
grammar,2
mistakes,2
slur,2
dog,2
vile,2
academic,2
jumped,2
cudgel,2
enjoys,2
c,2
distant,2
politicisation,2
reformation,2
martin,2
luther,2
autumn,2
invaluable,2
malicious,2
napoleon,2
excited,2
insist,2
mode,2
emphasize,2
react,2
participants,2
appropriate,2
radar,2
carry,2
missing,2
bucks,2
acceptable,2
crowd,2
cheap,2
condemn,2
defending,2
apologize,2
chaser,2
humiliation,2
complicit,2
bye,2
befriending,2
coward,2
special,2
goddamn,2
hide,2
rebel,2
discomfort,2
virtue,2
transphobe,2
stick,2
mine,2
wasted,2
faux,2
asshole,2
transwoman,2
firing,2
matches,2
slumming,2
dilettante,2
performance,2
describe,2
involve,2
dent,2
counts,2
unashamed,2
silver,2
venue,2
plumber,2
ages,2
evangelicals,2
bitch,2
meh,2
beast,2
blood,2
useless,2
checking,2
orgs,2
dick,2
dicks,2
asses,2
proud,2
wherever,2
disrespect,2
whichever,2
technocracy,2
depressing,2
psychologist,2
measures,2
agencies,2
quack,2
enemies,2
song,2
gotta,2
twist,2
counterparts,2
belt,2
orion,2
violate,2
tolerated,2
falls,2
skin,2
yesterday,2
weeks,2
spotlight,2
extra,2
transparency,2
rogue,2
jiayous,2
refusal,2
prejudicial,2
answering,2
bs,2
communist,2
wah,2
piow,2
organising,2
pull,2
succeed,2
sorts,2
educating,2
manage,2
stream,2
discrimanation,2
rabbit,2
administrators,2
waste,2
superintendent,2
risky,2
sue,2
defamation,2
exemption,2
identification,2
judith,2
butler,2
bot,2
contact,2
providing,2
gap,2
consulted,2
suggested,2
stomp,2
stays,2
names,2
percieve,2
recognise,2
maleness,2
balls,2
civilised,2
tactful,2
mah,2
sigh,2
preserve,2
polygamy,2
followed,2
celebrated,2
husband,2
chuckle,2
inducing,2
background,2
happier,2
remotely,2
disrupt,2
noisy,2
humid,2
dot,2
liked,2
initiatives,2
honglim,2
blm,2
heroes,2
celebrating,2
recognizing,2
arms,2
prima,2
facie,2
con,2
stating,2
westerners,2
bitter,2
partnerships,2
apartment,2
evolved,2
largesse,2
counted,2
affirming,2
specify,2
lend,2
apologise,2
nudity,2
dealt,2
emotionally,2
gf,2
tech,2
submit,2
previously,2
giant,2
investment,2
prefectures,2
mainlander,2
safer,2
publish,2
aversion,2
gaijin,2
signboards,2
conditions,2
tc,2
focusing,2
covered,2
complied,2
daily,2
boring,2
busy,2
asean,2
sogie,2
officers,2
monumental,2
progressives,2
fare,2
representatives,2
effectiveness,2
custody,2
flagrant,2
fools,2
closely,2
flair,2
authoritative,2
riots,2
tens,2
signatures,2
backs,2
laughable,2
forums,2
fiasco,2
denominator,2
neutered,2
abused,2
planet,2
semantically,2
judging,2
stonewalled,2
slog,2
avenue,2
feeding,2
suppression,2
stacked,2
lawabiding,2
blight,2
completed,2
sociological,2
perceptions,2
boot,2
constructed,2
dissent,2
screwed,2
prison,2
threaten,2
rsg,2
republic,2
pardon,2
clash,2
broke,2
disruptions,2
criminality,2
suicidal,2
villain,2
rebellion,2
calamity,2
somone,2
belive,2
hive,2
criticism,2
disruption,2
speed,2
failure,2
executed,2
wham,2
flag,2
header,2
therapist,2
herculean,2
comparisons,2
lick,2
disrupted,2
pax,2
amendment,2
altar,2
pastor,2
methodist,2
turnout,2
headlines,2
exhausted,2
controversies,2
advocating,2
delete,2
click,2
theories,2
fights,2
arts,2
jacking,2
antiestablishment,2
poster,2
surviving,2
arent,2
traitor,2
yadda,2
prophecy,2
noble,2
career,2
leong,2
mun,2
wai,2
brad,2
activism,2
ingroup,2
abit,2
confused,2
footing,2
emotion,2
suck,2
thumb,2
scene,2
tunnel,2
vision,2
tear,2
imperfect,2
nudging,2
selfproclaimed,2
muzzled,2
loyally,2
isa,2
colleagues,1
grandson,1
grandparents,1
criminalising,1
acceptive,1
strange,1
resisting,1
cluster,1
occasionally,1
millennia,1
ooooo,1
represented,1
lor,1
sia,1
vanished,1
dew,1
settle,1
translation,1
inside,1
ha,1
unilaterally,1
lobby,1
rank,1
brilliant,1
assure,1
clearance,1
mark,1
paves,1
fruitful,1
discussionaction,1
discounting,1
tempted,1
stupidity,1
interracial,1
voluntarily,1
invalid,1
binding,1
codify,1
desires,1
saracastically,1
labelled,1
overtime,1
apathetic,1
latching,1
increment,1
desiring,1
riot,1
sword,1
damocles,1
anwar,1
mahathir,1
politic,1
conscripted,1
rip,1
band,1
blowback,1
betterment,1
cuontry,1
multiracial,1
depictions,1
overseas,1
sjws,1
wor,1
lobbying,1
clamping,1
karening,1
arabic,1
impugn,1
dicking,1
wonders,1
zealotry,1
triggering,1
floodgates,1
plummet,1
nondiscriminatory,1
ageing,1
gdphungry,1
lip,1
stonking,1
educational,1
abstain,1
contributes,1
devil,1
debauched,1
isignificant,1
rejection,1
confesses,1
lo,1
nosy,1
straightness,1
busybody,1
screen,1
grabs,1
jot,1
crabs,1
bucket,1
masks,1
vaccine,1
preparation,1
contagious,1
virus,1
prohibiting,1
shake,1
halfway,1
firmly,1
polemic,1
plebiscite,1
upgrading,1
skills,1
antiqia,1
admire,1
sleep,1
internalised,1
legacy,1
proopposition,1
hurtful,1
symbolically,1
immoral,1
mentioning,1
surround,1
hits,1
decriminalize,1
faster,1
hound,1
rid,1
provisional,1
broaden,1
peeps,1
aunties,1
faces,1
prudential,1
internally,1
sponsoring,1
friendswho,1
monogamous,1
suspicion,1
weapon,1
distraction,1
pressing,1
implications,1
liberalized,1
elderly,1
instilled,1
dear,1
soften,1
youd,1
track,1
switch,1
sodomized,1
profma,1
proves,1
pussies,1
ppap,1
prices,1
woodlands,1
cbd,1
sinkies,1
oblige,1
fellas,1
nonprofit,1
populacemore,1
leverswell,1
behaved,1
sheep,1
suss,1
marital,1
immunity,1
nap,1
hmmmmmmmmmmmmmm,1
mason,1
discreetly,1
alter,1
adherents,1
secularists,1
nominally,1
whatsapp,1
crosses,1
correlated,1
wealthincome,1
headspace,1
shelter,1
funds,1
nonsupporters,1
tougher,1
commissioned,1
counterpetitions,1
onethird,1
ranges,1
illiberal,1
models,1
suppressed,1
gradual,1
harbor,1
reckon,1
bundling,1
romance,1
ultimate,1
flying,1
parenting,1
presence,1
availability,1
feminity,1
penetration,1
fetishized,1
affront,1
contributed,1
easiest,1
redditsauce,1
categorize,1
mom,1
recollections,1
cheating,1
wives,1
queuing,1
toto,1
blaming,1
byproduct,1
darwinism,1
creation,1
mum,1
ba,1
cocktail,1
holders,1
organsiations,1
preaching,1
followers,1
combination,1
prayers,1
gifts,1
hungry,1
ghosts,1
deathbeds,1
frees,1
grain,1
salt,1
singling,1
created,1
dose,1
formal,1
frown,1
emperor,1
opera,1
cross,1
dressed,1
actoress,1
aristocrat,1
hired,1
underage,1
toy,1
luxurious,1
overinterpretation,1
relation,1
interpretation,1
poem,1
tribe,1
papua,1
guinea,1
semen,1
elders,1
blurred,1
insight,1
informatiom,1
goverment,1
hetrosexuals,1
convict,1
thenentire,1
countrys,1
presidential,1
navigate,1
grounded,1
facile,1
islamic,1
oppo,1
populationrandom,1
standpoint,1
ccs,1
rubbish,1
hsk,1
bought,1
ex,1
zealous,1
absurd,1
cults,1
transnational,1
justifications,1
offend,1
residential,1
candles,1
joss,1
sticks,1
inhale,1
playground,1
mandatory,1
lah,1
hoohah,1
rags,1
boils,1
arithmetic,1
profile,1
longerterm,1
mandate,1
delivering,1
prosperity,1
conservation,1
mollified,1
visiting,1
unclear,1
mollify,1
garnered,1
garner,1
goodwill,1
behaviours,1
gerrymandering,1
gutter,1
alienated,1
shifts,1
surveyed,1
ii,1
reevaluate,1
destructive,1
underestimate,1
irrationality,1
polarising,1
multitude,1
tbf,1
globe,1
admitting,1
nuclear,1
neoliberalcapitalist,1
construct,1
employed,1
allocated,1
output,1
singlesunmarried,1
leaves,1
vomit,1
nutcases,1
gladly,1
nontrivial,1
opportunity,1
endure,1
purporting,1
nonrepeal,1
unenforced,1
bastardizes,1
circumscribes,1
personhood,1
unsanctioned,1
arguably,1
agreeing,1
expressly,1
subjugates,1
immutable,1
decile,1
growth,1
decreases,1
respectability,1
philippines,1
semi,1
tracetogether,1
coverage,1
cold,1
smell,1
disadvanatges,1
problemsi,1
allthe,1
ef,1
publiclyopenly,1
disseminate,1
attach,1
endangers,1
socialracial,1
endanger,1
relying,1
preferably,1
profit,1
abort,1
unwanted,1
k,1
project,1
nostalgia,1
cohabit,1
conducting,1
raids,1
netherlands,1
gung,1
ho,1
draconian,1
prerogative,1
pleases,1
committed,1
stranger,1
legislatural,1
spiking,1
sodomising,1
indonesian,1
roofied,1
pretenses,1
inebriated,1
pops,1
orientationidentity,1
perpetrators,1
revised,1
arsed,1
corrsct,1
shamugam,1
closed,1
doors,1
consensually,1
whipping,1
amplify,1
nonsensical,1
heterosexually,1
procreating,1
influencing,1
behavior,1
finely,1
tuned,1
loads,1
instant,1
kindergarten,1
shortage,1
dismantling,1
restructuring,1
infrastructure,1
withdrawal,1
indian,1
frame,1
legitimizes,1
nonsolution,1
impinge,1
coin,1
underground,1
hated,1
repercussion,1
leniency,1
homogeneous,1
deterioration,1
echochamber,1
bird,1
mattered,1
ir,1
nonbelieving,1
doctrines,1
battles,1
impacts,1
net,1
quicker,1
disguise,1
unrestricted,1
gratification,1
twitter,1
transcript,1
unprosecuted,1
wps,1
mature,1
believer,1
looool,1
seldom,1
justifiable,1
ntuc,1
satire,1
naive,1
subpopulation,1
ftfh,1
hating,1
inability,1
rationale,1
antigovernment,1
conscript,1
jealous,1
suggests,1
residing,1
daytoday,1
pineapple,1
disapprove,1
disapproves,1
freaksheathens,1
assaulted,1
partners,1
implicate,1
confines,1
polyamorous,1
provision,1
produce,1
heirs,1
nonmarried,1
nochildren,1
secondclass,1
stave,1
extinction,1
meatbags,1
converse,1
agendas,1
rgs,1
repel,1
sidestepping,1
buddhiststaoistshindus,1
overrepresented,1
removal,1
orchestrated,1
takeover,1
governing,1
sticking,1
zs,1
prs,1
pop,1
dated,1
alien,1
underling,1
governmentunfriendly,1
disconnected,1
sites,1
declined,1
elaborate,1
boiled,1
dignity,1
overcome,1
enmities,1
baked,1
trumpstyle,1
efficient,1
counterargument,1
infringes,1
spit,1
ladder,1
unfilial,1
temple,1
dogcatwhatnot,1
meat,1
mighty,1
hostage,1
censors,1
informative,1
broadcast,1
censoring,1
disinformation,1
reserve,1
presidencies,1
proudly,1
proclaimed,1
july,1
cna,1
livestream,1
youtube,1
historywe,1
colonyhence,1
standardswe,1
ithence,1
bizzaro,1
fakeass,1
rome,1
amorphous,1
poorly,1
adulterers,1
cons,1
minor,1
sizable,1
anonymous,1
nondiscrimination,1
gun,1
schedule,1
reproduce,1
tourismwe,1
revenue,1
diei,1
weigh,1
republican,1
hyper,1
nationalist,1
suppressing,1
burial,1
mosques,1
speakers,1
yelled,1
spat,1
assaulting,1
someplace,1
woodwork,1
repeats,1
normalizes,1
conceded,1
sphere,1
antidiscrimination,1
ag,1
okif,1
deluded,1
angling,1
liberalise,1
punch,1
perpetuate,1
oppressors,1
atrocious,1
silently,1
punish,1
flashbacks,1
fade,1
featuring,1
wppritam,1
fracture,1
dares,1
recanted,1
reals,1
immigrate,1
exconvicts,1
majorityminority,1
ppls,1
elaborating,1
translated,1
localspeak,1
dictates,1
bipartisan,1
tolerating,1
objection,1
pressured,1
criminalised,1
undoubtedly,1
helpful,1
facilitating,1
wa,1
spectator,1
owned,1
reprehensible,1
rectify,1
annoys,1
messing,1
nobrainer,1
rolling,1
emphasising,1
abolished,1
instantly,1
worldview,1
crumble,1
roughly,1
irrational,1
taiwanese,1
manwomen,1
inconsequential,1
richard,1
dawkin,1
oath,1
presented,1
oblivion,1
pile,1
xenophobic,1
bubbles,1
flushed,1
bothering,1
snowflake,1
errant,1
theorem,1
comprehension,1
crap,1
sgeans,1
arrange,1
surrogate,1
speal,1
disapproval,1
dating,1
genderwhich,1
foods,1
geography,1
precious,1
vegan,1
insects,1
presuming,1
affair,1
oldest,1
entwined,1
constructs,1
striving,1
egalitarianism,1
swathe,1
icky,1
eggs,1
card,1
staggering,1
pickup,1
magical,1
attributed,1
l,1
heartening,1
pitchfork,1
items,1
duties,1
comprehend,1
gained,1
guise,1
halfindians,1
personality,1
antiabortion,1
wing,1
seemingly,1
disappeared,1
integrated,1
resorts,1
interventionoversight,1
muslimaffiliated,1
workshops,1
lkystrand,1
rightwing,1
begun,1
liberalization,1
globally,1
purport,1
casually,1
noncasually,1
teachable,1
duh,1
pokemon,1
hexagon,1
stat,1
chart,1
oppression,1
wealth,1
amenities,1
excellent,1
improvement,1
loudlygagging,1
gumption,1
scums,1
solvesthats,1
ideait,1
blocking,1
liberalisation,1
domino,1
piece,1
pitting,1
aim,1
punishing,1
favorable,1
gradually,1
lhy,1
deters,1
reassures,1
prosecutions,1
familial,1
vendettas,1
jaywalker,1
litterbug,1
punchup,1
hauled,1
tragic,1
stink,1
punishments,1
sodomise,1
unknowing,1
drugged,1
clearer,1
stigmatised,1
raping,1
reducing,1
subjectively,1
homoerotic,1
suffers,1
ptsd,1
tv,1
drift,1
mobile,1
thirdparty,1
namely,1
genetic,1
defects,1
entail,1
organisers,1
abide,1
maker,1
hatecrime,1
socioeconomic,1
died,1
goodness,1
spews,1
combative,1
angered,1
muslimchristian,1
harass,1
guessing,1
workromance,1
rosy,1
achieves,1
catering,1
causation,1
primarily,1
cursingfilled,1
rants,1
aids,1
biology,1
fake,1
buddhisttaoist,1
confucian,1
scope,1
heterosexuality,1
expressing,1
downvotes,1
groupthink,1
proimmigration,1
antiminimum,1
monoliths,1
phrased,1
runs,1
smokers,1
designated,1
zones,1
confidently,1
weaknesses,1
warriors,1
insufficient,1
sampling,1
expected,1
probability,1
bellshape,1
curve,1
deviation,1
interval,1
shhhhhhhhh,1
wtf,1
motions,1
differentsex,1
pushes,1
selfdenialloathing,1
fragmenting,1
bipeople,1
pessimistic,1
grand,1
coaxed,1
adds,1
notwithstanding,1
codified,1
tacit,1
bottomup,1
devils,1
spiel,1
escape,1
residence,1
unmarried,1
maternal,1
incentives,1
grandparent,1
drama,1
structurally,1
individualism,1
quip,1
applicable,1
pirate,1
loop,1
agasint,1
faulted,1
pr,1
nurses,1
expanded,1
significance,1
unchanged,1
bias,1
dominant,1
subtle,1
morph,1
cliques,1
colonies,1
tooif,1
apease,1
bullshitwe,1
perspectives,1
normsits,1
conservativejust,1
othersi,1
um,1
whatlaws,1
lawswe,1
forgetting,1
pastwe,1
mainline,1
parishes,1
lukewarm,1
atypical,1
fanatical,1
pulled,1
thumping,1
congregations,1
overrrepresented,1
alliance,1
hq,1
suntec,1
progressed,1
kopi,1
sessions,1
swole,1
publishing,1
document,1
reelected,1
steering,1
insistence,1
vestigial,1
lucien,1
ensues,1
cake,1
feigning,1
collected,1
conundrum,1
criticality,1
detract,1
promises,1
impinges,1
murder,1
proreproductive,1
eugenicist,1
lurking,1
complacent,1
fallout,1
murdered,1
surpass,1
autism,1
rapist,1
loved,1
penalties,1
booths,1
championed,1
balakrishnan,1
trump,1
hillary,1
emails,1
halfsiblings,1
cousins,1
panic,1
accessing,1
excluded,1
collapse,1
resist,1
rebuttals,1
individualscouples,1
floating,1
condo,1
sky,1
newsflash,1
qualify,1
marraige,1
arbitrary,1
scandal,1
referenced,1
methodology,1
margin,1
climb,1
aknowledge,1
activley,1
bending,1
recite,1
pledge,1
eligible,1
combat,1
frequenting,1
prostitutes,1
elites,1
ama,1
dodged,1
ballpark,1
heading,1
casting,1
endall,1
bulk,1
arrive,1
til,1
genderspecific,1
ashley,1
islamophobia,1
antichoice,1
pluralism,1
neutrality,1
secondhand,1
analogy,1
tossed,1
nber,1
sizes,1
ap,1
reuters,1
distribution,1
regurgitating,1
terminology,1
linear,1
regression,1
dusty,1
twotailed,1
ttest,1
stdev,1
amirite,1
fertility,1
dimensional,1
neccessarily,1
topdown,1
swayed,1
connections,1
stalemate,1
proportionately,1
solid,1
intuitive,1
repulsive,1
water,1
fantastic,1
powderful,1
gauge,1
derail,1
indefinitely,1
processes,1
whims,1
flipflop,1
deliberation,1
calculations,1
selecting,1
prevalent,1
jest,1
revulsion,1
momentum,1
convoluted,1
scenarios,1
saf,1
tidbit,1
ponder,1
disagreed,1
wrap,1
confusing,1
closing,1
executing,1
quick,1
sexist,1
labels,1
intention,1
apolitical,1
reffering,1
fundraisers,1
criticising,1
ruinous,1
invariably,1
depend,1
reclaiming,1
deposits,1
calm,1
issuethe,1
messassault,1
happentreatment,1
thoserights,1
iemore,1
qually,1
tip,1
iceberg,1
followwith,1
manifest,1
issueand,1
problemsthats,1
solutions,1
premature,1
limbo,1
hcps,1
minus,1
vincent,1
quiet,1
bb,1
substituted,1
commission,1
obscene,1
untenable,1
hansard,1
mha,1
emoji,1
wager,1
symbol,1
unemployed,1
approves,1
willpower,1
dissatisfied,1
idk,1
arrived,1
dissociate,1
altogether,1
wellinformed,1
affirmed,1
shape,1
prizes,1
hierarchyseniorselders,1
management,1
revival,1
dynasties,1
leveraging,1
teachings,1
justification,1
philosophies,1
oversimplifying,1
obv,1
gist,1
vinegar,1
individuality,1
consumes,1
millennials,1
antihomosexual,1
sexmarriage,1
eroding,1
inculcatingencouraging,1
deeds,1
legitimatising,1
destabalise,1
legislates,1
mandating,1
ratio,1
cmio,1
neighbourhood,1
preserving,1
unstable,1
purchase,1
extends,1
sentencing,1
traffickers,1
waaaaay,1
overkill,1
determines,1
suppress,1
oftentimes,1
attract,1
outcry,1
pisses,1
repealling,1
dip,1
forsee,1
seats,1
champions,1
proactive,1
conceptions,1
hardline,1
tyranny,1
springing,1
seemed,1
democracies,1
violated,1
rightsbased,1
misconception,1
assemblingprotest,1
introduction,1
absence,1
assembliesprotests,1
frequently,1
electorate,1
assemblingprotesting,1
annually,1
shared,1
propagating,1
factual,1
bogeymen,1
slopes,1
unaffected,1
legalizing,1
outlier,1
intrude,1
inferior,1
ovelypc,1
cope,1
petitioned,1
burnt,1
content,1
loudest,1
proponent,1
pc,1
correctness,1
counterproductive,1
kkk,1
denying,1
equivalence,1
irregular,1
estimated,1
reinforced,1
prescriptive,1
returning,1
glaring,1
racists,1
andtoo,1
robbersi,1
dothe,1
criminalises,1
enforcedi,1
gayit,1
legalisedsure,1
solvedbeing,1
arrise,1
itbut,1
equallythats,1
doingand,1
indranee,1
rajah,1
anglican,1
defended,1
christopher,1
souza,1
churchgoing,1
indianseurasians,1
reshuffle,1
ministersofstate,1
parl,1
secs,1
mayors,1
innocuous,1
whip,1
categorically,1
hedging,1
bets,1
speaks,1
walk,1
minutes,1
preconceived,1
notions,1
educationalwealth,1
divorces,1
messy,1
presumptuous,1
satisfactory,1
overnight,1
contributions,1
championing,1
beside,1
promoted,1
cisgendered,1
discovery,1
mistakenly,1
replied,1
hails,1
jerusalem,1
mecca,1
quarters,1
specified,1
inane,1
oddly,1
universally,1
impinging,1
stigmatizes,1
strengthen,1
distinguishing,1
observe,1
intrepretation,1
sketchy,1
imagined,1
belie,1
labeled,1
fwiw,1
supremacist,1
dogwhistle,1
neglects,1
normalise,1
arrestable,1
revolt,1
cleave,1
reductionist,1
xyz,1
facilitated,1
cosmopolitan,1
rude,1
instances,1
poked,1
rebuttal,1
uncritical,1
begged,1
enforcedits,1
bypass,1
itunless,1
stupidly,1
openlyits,1
solving,1
staythe,1
debateour,1
erode,1
arisemore,1
comemaybe,1
highim,1
thatand,1
iteven,1
legalises,1
hsieng,1
loong,1
detransitioning,1
servants,1
checks,1
english,1
prejudiced,1
ostensibly,1
irks,1
decriminalising,1
bedrooms,1
deported,1
north,1
implies,1
tyrants,1
somebody,1
coopted,1
gasp,1
tides,1
stepped,1
preferred,1
irked,1
offputting,1
reeks,1
elitism,1
knowmorethanthesechristianbigots,1
genius,1
selfgratification,1
exliberal,1
artistry,1
capability,1
caricature,1
construe,1
paradox,1
fcbc,1
meetings,1
weekly,1
khong,1
coup,1
staged,1
factbased,1
petitions,1
eventstopics,1
guruswamy,1
satan,1
scapegoated,1
respectful,1
unable,1
vacuous,1
uyewjrn,1
heshe,1
patricklhe,1
holierthanthou,1
condescending,1
difficulties,1
mix,1
sympathies,1
interpretations,1
resonate,1
january,1
complained,1
intervened,1
obtaining,1
referral,1
attracting,1
protested,1
buona,1
vista,1
allegedly,1
feb,1
bitterly,1
contested,1
britain,1
fierce,1
rages,1
inclusion,1
exclusion,1
sports,1
gendersegregated,1
bathrooms,1
cautionary,1
emerging,1
polarisation,1
stoking,1
escalate,1
adequately,1
segments,1
dominate,1
acknowledging,1
reminded,1
acknowledges,1
validity,1
fanfare,1
infamous,1
hotbed,1
activity,1
coincidence,1
historically,1
distinct,1
professor,1
ss,1
obstetrics,1
gynaecology,1
pioneering,1
mismatch,1
roles,1
clinic,1
commonly,1
endocrinology,1
documents,1
welloff,1
facilitate,1
administrative,1
unsupportive,1
sensitively,1
bathroom,1
usage,1
assigned,1
insists,1
blouse,1
september,1
four,1
persuade,1
masculinised,1
features,1
deepened,1
schoolmates,1
insisted,1
earnest,1
negotiate,1
requisite,1
operations,1
collecting,1
enrolled,1
graduate,1
reveal,1
fifth,1
edition,1
statistical,1
manual,1
disorders,1
recognises,1
clinically,1
impairment,1
occupational,1
functioning,1
worsened,1
completing,1
involving,1
policymakers,1
counselled,1
desperation,1
alternatives,1
selfadministering,1
technique,1
invented,1
benjamin,1
sheares,1
adapted,1
renowned,1
skilled,1
surgeons,1
transexuals,1
fundamentalists,1
cleansing,1
eradicating,1
reverting,1
largest,1
waged,1
misbelief,1
widens,1
encompasses,1
aspect,1
prides,1
housework,1
ladylike,1
fat,1
plaits,1
hua,1
scolded,1
fbt,1
pe,1
shorts,1
shd,1
decently,1
mohhpb,1
infographic,1
whacked,1
gripe,1
technocrats,1
fuelled,1
parcel,1
robust,1
email,1
hinduism,1
lecture,1
theatres,1
broached,1
ultra,1
professionally,1
eitheror,1
analyse,1
expresses,1
determining,1
findings,1
dsmv,1
criteria,1
diagnoses,1
transitioned,1
anguished,1
unsure,1
suitable,1
reacting,1
cling,1
defensively,1
equipped,1
iirc,1
debating,1
hindu,1
centre,1
outspoken,1
breathing,1
buddhisttaoistsyncretic,1
wellorganised,1
evangelists,1
branch,1
fotf,1
conspicuous,1
participation,1
cunt,1
funnily,1
ustaz,1
coinciding,1
neatly,1
mega,1
arab,1
petrodollarrich,1
gulf,1
exported,1
funding,1
parallels,1
anecdotally,1
kelantan,1
semicommon,1
vectors,1
devout,1
practitioner,1
asexual,1
philosophy,1
jedi,1
nonattachment,1
apache,1
walrus,1
lab,1
techs,1
chemistry,1
dnt,1
woodworkers,1
adopted,1
investigation,1
argumentation,1
kant,1
spinning,1
hardwired,1
accepts,1
mechanism,1
transitedis,1
conclusive,1
divorced,1
suspected,1
assessment,1
schoolmoe,1
terrible,1
teenager,1
sterilized,1
sounded,1
surgeon,1
bangkok,1
recover,1
rub,1
tattoo,1
swastika,1
delaying,1
dimension,1
rationality,1
exceptwe,1
medications,1
array,1
leap,1
regulation,1
thin,1
dodging,1
oops,1
reminding,1
huh,1
billy,1
graham,1
antioch,1
rot,1
dig,1
organized,1
jason,1
educators,1
shanmugan,1
crosssex,1
guaranteed,1
irreversibly,1
prepubescent,1
outgrow,1
begins,1
administered,1
knowledgeable,1
wouldo,1
adhere,1
specious,1
spectre,1
dominionism,1
watchful,1
attendance,1
infants,1
normalize,1
referred,1
transsexual,1
darius,1
blogs,1
interference,1
disagreement,1
tenet,1
aggressively,1
preferable,1
persons,1
reconcile,1
hill,1
teaching,1
aspects,1
earliest,1
buys,1
psychiatry,1
prescribing,1
determination,1
ignores,1
distressed,1
clothes,1
blanket,1
worm,1
chemotherapy,1
psychs,1
specialise,1
guardians,1
tedious,1
notintervening,1
lifelong,1
safest,1
remaining,1
butch,1
breasts,1
girly,1
briefly,1
dictating,1
liann,1
spouting,1
dominionist,1
regulated,1
fixing,1
eithers,1
academy,1
pediatrics,1
childrenteenagers,1
indicated,1
lags,1
ketamine,1
psilocybin,1
fast,1
tracked,1
numerous,1
tremendous,1
efficacy,1
stands,1
moh,1
endocrine,1
medicine,1
persistent,1
function,1
repeated,1
chime,1
severity,1
knife,1
psychiatrists,1
specializing,1
subscribes,1
abstracts,1
metal,1
implants,1
branded,1
gut,1
preachy,1
panacea,1
obtuse,1
minimal,1
exceedingly,1
forming,1
indicates,1
stuffs,1
pregnancy,1
cyberpunk,1
nonmental,1
cat,1
explanation,1
psychosis,1
delusion,1
unselfconsciously,1
beautiful,1
invites,1
vagina,1
kuan,1
yew,1
barked,1
disconnect,1
aligned,1
feminine,1
sporty,1
nerd,1
punk,1
tattoos,1
piercings,1
neurological,1
sexatypical,1
subconsciously,1
sexed,1
presently,1
attempts,1
centuries,1
nottrans,1
worsening,1
psychoing,1
psychologically,1
rounding,1
lqgbt,1
aregret,1
hilarious,1
masturbating,1
deviating,1
welcome,1
preachiness,1
ibs,1
heed,1
focal,1
childteen,1
hrtsrs,1
riskbenefits,1
obtain,1
penalizing,1
offchance,1
cisperson,1
hoops,1
route,1
neglected,1
transyouth,1
detransition,1
detransitioners,1
loco,1
replacement,1
veterinary,1
settings,1
damndest,1
rigged,1
lunatic,1
continually,1
permanently,1
references,1
genderaffirming,1
referencing,1
ongoing,1
dangerouswrong,1
damnest,1
brethren,1
weakening,1
citing,1
august,1
advances,1
roll,1
vaccines,1
everybody,1
clinical,1
trials,1
sidestep,1
nhs,1
endocrinologist,1
fields,1
forefront,1
indefensible,1
entertaining,1
round,1
appendectomy,1
goalposts,1
accuse,1
hypocrite,1
misrepresent,1
doctorpatient,1
studiesdata,1
outweigh,1
indicators,1
quantify,1
anxiety,1
prescribe,1
cognizant,1
neighbouring,1
near,1
adjustments,1
statusquo,1
succeeeding,1
skeptical,1
rep,1
wore,1
makeup,1
apologetic,1
teasing,1
immature,1
crush,1
teased,1
clap,1
unapologetic,1
chalet,1
hurdle,1
hid,1
flamboyant,1
hung,1
msn,1
arse,1
monointake,1
soldiers,1
uni,1
watched,1
nick,1
shen,1
liking,1
chastising,1
movies,1
simon,1
rating,1
nonsexualised,1
storyline,1
mediacorp,1
portraying,1
proselytism,1
dies,1
backbone,1
piss,1
rectifying,1
corporations,1
opting,1
artists,1
appealing,1
substantially,1
appealcompetitiveness,1
doubtful,1
instill,1
devotees,1
tolerant,1
bashing,1
shroud,1
grievous,1
successfully,1
criminalize,1
stigmatisation,1
endorsed,1
concerted,1
nets,1
strictdevout,1
immigrant,1
vernacular,1
openminded,1
zealot,1
elite,1
origin,1
abrahic,1
contributing,1
intellectual,1
laziness,1
westener,1
paints,1
widely,1
sabotaged,1
unsuspecting,1
consume,1
grandfather,1
tea,1
mall,1
frustrated,1
tempt,1
obama,1
biden,1
advocates,1
proverbial,1
fruit,1
kick,1
worshipping,1
deities,1
organised,1
outnumbered,1
polarization,1
consistency,1
liu,1
lingling,1
celebrity,1
negligible,1
season,1
bullet,1
reducingremoving,1
upbringing,1
edgy,1
foreseeable,1
te,1
myriad,1
verses,1
jewish,1
holy,1
criticised,1
slave,1
wife,1
ridiculed,1
barbarism,1
persecuted,1
indifference,1
practicing,1
sweeter,1
encounter,1
converting,1
bah,1
netflix,1
normalised,1
pedophile,1
stereotype,1
nondiscriminative,1
incentive,1
addition,1
tricky,1
annulled,1
disney,1
depicting,1
films,1
millenias,1
caliphate,1
medieval,1
europes,1
radicals,1
condone,1
intolerance,1
extend,1
expose,1
moderates,1
decriminalization,1
incels,1
connected,1
glimpse,1
fostered,1
belonging,1
homophobicconservative,1
tin,1
foil,1
hat,1
enjoying,1
mars,1
gmer,1
sons,1
woefully,1
outdated,1
equipment,1
mow,1
ab,1
comrade,1
companion,1
timeline,1
areal,1
impotently,1
hundred,1
weirdly,1
furious,1
impressed,1
fascinating,1
boggle,1
acceptancerepresentation,1
gassing,1
infertile,1
ernst,1
kaltenbrunner,1
nrnberg,1
concentration,1
camp,1
yazov,1
thermonuclear,1
annihilation,1
eurasian,1
larp,1
yockey,1
alternate,1
grimdark,1
explore,1
explored,1
aforementioned,1
plotlines,1
exploration,1
messed,1
beings,1
wiped,1
yagoda,1
mechanically,1
incentivised,1
idealism,1
inhabits,1
dreams,1
fulfillment,1
soul,1
crack,1
unrealistic,1
speer,1
hugging,1
hitler,1
jew,1
hunting,1
eurasia,1
archery,1
hobby,1
occupied,1
reich,1
wannabe,1
aryans,1
murdering,1
mortal,1
rooting,1
fascist,1
sleeping,1
scandals,1
proxy,1
polarised,1
browsing,1
procrastination,1
rossiya,1
despotist,1
tnomod,1
tune,1
baizuo,1
realshaman,1
russophobic,1
paragraphs,1
succinctly,1
hammer,1
constitute,1
tearing,1
structure,1
idealogue,1
endured,1
periods,1
cohesion,1
series,1
disjointed,1
scarce,1
idealogies,1
reflecting,1
universe,1
wholsum,1
devastated,1
alexander,1
uplifting,1
brighter,1
tad,1
redundant,1
disavow,1
reacted,1
unjustly,1
devs,1
boris,1
yeltsin,1
legalize,1
jesse,1
homosex,1
coloured,1
tantalising,1
hints,1
reflected,1
centralization,1
tsarist,1
overturn,1
collectivisation,1
village,1
soviet,1
wonderful,1
traditionalist,1
awakening,1
enrich,1
static,1
demonstrates,1
pitching,1
nightmare,1
draws,1
sweet,1
cheapens,1
factions,1
proving,1
iit,1
ransphobia,1
tendency,1
degenerate,1
elements,1
selfinflicted,1
amnesia,1
rasputin,1
essentialism,1
misunderstanding,1
rtnomod,1
imposter,1
thankfully,1
review,1
screeds,1
impressively,1
documented,1
zedong,1
chaotic,1
militarizing,1
genocidal,1
dictator,1
coexistence,1
immense,1
tragedy,1
portrays,1
wargaming,1
lately,1
decadebased,1
boardgame,1
itching,1
stomping,1
alternated,1
exclusionary,1
innovative,1
praises,1
irrationally,1
sharp,1
wellobserved,1
phenomenon,1
lessaffected,1
centralised,1
statemandated,1
leitkultur,1
bent,1
interpreted,1
pose,1
catgirl,1
nazis,1
warlords,1
engaged,1
brutal,1
reclamation,1
technologically,1
paradise,1
overreact,1
occasional,1
whistle,1
ishmmlr,1
komi,1
burk,1
lgbdropthet,1
conquer,1
misinformed,1
historicity,1
fluidity,1
naziphobic,1
prosecuting,1
door,1
transexclusionary,1
feminist,1
curse,1
bodied,1
screed,1
doxxed,1
gamergate,1
westerner,1
horribly,1
devolve,1
somepoint,1
overeact,1
fascinated,1
detriment,1
humbled,1
himmler,1
chungus,1
overreacted,1
upvoted,1
structured,1
unfriendly,1
pockets,1
essential,1
beggar,1
adores,1
persuaded,1
outrageous,1
hmmlr,1
decriminalise,1
shortterm,1
respectable,1
isthat,1
apologies,1
stab,1
virulently,1
atm,1
overly,1
describes,1
captures,1
regulate,1
distinctive,1
legalisedecriminalise,1
player,1
demonstrating,1
wholeass,1
mechanic,1
demonstrate,1
conceivably,1
situational,1
overton,1
simulating,1
constraints,1
pleasant,1
otl,1
reactionaryrevisionist,1
putin,1
stories,1
thirty,1
v,1
wedgewood,1
mirror,1
barbara,1
tuchman,1
humancharacter,1
faithfulness,1
render,1
characterfocused,1
diarmaid,1
macculloch,1
heavenly,1
kingdom,1
brief,1
renaissancereformation,1
germany,1
loooot,1
durant,1
civilisation,1
dive,1
recommendation,1
product,1
uses,1
negro,1
mohammedan,1
caesar,1
christ,1
louis,1
xiv,1
enthralling,1
teeth,1
lafcadio,1
hearn,1
orientalist,1
meiji,1
orientalism,1
shines,1
glimpses,1
ghostly,1
sourcebook,1
boymode,1
flashing,1
neon,1
warn,1
w,1
bigotryan,1
unsafe,1
masculine,1
judgmental,1
dump,1
prioritizing,1
reframe,1
shes,1
perceive,1
wrestle,1
depths,1
acutely,1
passive,1
organizer,1
responsibilities,1
requiring,1
blaring,1
admission,1
whispering,1
honor,1
reactions,1
pivot,1
confront,1
comportment,1
capacity,1
securing,1
wedding,1
appalled,1
sharks,1
shameful,1
vein,1
inappropriate,1
disturbed,1
alarmed,1
guest,1
skip,1
slot,1
mia,1
uncommon,1
friendships,1
reiterating,1
boymodibg,1
hides,1
deals,1
ultimatums,1
undeniably,1
assholish,1
sharkfinning,1
petty,1
fullstop,1
buh,1
dared,1
staunchly,1
berates,1
surrounded,1
inferiors,1
deign,1
savior,1
mannish,1
misgendered,1
wimp,1
convience,1
humiliating,1
backstory,1
spine,1
allly,1
heat,1
brat,1
hog,1
soyou,1
trigger,1
incongruence,1
nonconformity,1
embarrassing,1
metric,1
managers,1
fraction,1
saving,1
phrase,1
gossip,1
signal,1
deviants,1
soak,1
adulation,1
trannies,1
pissing,1
rain,1
lastly,1
necks,1
mile,1
pleased,1
repeatedly,1
magnitudes,1
finds,1
bf,1
swap,1
requested,1
jack,1
profits,1
repulsed,1
disgusted,1
fairweather,1
tran,1
charity,1
integrity,1
sniveling,1
manipulative,1
throws,1
imprisoned,1
joking,1
retort,1
injuredlost,1
alll,1
wolves,1
gift,1
squad,1
elder,1
frontend,1
womanor,1
watching,1
isolated,1
humiliated,1
margnalised,1
dudeget,1
tourists,1
visit,1
belong,1
traumitise,1
motive,1
traumatize,1
exit,1
traumatized,1
honestyou,1
careless,1
cowardly,1
friendsthey,1
delicate,1
balancing,1
lbgtq,1
honesty,1
lowkey,1
demean,1
playgrounds,1
rebels,1
nerve,1
hall,1
poses,1
notices,1
offense,1
planned,1
churchmates,1
vengeance,1
finger,1
yeahalso,1
platter,1
youit,1
trusting,1
vet,1
betraying,1
committing,1
superior,1
shine,1
fking,1
lmfao,1
debunk,1
fraudulent,1
program,1
shady,1
mask,1
exploit,1
deplorable,1
sand,1
amicable,1
egg,1
fly,1
kite,1
neanderthals,1
newspaper,1
registered,1
faithbased,1
totesnotconversiontherapy,1
lion,1
witch,1
audacity,1
personified,1
bizarre,1
debunking,1
closeminded,1
contents,1
clicked,1
lady,1
alphabets,1
consult,1
vaccinemedicationmedical,1
sado,1
masochist,1
obsessed,1
sinful,1
dissemble,1
colours,1
welcoming,1
overcomers,1
unclean,1
shits,1
epitome,1
scrutinize,1
sermons,1
preying,1
closet,1
reforms,1
diddle,1
christendom,1
bugger,1
bane,1
mankind,1
peers,1
partying,1
yachts,1
boyfriendgirlfriends,1
avoiding,1
islamtaoistbuddhist,1
concert,1
shitpost,1
site,1
stress,1
remembering,1
shall,1
blue,1
ouija,1
housewives,1
credit,1
amen,1
jog,1
bedfellows,1
imams,1
monkstaoist,1
cherry,1
disassociate,1
truelove,1
weirdos,1
stench,1
favours,1
holee,1
walked,1
collectors,1
whores,1
rebuke,1
pharisees,1
righteous,1
truthful,1
associationssocietiesbodies,1
regulates,1
discredits,1
statutory,1
pseudoscience,1
peddlers,1
prob,1
explorationbased,1
associations,1
flatearth,1
angelsspiritsgod,1
soooo,1
lambs,1
goats,1
theyre,1
strat,1
lyrics,1
techno,1
disembowel,1
twists,1
intestines,1
stereotyped,1
camps,1
cured,1
wording,1
twisters,1
libertarian,1
satellite,1
unfettered,1
wields,1
opponent,1
cunts,1
behaving,1
destiny,1
botherers,1
mm,1
leviticus,1
xd,1
passages,1
giveaway,1
galaxy,1
catching,1
thebibleandhomosexuality,1
github,1
validation,1
yolo,1
doxxing,1
discriminating,1
boiling,1
crossdressing,1
lifestylechoice,1
senses,1
plainly,1
conception,1
hippie,1
gendernorms,1
lightly,1
sincere,1
interactions,1
agents,1
secrecy,1
credible,1
sending,1
enraged,1
wongs,1
emailing,1
displeasure,1
ibinternational,1
rn,1
updating,1
recorded,1
released,1
enter,1
figures,1
misgender,1
ordeal,1
species,1
nothings,1
someday,1
wraps,1
kudos,1
typical,1
judgemental,1
willful,1
appalling,1
deliberate,1
unnoticed,1
utmost,1
categories,1
disability,1
homebased,1
cohort,1
senseless,1
unnecessary,1
unusually,1
chainofcommand,1
bh,1
upsetting,1
goose,1
chase,1
represents,1
incorporate,1
antitrans,1
miserable,1
suicde,1
transfem,1
pattern,1
ge,1
merger,1
barisan,1
socialis,1
malayan,1
subsequently,1
herald,1
nanyang,1
siang,1
pau,1
editorial,1
boards,1
selected,1
detained,1
restarted,1
aftermath,1
marine,1
demonstration,1
overthrow,1
amnesty,1
dutch,1
journal,1
pulling,1
detaining,1
detainees,1
fuessmo,1
filipino,1
leftists,1
install,1
marxist,1
ignorantoutdated,1
misgendering,1
deadname,1
trooper,1
jere,1
exhausting,1
weather,1
grace,1
unfolding,1
motion,1
tread,1
creates,1
precedence,1
highlight,1
shortcomings,1
helpless,1
br,1
genderqueer,1
clarified,1
commented,1
communication,1
fingers,1
bravery,1
outraged,1
swallow,1
sheeple,1
daring,1
belittle,1
damm,1
prioritising,1
flawed,1
transgendered,1
phobic,1
schooljc,1
admin,1
accountable,1
clarifications,1
economics,1
fresh,1
slate,1
hole,1
preaches,1
buried,1
embracing,1
ica,1
records,1
compromises,1
clothing,1
viewpoint,1
par,1
wouldiscussion,1
prata,1
incompetence,1
flipping,1
overriding,1
sry,1
liddat,1
alrdy,1
homepage,1
filing,1
qualified,1
doubting,1
harold,1
wilson,1
james,1
callaghan,1
diplomatic,1
era,1
gm,1
dt,1
probs,1
jrnrej,1
handicapped,1
amisgendering,1
commenting,1
cohesiveness,1
noone,1
exempted,1
exempt,1
avoided,1
forbids,1
reverse,1
erroneously,1
scholar,1
linguistics,1
possessive,1
automated,1
errors,1
dms,1
owner,1
elitedamyth,1
backup,1
releases,1
suspecting,1
ktph,1
malpractice,1
secret,1
submitted,1
unto,1
recount,1
ahh,1
ure,1
sceimce,1
cjc,1
manager,1
district,1
stops,1
runaround,1
amenable,1
sued,1
beforehand,1
publicizing,1
publicize,1
poha,1
pdpa,1
admissible,1
ig,1
overthinking,1
exposed,1
disadvantage,1
operating,1
rewording,1
cursory,1
reveals,1
informationin,1
profession,1
occurence,1
inspiration,1
uploading,1
stake,1
details,1
insistent,1
supermannor,1
certifying,1
undergoes,1
follows,1
analogies,1
recoding,1
medicinal,1
trolling,1
pomelo,1
bitten,1
trolled,1
honours,1
contradictions,1
buddy,1
simplified,1
flex,1
aww,1
somethings,1
legitimized,1
ten,1
son,1
kinds,1
interfaith,1
prohibits,1
samefaith,1
institutionalize,1
struggling,1
believes,1
stressed,1
tales,1
pseudosolutions,1
evolves,1
reassure,1
jointsingles,1
fancier,1
pasarmalam,1
spade,1
happi,1
lads,1
shopee,1
hearing,1
annoying,1
youre,1
pollution,1
zealand,1
renewed,1
hugs,1
sirmaaminsert,1
functioned,1
sociopolitical,1
rooted,1
confer,1
eventual,1
energy,1
hyakkkkk,1
redirect,1
resigned,1
crowded,1
discounted,1
drinks,1
nearby,1
bars,1
unaware,1
picnic,1
gosh,1
limiting,1
workarounds,1
heteronormative,1
speeches,1
performances,1
pasar,1
malam,1
sellpromote,1
queerfriendly,1
stagnant,1
limitations,1
sponsors,1
cooperate,1
spark,1
solved,1
attire,1
appearing,1
capitalism,1
unashamedly,1
understandable,1
whiters,1
dignified,1
thewesternersdoumm,1
haveuhhtheir,1
halfgay,1
fax,1
speculate,1
harsher,1
singleing,1
breed,1
schemes,1
subsidized,1
ruin,1
wo,1
abt,1
allay,1
nucleus,1
caters,1
shariah,1
introducing,1
reflection,1
leeway,1
partyparty,1
allyally,1
celebrationlet,1
usnottalkaboutgroundedissues,1
fondness,1
afternoon,1
chilling,1
grateful,1
warms,1
pictures,1
lights,1
solidarity,1
shaped,1
bis,1
halfbi,1
p,1
blip,1
reservist,1
boom,1
department,1
partnership,1
construction,1
tradeoff,1
committee,1
defund,1
activismoriented,1
visibility,1
humidity,1
unpleasant,1
kenna,1
lelll,1
cheers,1
flaws,1
misconceptions,1
sitters,1
breathe,1
sarcasm,1
istop,1
millions,1
restraint,1
hang,1
saggy,1
literal,1
festivals,1
celebrations,1
talent,1
fluent,1
kaypo,1
heh,1
unwieldy,1
minimally,1
fluency,1
g,1
flags,1
telok,1
ayer,1
intervening,1
conservatively,1
legislated,1
platitude,1
rag,1
countdown,1
shambles,1
richer,1
selfstudy,1
semifluent,1
passion,1
ads,1
tackle,1
landmark,1
legalisation,1
travelled,1
shitty,1
mandarin,1
migrated,1
offensive,1
antimovement,1
conflicted,1
cringey,1
freshly,1
driver,1
legitimization,1
reform,1
wildly,1
valuable,1
founders,1
everhthing,1
marketed,1
circuit,1
festival,1
semblance,1
controlling,1
dispose,1
spurred,1
leather,1
daddies,1
gear,1
restrained,1
luckily,1
thankless,1
aha,1
intersectionalism,1
organizers,1
allowdisallow,1
corporatization,1
raged,1
farrrrr,1
advise,1
underwent,1
bureaucratic,1
confusion,1
voided,1
thou,1
ldp,1
spot,1
sgrean,1
foreignessgaijinessmainlanderness,1
eh,1
reclaimed,1
slang,1
newlyout,1
ostracize,1
asks,1
certificate,1
rent,1
visa,1
unambitious,1
earning,1
brown,1
arejust,1
entering,1
vaccination,1
steadily,1
travel,1
typed,1
realized,1
offtopic,1
ambivalence,1
unkind,1
stares,1
stem,1
amalayness,1
rarer,1
mystical,1
unicorns,1
borders,1
deduce,1
baka,1
refers,1
oafish,1
westernlooking,1
korean,1
sweeping,1
conjures,1
images,1
towering,1
whiteblack,1
kanji,1
koreans,1
insensitive,1
greatest,1
earthquakes,1
unpleasantness,1
passiveaggression,1
antiasian,1
beatings,1
york,1
cali,1
info,1
appreciated,1
exercising,1
topfloor,1
located,1
chokefull,1
amdk,1
daddy,1
dry,1
saddening,1
unexpected,1
votted,1
imma,1
productive,1
credence,1
fuel,1
erroneous,1
provided,1
fck,1
outlined,1
overridden,1
rolls,1
meetup,1
makan,1
warped,1
shallow,1
monochrome,1
jay,1
walking,1
irl,1
ti,1
sell,1
kidding,1
caucus,1
list,1
forumasia,1
arrow,1
protesters,1
emotions,1
hpl,1
unavailable,1
impossibility,1
controversy,1
costbenefit,1
injustices,1
lgbq,1
palatable,1
amarked,1
unfortunate,1
unified,1
tactics,1
rejoicing,1
divided,1
insert,1
disrupting,1
protestsorganised,1
anticolonial,1
ikr,1
exaggerate,1
theytheir,1
elect,1
chased,1
leh,1
smallish,1
dooming,1
hor,1
dickish,1
arrogant,1
selfrighteous,1
owed,1
breach,1
orders,1
discovered,1
indicative,1
denounced,1
ratified,1
iccpr,1
conventions,1
triumph,1
unlawful,1
copy,1
paste,1
mislead,1
twelve,1
seconds,1
politicking,1
grants,1
kongno,1
para,1
sanctioned,1
joint,1
blowing,1
achievement,1
stirred,1
breakingly,1
awful,1
blow,1
prevailing,1
bode,1
weponized,1
wierd,1
beleive,1
king,1
rosa,1
parks,1
extrapolate,1
feeds,1
miserably,1
straying,1
transphobes,1
rally,1
lowest,1
stunts,1
harden,1
mediaorganisations,1
killing,1
ulu,1
tuas,1
dogs,1
chasing,1
cyclist,1
rejected,1
attainable,1
systematically,1
rigidly,1
regard,1
hopeless,1
id,1
kill,1
discount,1
unlivable,1
fragrant,1
nonsignatory,1
signatories,1
twothirds,1
amended,1
threshold,1
kashyyyk,1
ewoks,1
ladies,1
gentlemen,1
acquit,1
rests,1
seize,1
seizing,1
regions,1
south,1
practised,1
responsibly,1
threated,1
resistant,1
demoralizing,1
stonewall,1
nigh,1
weakest,1
pioneers,1
fought,1
colonialismdictators,1
instigated,1
aptn,1
regional,1
deck,1
commendable,1
cocooning,1
unwise,1
preplanned,1
deescalation,1
confrontation,1
netizens,1
continuum,1
contend,1
conservativesradicals,1
radicalism,1
centrism,1
volunteering,1
papwp,1
femen,1
freaked,1
predisposed,1
alarmist,1
farreaching,1
depth,1
stfu,1
impactful,1
licking,1
engineered,1
gathered,1
welp,1
papvoting,1
disliked,1
jailed,1
stint,1
prisoners,1
feasible,1
unfeasible,1
grievances,1
partnerally,1
uswestern,1
geopolitically,1
jailing,1
bat,1
eyelid,1
worded,1
unfavourable,1
suing,1
issuing,1
quieten,1
uproar,1
paying,1
price,1
incidents,1
temporary,1
proceeds,1
manpower,1
sercices,1
slurs,1
blantly,1
ache,1
illnesses,1
microcosm,1
revolutionaries,1
feed,1
extremist,1
stray,1
amuse,1
entertain,1
forcefor,1
congo,1
iran,1
cuba,1
varying,1
impressive,1
arepresentatives,1
signing,1
commitment,1
cops,1
remark,1
violates,1
rationalise,1
constitutionally,1
violating,1
crying,1
depressed,1
brazen,1
jarring,1
fashion,1
accomplished,1
reductive,1
accomdate,1
organically,1
financially,1
warrants,1
dissolve,1
destruction,1
honourable,1
streets,1
brazenly,1
scorn,1
cocooned,1
australia,1
accessible,1
authoritiy,1
bees,1
independentlyright,1
hoohaa,1
targetted,1
explode,1
preceding,1
albeit,1
reconciliation,1
inverse,1
denouncing,1
perverting,1
ignorereeducate,1
peasants,1
joined,1
ng,1
yisheng,1
averyn,1
suspension,1
expulsion,1
hangs,1
tafep,1
hiring,1
rage,1
trampled,1
tackled,1
unheard,1
fairy,1
tale,1
seat,1
idealistically,1
poking,1
sections,1
listens,1
needwant,1
licenses,1
bullying,1
inequalities,1
selfharm,1
rsgexams,1
jon,1
snow,1
threats,1
manning,1
chalk,1
transvestitek,1
psychiatrist,1
yearly,1
steps,1
tired,1
hopelessness,1
generalizations,1
choosing,1
dreadful,1
harms,1
sdgs,1
laughing,1
decline,1
forgoing,1
unrelated,1
minimize,1
petulant,1
finest,1
mixed,1
tom,1
drawing,1
interviews,1
assumption,1
doubts,1
handy,1
minoritiesall,1
wouldeserts,1
occured,1
method,1
neighbours,1
assemblies,1
analysing,1
successes,1
reinforcement,1
pinkerton,1
syndrome,1
saviours,1
benevolent,1
masters,1
mess,1
innit,1
messes,1
clean,1
publicsocial,1
westminsterstyle,1
blown,1
deaths,1
damage,1
heckle,1
passerbys,1
nonviolent,1
disproportionate,1
shh,1
holocaust,1
badfaith,1
actor,1
resort,1
pilloried,1
protects,1
incite,1
gamestop,1
stock,1
sting,1
parler,1
bootlickers,1
bootlicking,1
ib,1
placated,1
exhead,1
reverend,1
yap,1
kim,1
hao,1
bishop,1
ostracised,1
kowtow,1
congregation,1
usinfluenced,1
coos,1
chc,1
lovesingapore,1
uniformly,1
preach,1
sociallyconservative,1
hurts,1
knee,1
fundie,1
hardcover,1
literary,1
device,1
native,1
profitting,1
hkers,1
flee,1
embodies,1
antagonistic,1
moves,1
atrocities,1
crackdown,1
ugyhurs,1
grab,1
hutus,1
killed,1
tutsis,1
rwanda,1
promptly,1
cane,1
ordinary,1
tapped,1
prc,1
woohoo,1
cajoling,1
grc,1
cheng,1
bock,1
sjw,1
overlook,1
enemy,1
redditor,1
shoot,1
blackandwhite,1
superiority,1
translate,1
beg,1
circlejerking,1
liberation,1
traditionally,1
akin,1
capacities,1
differs,1
emphasis,1
welfare,1
liberty,1
autonomously,1
permitted,1
acquired,1
intergenerational,1
equity,1
optin,1
moderators,1
connotes,1
admitedly,1
typing,1
towel,1
inept,1
homniem,1
undermine,1
intellect,1
hesitation,1
operates,1
frameworks,1
lens,1
examine,1
evaluate,1
physics,1
therapycounselling,1
oogachaga,1
itepoly,1
counsellors,1
counsellor,1
stagnation,1
aspired,1
prospective,1
monarchy,1
junta,1
strikethrough,1
obsession,1
conced,1
dirt,1
income,1
ideally,1
musing,1
serving,1
katniss,1
everdeen,1
metaphorical,1
phallus,1
assumptions,1
sorosfunded,1
outlet,1
lowquality,1
detachment,1
chide,1
uoliviaparamour,1
rejecting,1
demanding,1
nations,1
drains,1
repsone,1
reference,1
intrest,1
onus,1
condmen,1
smartphone,1
laptop,1
wifi,1
connectivity,1
hunted,1
loose,1
strangers,1
bothers,1
sisters,1
fantastical,1
musings,1
bootlicker,1
faggot,1
intresting,1
critique,1
bootliker,1
maximum,1
attained,1
racially,1
harmonious,1
resolved,1
dystopia,1
dystopian,1
suppose,1
cracks,1
adherence,1
conflicting,1
destabilise,1
descend,1
stagnate,1
irrelevance,1
messaging,1
jeopardising,1
arguable,1
conspiracy,1
theorist,1
bowyer,1
adversarial,1
offending,1
incremental,1
simplest,1
undue,1
burden,1
udeioped,1
politeness,1
disgrace,1
disappointment,1
coerced,1
programmes,1
thick,1
violently,1
livelihood,1
graphic,1
scumbag,1
crux,1
armored,1
brigades,1
loyal,1
stifled,1
tuition,1
abilities,1
myth,1
critically,1
datafeminism,1
argumentdebate,1
olivia,1
impartiality,1
contextuallydependent,1
relies,1
exclusive,1
unwashed,1
astronomers,1
symptom,1
rediculous,1
scarier,1
parting,1
web,1
surveillance,1
disobedience,1
monopoly,1
reintegrated,1
timetable,1
upwards,1
sympathise,1
servant,1
constituents,1
abandoning,1
broadbased,1
eyebrows,1
silenced,1
passionate,1
annoy,1
quietly,1
banking,1
bulldose,1
wasting,1
underperforming,1
logo,1
carries,1
tcb,1
activist,1
booth,1
mercy,1
editor,1
timescna,1
varied,1
antics,1
imaged,1
csj,1
sincerity,1
af,1
exemplary,1
bettering,1
humiliate,1
quoting,1
uninformed,1
assemblywhich,1
realistically,1
mindlessly,1
geneticswealthparental,1
investmentpersonal,1
experiencesetc,1
allocate,1
feminism,1
antifeminist,1
selfcontradictory,1
selfgoogling,1
misinformation,1
qanon,1
earth,1
intensify,1
alluded,1
nonchinese,1
demoralises,1
disempowers,1
prophecies,1
disenfranchisement,1
selfexiles,1
margins,1
begging,1
scraps,1
launching,1
campaigns,1
perpetually,1
powerless,1
dependent,1
rational,1
impulse,1
contradicting,1
relativist,1
plugging,1
undermining,1
plug,1
disrupts,1
jeopardise,1
disdain,1
conflated,1
satisfying,1
defeat,1
spheres,1
investmentbusiness,1
legislation,1
overturning,1
award,1
mock,1
emigration,1
bus,1
johor,1
voiced,1
gaslighted,1
independently,1
underinformed,1
deconstruct,1
shilling,1
overstepped,1
calculative,1
classed,1
neutralno,1
satisfied,1
concedes,1
deliver,1
unpredictability,1
sizeable,1
shitting,1
uhh,1
foremost,1
ton,1
jbj,1
delusions,1
accidentally,1
secondly,1
red,1
tape,1
oversight,1
terrorist,1
nonzero,1
activated,1
thirdly,1
scares,1
careful,1
capitalized,1
pariah,1
moreso,1
tasteless,1
offcolor,1
paranoid,1
ludicrous,1
wheel,1
inclined,1
humanity,1
entities,1
