people,286
singapore,229
would,173
like,170
think,159
racism,142
get,136
chinese,136
singaporeans,133
even,129
one,122
also,114
work,110
many,109
know,108
job,108
local,102
see,99
country,96
racist,95
jobs,94
good,91
say,89
singaporean,88
much,84
still,83
need,81
point,79
really,79
well,77
foreigners,77
time,76
us,75
government,73
back,73
locals,70
want,68
china,67
go,64
always,61
better,61
way,60
indian,59
take,59
sg,56
hire,56
could,54
race,53
years,52
less,52
companies,52
countries,52
make,50
look,50
going,49
different,49
never,49
might,48
things,48
indians,47
issue,47
hard,46
actually,46
person,45
experience,45
feel,45
said,45
op,44
home,44
someone,43
etc,43
skills,43
right,43
lot,42
first,41
best,41
hiring,41
salary,41
company,41
around,40
every,39
agree,39
world,39
problem,39
enough,39
life,38
new,38
another,38
culture,38
change,37
ep,37
since,37
let,37
pay,37
getting,37
business,36
society,36
trying,36
level,36
example,36
friends,35
thing,35
saying,35
without,35
money,35
post,34
social,34
mean,34
something,34
able,34
high,34
yes,34
india,33
nothing,32
may,32
talent,32
end,32
find,32
sure,31
minority,31
market,31
come,31
foreign,31
everyone,31
anything,30
bad,30
live,30
big,30
united,30
based,29
working,29
due,29
seen,29
already,29
education,29
reason,29
long,29
majority,29
probably,29
knowledge,29
believe,29
industry,28
foreigner,28
especially,28
case,28
use,28
certain,27
got,27
university,27
kids,27
others,27
immigrants,26
pretty,26
made,26
wrong,26
day,26
done,26
tell,26
course,25
tech,25
issues,25
either,25
give,25
year,25
everything,25
maybe,25
kind,25
else,24
caste,24
read,24
taking,24
matter,24
understand,24
bring,24
ones,24
guess,24
cost,24
degree,24
true,24
mainland,24
students,24
cpf,24
number,23
rather,23
policies,23
move,23
quite,23
pr,23
easy,23
school,23
racial,22
instead,22
lol,22
towards,22
keep,22
learn,22
though,22
thinking,22
part,22
sorry,22
simply,22
human,22
living,22
place,22
ft,22
away,21
yet,21
cannot,21
whether,21
educated,21
anyone,21
free,21
amount,21
opinion,21
family,21
learning,21
top,20
group,20
ask,20
races,20
definitely,20
man,20
similar,20
least,20
whole,20
help,20
fact,20
reddit,20
try,20
team,20
call,20
ns,19
fuck,19
nationals,19
citizens,19
must,19
used,19
great,19
points,19
clearly,19
low,19
means,19
citizen,19
industries,19
came,19
opportunities,19
times,19
engineering,19
employer,19
become,18
leave,18
system,18
parents,18
s,18
role,18
comments,18
put,18
looking,18
malaysia,18
usually,18
real,18
policy,18
exist,18
hear,18
needs,18
hate,18
comes,18
likely,18
goes,18
month,18
pm,18
past,17
media,17
term,17
absolute,17
higher,17
sense,17
otherwise,17
party,17
however,17
makes,17
clear,17
value,17
research,17
difference,17
republic,17
blame,17
citizenship,17
malays,17
underemployment,17
sentiments,16
pap,16
small,16
xenophobia,16
argument,16
talking,16
side,16
cheaper,16
labour,16
almost,16
thanks,16
paying,16
using,16
career,16
thought,16
states,16
amazon,16
worked,15
seems,15
future,15
u,15
please,15
nationality,15
talk,15
start,15
making,15
far,15
employment,15
simple,15
often,15
generally,15
eg,15
fts,15
public,15
courses,15
seem,15
situation,15
set,15
experiences,15
schools,15
told,15
open,15
terms,15
kingdom,15
fresh,15
security,15
personal,14
employees,14
happen,14
increase,14
hand,14
language,14
old,14
thread,14
highly,14
movement,14
minimum,14
fair,14
sector,14
lack,14
paid,14
care,14
unless,14
graduates,14
behavior,14
face,14
story,14
cases,14
shit,14
guy,14
perspective,14
expect,14
possible,14
boss,14
sp,14
grads,14
born,13
anti,13
discrimination,13
population,13
claim,13
families,13
entire,13
ever,13
national,13
reality,13
skin,13
argue,13
view,13
show,13
immigration,13
workforce,13
ok,13
economy,13
problems,13
costs,13
workers,13
idea,13
exactly,13
quota,13
training,13
fill,13
hence,13
minorities,13
accept,13
assimilate,13
mostly,13
ago,13
rich,13
ability,13
completely,13
recent,13
roles,13
choice,13
expats,13
xenophobic,12
two,12
went,12
google,12
lower,12
online,12
vs,12
support,12
current,12
totally,12
question,12
eventually,12
economic,12
places,12
previously,12
resources,12
universities,12
malaysian,12
oh,12
white,12
income,12
large,12
nice,12
generation,12
office,12
nature,12
willing,12
basically,12
young,12
wage,12
salaries,12
employers,12
consider,12
reasons,12
minister,12
racists,12
gets,11
sentiment,11
entry,11
unfortunately,11
days,11
single,11
tharman,11
recently,11
next,11
felt,11
civil,11
mentioned,11
persons,11
measures,11
including,11
across,11
mom,11
quotas,11
run,11
allow,11
ie,11
growth,11
easily,11
logic,11
worse,11
hired,11
equal,11
mind,11
require,11
general,11
negative,11
married,11
sort,11
english,11
regardless,11
sometimes,11
hope,11
within,11
love,11
individual,11
wp,11
worth,11
rise,11
resource,11
type,11
months,11
mentality,11
positions,10
identity,10
poor,10
numbers,10
talents,10
smart,10
nobody,10
openly,10
called,10
wonder,10
brought,10
raised,10
asked,10
taught,10
says,10
hours,10
guys,10
holders,10
natural,10
rules,10
stay,10
necessary,10
trade,10
businesses,10
little,10
buy,10
easier,10
create,10
competitive,10
rate,10
data,10
overseas,10
solution,10
last,10
wants,10
news,10
edmw,10
choose,10
environment,10
happens,10
add,10
head,10
answer,10
stories,10
took,10
continue,10
hong,10
kong,10
imagine,10
house,10
friend,10
x,10
given,10
theory,10
takes,10
dislike,10
teach,10
factors,10
harmony,10
non,9
certainly,9
important,9
purely,9
total,9
order,9
anymore,9
kid,9
strong,9
political,9
stupid,9
offer,9
speaking,9
yeah,9
somehow,9
ftas,9
related,9
relevant,9
lose,9
average,9
opposition,9
successful,9
service,9
skilled,9
cause,9
wages,9
stuff,9
send,9
everywhere,9
compared,9
superior,9
supposed,9
saw,9
earn,9
depends,9
employee,9
study,9
exploit,9
worst,9
decades,9
harder,9
base,9
despite,9
literally,9
share,9
couple,9
perhaps,9
anecdotal,9
contribution,9
complain,9
compete,9
full,9
original,9
responsibility,9
mindset,9
experienced,9
forever,9
code,9
discussion,9
democratic,9
british,9
stop,9
management,8
mix,8
truth,8
fast,8
ways,8
coming,8
views,8
found,8
fight,8
fucking,8
mandarin,8
today,8
colour,8
sharing,8
word,8
referring,8
huge,8
expat,8
balance,8
examples,8
benefits,8
goods,8
services,8
global,8
benefit,8
capital,8
bit,8
land,8
forced,8
speak,8
sectors,8
zero,8
lots,8
pass,8
play,8
provide,8
doubt,8
common,8
shopee,8
million,8
disagree,8
mnc,8
food,8
angry,8
entitled,8
suddenly,8
started,8
colleagues,8
fear,8
women,8
personally,8
remarks,8
hold,8
till,8
save,8
rest,8
losing,8
anyway,8
knew,8
return,8
wish,8
american,8
focus,8
information,8
force,8
slowly,8
malay,8
nonchinese,8
tools,8
report,8
solve,8
covid,8
raise,8
per,8
fees,8
tax,8
managers,8
election,8
apply,8
position,8
necessarily,8
manager,8
parties,8
ready,8
lmao,8
lawyer,8
step,8
beyond,8
sme,8
faced,8
cultures,8
note,7
assuming,7
studies,7
area,7
la,7
short,7
extremely,7
evidence,7
areas,7
finance,7
deal,7
community,7
interesting,7
upon,7
sign,7
downvoted,7
risk,7
yup,7
professionals,7
thats,7
effort,7
quote,7
directly,7
asian,7
history,7
prove,7
reply,7
access,7
investment,7
whose,7
rates,7
expensive,7
democracies,7
game,7
field,7
capable,7
somewhere,7
politics,7
specific,7
assume,7
required,7
longer,7
mncs,7
startups,7
software,7
extra,7
eat,7
posts,7
remember,7
wow,7
grow,7
upset,7
sadly,7
honest,7
response,7
whatever,7
edit,7
liberal,7
outside,7
behave,7
safe,7
individuals,7
fully,7
treat,7
specifically,7
maintain,7
groups,7
afraid,7
properly,7
meritocracy,7
complaining,7
ethnicity,7
gonna,7
unable,7
realise,7
america,7
track,7
democracy,7
works,7
alone,7
stand,7
prefer,7
ah,7
labor,7
paper,7
exists,7
needing,7
holder,7
changed,7
law,7
age,7
rent,7
various,7
stated,7
stopped,7
soon,7
older,7
available,7
youtube,7
types,7
expectations,7
demand,7
engineer,7
pull,7
cs,7
happening,7
behaviour,7
korea,7
development,7
economics,7
written,7
wait,7
languages,7
frontend,7
bail,7
horrible,7
im,7
color,7
maternity,7
younger,7
words,7
lies,6
lives,6
account,6
period,6
lead,6
matters,6
outright,6
particular,6
growing,6
practices,6
act,6
welcome,6
region,6
key,6
dude,6
heavily,6
sub,6
second,6
profile,6
phd,6
truly,6
lazy,6
posting,6
ethnic,6
chance,6
gone,6
fta,6
chapter,6
applied,6
forget,6
cheap,6
interest,6
considered,6
centre,6
serve,6
brain,6
drain,6
difficult,6
fine,6
permit,6
levy,6
happy,6
taken,6
engineers,6
application,6
approved,6
loophole,6
firm,6
late,6
resentment,6
infrastructure,6
men,6
frustrated,6
opportunity,6
wanting,6
indeed,6
calling,6
gives,6
health,6
external,6
woman,6
obviously,6
thoughts,6
fault,6
turn,6
results,6
imo,6
tend,6
facebook,6
malaysians,6
gov,6
fit,6
contribute,6
stick,6
staff,6
graduation,6
offered,6
success,6
humans,6
cultural,6
bto,6
although,6
japan,6
respect,6
approach,6
sounds,6
thinks,6
join,6
prs,6
surprised,6
topic,6
pmet,6
framework,6
enforcement,6
vetting,6
pays,6
bosses,6
built,6
hey,6
train,6
left,6
hdb,6
properties,6
australia,6
web,6
suffering,6
circumstances,6
primary,6
educational,6
emerging,6
unpopular,6
four,6
secondary,6
greater,6
projects,6
teaching,6
learnt,6
technical,6
meant,6
plenty,6
encourage,6
pick,6
concepts,6
status,6
grad,6
attitude,6
break,6
file,6
programming,6
basic,6
taxi,6
qualifications,6
discriminatory,6
claiming,6
brilliant,6
attention,6
precisely,6
lazada,6
redmart,6
node,6
discourse,6
incidents,6
counter,6
relationship,6
casual,6
dirty,6
class,6
microaggressions,6
becoming,5
ignorant,5
chose,5
names,5
understanding,5
agreement,5
build,5
forward,5
largely,5
lie,5
represent,5
conversation,5
aware,5
privilege,5
classism,5
grew,5
divide,5
none,5
apparently,5
suggest,5
happened,5
shared,5
yep,5
sad,5
curious,5
pointed,5
main,5
inherently,5
evil,5
check,5
debate,5
excuse,5
interested,5
decide,5
south,5
assumption,5
suspect,5
allows,5
article,5
protect,5
provided,5
positive,5
effect,5
flow,5
putting,5
crazy,5
seriously,5
financial,5
quality,5
rd,5
consideration,5
internet,5
fake,5
enemy,5
reading,5
following,5
stealing,5
alot,5
heard,5
waiting,5
ratio,5
medical,5
international,5
senior,5
supply,5
nationalities,5
backwards,5
subject,5
ends,5
meet,5
helping,5
actions,5
surprising,5
workplace,5
opposed,5
encounter,5
correct,5
abroad,5
owner,5
room,5
smes,5
form,5
integrate,5
became,5
mention,5
prime,5
countrymen,5
decent,5
known,5
proud,5
via,5
accurate,5
dealing,5
scholarships,5
heck,5
context,5
n,5
reserved,5
insane,5
trouble,5
generations,5
nus,5
comment,5
west,5
philippines,5
advantage,5
popular,5
asia,5
practice,5
follow,5
statement,5
cool,5
limited,5
pressure,5
birth,5
solid,5
definition,5
knowing,5
levies,5
interviews,5
manpower,5
plan,5
currently,5
threshold,5
competition,5
complex,5
changing,5
ppl,5
flat,5
special,5
haha,5
loopholes,5
quantum,5
earning,5
trust,5
median,5
earth,5
mate,5
absolutely,5
poster,5
facing,5
third,5
backend,5
pursue,5
running,5
agent,5
improve,5
catch,5
faang,5
internship,5
critical,5
solutions,5
handle,5
skill,5
prepare,5
institutions,5
soft,5
paths,5
science,5
outdated,5
proper,5
changes,5
depending,5
dream,5
mismatch,5
naturally,5
thus,5
suffer,5
choices,5
multiple,5
tests,5
grab,5
fulltime,5
becomes,5
norm,5
discussing,5
technology,5
sufficient,5
crisis,5
algorithms,5
size,5
agreed,5
valid,5
frameworks,5
math,5
trash,5
larger,5
acceptable,5
neither,5
clean,5
blamed,5
laws,5
created,5
blind,5
viewed,5
blue,5
ic,5
except,5
guard,5
diversity,5
nationalism,5
wealth,5
fellow,5
god,5
liar,5
landlords,5
tenants,5
served,4
arguments,4
feels,4
profiles,4
scb,4
picture,4
voice,4
peoples,4
nair,4
false,4
comfort,4
write,4
remain,4
name,4
seeing,4
trend,4
lived,4
sound,4
embrace,4
advice,4
importing,4
privileged,4
ultimately,4
entirely,4
insults,4
influx,4
selective,4
tldr,4
deny,4
educate,4
sides,4
widely,4
backlash,4
wear,4
dad,4
initially,4
bottom,4
singling,4
nowhere,4
brown,4
wanna,4
behind,4
expertise,4
action,4
playing,4
wise,4
sets,4
bias,4
elsewhere,4
signed,4
shall,4
prevent,4
territory,4
integrity,4
ensure,4
conduct,4
ahead,4
power,4
requirement,4
competitiveness,4
logical,4
displaced,4
manufacturing,4
moment,4
price,4
flight,4
actual,4
gains,4
attempt,4
picking,4
incentive,4
army,4
space,4
shouting,4
terrible,4
mistake,4
suitable,4
blaming,4
regional,4
housing,4
lowest,4
firms,4
fyi,4
professional,4
pandemic,4
elections,4
degrees,4
needed,4
process,4
credentials,4
influence,4
forming,4
stuck,4
hands,4
shows,4
authorities,4
lady,4
singlish,4
sovereign,4
shown,4
lines,4
attack,4
instance,4
caused,4
appropriate,4
attacks,4
allowed,4
settle,4
close,4
increased,4
tension,4
received,4
articles,4
reasonable,4
die,4
deserve,4
attract,4
title,4
conclusion,4
gain,4
constantly,4
week,4
tbh,4
figure,4
opinions,4
village,4
wanted,4
nowadays,4
notion,4
handful,4
whenever,4
amongst,4
letter,4
later,4
core,4
turned,4
billion,4
hardworking,4
conflict,4
considering,4
echo,4
water,4
flag,4
date,4
mods,4
met,4
intention,4
receiving,4
perfectly,4
levels,4
studied,4
culturally,4
plus,4
anger,4
hires,4
mine,4
present,4
minded,4
phase,4
road,4
meanwhile,4
careers,4
fall,4
anywhere,4
city,4
qualified,4
relatively,4
invest,4
stage,4
missing,4
limit,4
shame,4
filled,4
structural,4
suggests,4
governments,4
skillset,4
versus,4
enforcing,4
mainly,4
rule,4
kept,4
miss,4
implement,4
quick,4
ending,4
institutes,4
extent,4
cash,4
skillsfuture,4
ai,4
standard,4
sublet,4
condo,4
red,4
hot,4
providing,4
grant,4
gap,4
explain,4
apparent,4
notice,4
amazing,4
frustration,4
programmes,4
interests,4
hopefully,4
academic,4
performance,4
graduating,4
traditional,4
shift,4
useful,4
ingrained,4
heshe,4
underemployed,4
internal,4
gig,4
internships,4
widespread,4
yea,4
fields,4
significant,4
feed,4
teaches,4
hell,4
develop,4
inequality,4
sake,4
taiwan,4
servant,4
swee,4
state,4
transport,4
judge,4
inability,4
incumbent,4
btw,4
infection,4
virus,4
surely,4
product,4
pie,4
middle,4
requirements,4
physics,4
lawyers,4
americans,4
early,4
structures,4
carry,4
developed,4
perfect,4
rampant,4
protectionist,4
cousin,4
events,4
votes,4
kindly,4
lesser,4
strength,4
humanity,4
ignore,4
elites,4
brexit,4
remains,4
prior,4
win,4
ass,4
bro,4
female,4
nasty,4
spread,4
stereotypes,4
imaginary,4
dick,4
faith,4
black,4
shot,4
eyes,4
driver,4
tertiary,4
bullshit,4
encounters,4
ambitious,4
arguing,4
super,3
holding,3
discriminate,3
concern,3
temporary,3
conveniently,3
agenda,3
threat,3
nation,3
circles,3
globally,3
rejected,3
shanmugam,3
authority,3
concept,3
purpose,3
concerns,3
placed,3
slurs,3
jokes,3
tamil,3
pritam,3
proof,3
link,3
irony,3
upvoted,3
deleted,3
listen,3
twice,3
hide,3
narrow,3
bother,3
naive,3
assumptions,3
mother,3
foot,3
specifics,3
sheet,3
modi,3
touch,3
posted,3
misconception,3
unfettered,3
pages,3
borders,3
manner,3
somebody,3
regards,3
extreme,3
outcome,3
theres,3
overall,3
vocal,3
agreements,3
incredibly,3
capitals,3
bigger,3
assets,3
bonds,3
drive,3
bubble,3
ended,3
occur,3
economically,3
flaws,3
policymakers,3
serious,3
gdp,3
measure,3
tradeoffs,3
justified,3
representation,3
net,3
singled,3
screwed,3
involved,3
moves,3
restrictions,3
convince,3
headquarters,3
intelligence,3
moving,3
approval,3
impossible,3
creating,3
showing,3
restriction,3
recall,3
dr,3
doubts,3
round,3
reviews,3
sea,3
allowing,3
regarding,3
fly,3
supporting,3
project,3
finally,3
contributing,3
fb,3
largest,3
cap,3
therefore,3
transfer,3
bringing,3
east,3
condos,3
impression,3
perceived,3
treatment,3
atas,3
managerial,3
essentially,3
worker,3
obvious,3
bet,3
bucks,3
xxx,3
function,3
sensitive,3
handled,3
tone,3
park,3
civility,3
drawn,3
criticise,3
react,3
offended,3
merely,3
apologise,3
lee,3
admit,3
assimilation,3
moreover,3
treated,3
boomers,3
outlet,3
grown,3
contributed,3
meaning,3
loves,3
apples,3
path,3
background,3
building,3
affect,3
several,3
scholarship,3
immediately,3
interview,3
bond,3
somewhat,3
expressed,3
expectation,3
welcoming,3
particularly,3
stepping,3
offers,3
expecting,3
cut,3
modern,3
aspects,3
refuse,3
values,3
succeed,3
table,3
ntu,3
em,3
intend,3
pure,3
blood,3
reasonably,3
bank,3
dont,3
affects,3
normal,3
wife,3
observation,3
integrated,3
locally,3
concerned,3
applies,3
tensions,3
opposite,3
decade,3
homogenous,3
established,3
hotel,3
vietnamese,3
papers,3
failed,3
introduced,3
usual,3
german,3
extended,3
stable,3
garbage,3
scheme,3
employ,3
determines,3
worthy,3
letting,3
friendcolleague,3
increment,3
sources,3
shifting,3
nonsense,3
candidates,3
differ,3
decides,3
processes,3
enforce,3
struggling,3
survive,3
increasing,3
added,3
scope,3
efficient,3
budget,3
replace,3
thank,3
cv,3
operate,3
arent,3
facts,3
comparable,3
rarely,3
unfortunate,3
sgd,3
competing,3
officer,3
checks,3
gave,3
unit,3
healthcare,3
subsidies,3
comfortable,3
formed,3
conversations,3
smaller,3
colleague,3
exchange,3
translate,3
packages,3
financially,3
ignores,3
contributes,3
frank,3
discuss,3
similarly,3
choosing,3
implications,3
london,3
afford,3
coz,3
worried,3
hating,3
latter,3
ihl,3
institution,3
flying,3
typical,3
spite,3
latest,3
independent,3
throw,3
box,3
professors,3
spend,3
realize,3
prof,3
preparing,3
understandable,3
equivalent,3
diploma,3
shop,3
faster,3
coding,3
lost,3
source,3
student,3
module,3
sweet,3
vocational,3
failing,3
markets,3
platform,3
manage,3
grades,3
topics,3
accepting,3
ministry,3
deeply,3
involves,3
electrical,3
phenomenon,3
reports,3
half,3
slack,3
closely,3
failure,3
leads,3
raises,3
graduate,3
private,3
midcareer,3
frankly,3
inhouse,3
progression,3
attitudes,3
direction,3
intervention,3
pace,3
broken,3
involuntary,3
preferences,3
knows,3
sell,3
line,3
address,3
trained,3
cited,3
decisions,3
drivers,3
excel,3
outcomes,3
concrete,3
testing,3
machine,3
libraries,3
along,3
victim,3
statements,3
street,3
isnt,3
constitution,3
zealand,3
mandate,3
heng,3
keat,3
executive,3
ntuc,3
ministers,3
perspectives,3
joke,3
honestly,3
highest,3
infected,3
revenue,3
travel,3
headquarter,3
lucky,3
option,3
sciences,3
admin,3
algorithm,3
tho,3
wont,3
lift,3
son,3
b,3
lying,3
cant,3
reverse,3
algo,3
majors,3
solving,3
idiots,3
death,3
major,3
leaving,3
ds,3
applications,3
sizeable,3
optimize,3
historical,3
giving,3
europe,3
spreading,3
causing,3
integration,3
besides,3
brother,3
define,3
tribal,3
differences,3
accounts,3
biases,3
boils,3
expected,3
hatred,3
peacefully,3
sweeping,3
boundary,3
surface,3
systemic,3
duh,3
owners,3
options,3
mahathir,3
capitalism,3
voluntarily,3
video,3
quo,3
confirm,3
narrative,3
utterly,3
proportion,3
hang,3
assure,3
cheaperer,3
tariffs,3
politically,3
exact,3
irrelevant,3
exploiting,3
hustle,3
laid,3
joking,3
rights,3
character,3
disgusting,3
dare,3
rug,3
ramesh,3
department,3
bothered,3
incident,3
ugly,3
dicks,3
violent,3
blatantly,3
handed,3
ranks,3
moved,3
stopping,3
discriminated,3
moe,3
doctors,3
whining,3
prevalent,3
biological,3
suck,3
harassment,3
pushed,3
police,3
serial,3
pretended,3
flawed,3
nonetheless,3
grandfather,3
nordic,3
aggressions,3
member,3
overly,3
tokenism,3
sociopolitical,3
pointing,3
cold,3
antartica,3
democratisation,3
temper,3
contradict,3
forefathers,2
promoted,2
netizens,2
separate,2
varies,2
bigoted,2
talks,2
textbook,2
cities,2
linkedin,2
undertones,2
dbs,2
incite,2
rhetoric,2
catchall,2
employed,2
transfers,2
load,2
vikram,2
murali,2
pillai,2
hri,2
kumar,2
evident,2
neighbouring,2
delusional,2
undertone,2
addressed,2
imported,2
silent,2
iswaran,2
light,2
org,2
alive,2
untouchables,2
sickening,2
acting,2
independence,2
discriminating,2
onto,2
figured,2
inclined,2
offices,2
badge,2
element,2
bruh,2
hindi,2
unique,2
practiced,2
millennials,2
spectrum,2
parliament,2
tries,2
insulting,2
search,2
violence,2
barely,2
automatically,2
dalit,2
sympathy,2
buried,2
voiced,2
consistently,2
defense,2
smoking,2
tyrannical,2
deliberately,2
emotions,2
substance,2
accusations,2
disingenuous,2
unwilling,2
cover,2
creative,2
lied,2
expert,2
claimed,2
accusing,2
uncalled,2
offensive,2
realised,2
ussg,2
cptpp,2
prevents,2
contained,2
applying,2
regulate,2
orderly,2
unduly,2
impair,2
accruing,2
delay,2
activities,2
unsure,2
alternative,2
veto,2
tomorrow,2
doesnt,2
retire,2
scale,2
outsourced,2
vietnam,2
hub,2
assumed,2
labours,2
taxes,2
migrant,2
welfare,2
programs,2
upskill,2
recessions,2
minsky,2
availability,2
loans,2
painful,2
disruptive,2
recognize,2
tardiness,2
mature,2
scrutiny,2
kinds,2
calculus,2
merits,2
regulatory,2
surplus,2
zerosum,2
domestic,2
equally,2
expand,2
eps,2
severe,2
constant,2
ib,2
provision,2
provisions,2
incorrectly,2
tan,2
supported,2
record,2
unemployment,2
discontent,2
fixed,2
disproportionately,2
centers,2
enjoy,2
facilities,2
steal,2
shifts,2
shenzhen,2
opened,2
scientists,2
published,2
candidate,2
shell,2
entities,2
australian,2
unfair,2
seemingly,2
threads,2
enclaves,2
burden,2
busy,2
resulting,2
consequently,2
cb,2
feeds,2
belief,2
subreddit,2
arrogant,2
sent,2
accent,2
arise,2
mental,2
tendencies,2
worldview,2
usa,2
eagerly,2
faults,2
elderly,2
neighbours,2
aka,2
punished,2
speech,2
initial,2
included,2
fire,2
achieving,2
aspirational,2
innocent,2
regard,2
engage,2
neutral,2
hypocritical,2
whereas,2
ancestors,2
aggression,2
equals,2
triggered,2
unfairly,2
founded,2
controversial,2
jc,2
angle,2
prochina,2
uncle,2
animals,2
children,2
haidilao,2
founders,2
queues,2
massage,2
entrepreneurial,2
funding,2
waste,2
startup,2
rant,2
merit,2
socalled,2
investors,2
exploitative,2
reluctant,2
anybody,2
click,2
nurtured,2
trio,2
billionaires,2
ignorance,2
traction,2
feelings,2
sweep,2
comparing,2
fairly,2
enabling,2
tourism,2
droves,2
driven,2
allowances,2
headcount,2
avoided,2
breaking,2
insensitive,2
credit,2
screw,2
interactions,2
temporarily,2
stone,2
observe,2
demographic,2
green,2
ordering,2
speaks,2
fluent,2
bid,2
demographics,2
okay,2
belonging,2
ethnicities,2
psyche,2
ideals,2
pride,2
indonesians,2
darker,2
lor,2
shitty,2
damn,2
chamber,2
pro,2
wet,2
mexicans,2
loyalty,2
war,2
representative,2
defeated,2
melting,2
pot,2
crowded,2
french,2
japanese,2
differentiate,2
relative,2
beauty,2
according,2
planning,2
chosen,2
finding,2
shopping,2
voucher,2
assimilated,2
settled,2
guangzhou,2
maids,2
poorer,2
contradiction,2
defending,2
conservative,2
backward,2
closest,2
slight,2
enjoys,2
volunteered,2
umm,2
behaviors,2
guides,2
hoping,2
females,2
night,2
thai,2
youre,2
timeframe,2
reminds,2
decided,2
mit,2
warcraft,2
nope,2
unrest,2
questioned,2
signs,2
actively,2
percentage,2
han,2
talented,2
asean,2
upgrade,2
conditions,2
favour,2
documents,2
desirable,2
tons,2
citizenships,2
turnover,2
grief,2
indonesian,2
egregious,2
cracks,2
freer,2
courted,2
advanced,2
bachelor,2
annual,2
empirical,2
scientific,2
test,2
backed,2
correction,2
permits,2
asking,2
justify,2
butbutwe,2
sit,2
western,2
suppress,2
floor,2
pmets,2
gotten,2
upgrading,2
bull,2
aside,2
suggestion,2
introducing,2
contributions,2
sum,2
effectively,2
implementing,2
ideal,2
recognise,2
reliably,2
submit,2
yearly,2
basis,2
timing,2
introduction,2
levi,2
increases,2
anyways,2
raising,2
nonexistent,2
credits,2
rational,2
relates,2
message,2
helps,2
restrict,2
artificially,2
nations,2
fighting,2
purposely,2
crash,2
implemented,2
scrap,2
bonus,2
depend,2
reflect,2
operations,2
presentation,2
destroy,2
fired,2
quit,2
strawman,2
list,2
additional,2
previous,2
organisation,2
passed,2
myanmar,2
rents,2
developing,2
commitments,2
pocket,2
complains,2
app,2
restricting,2
dead,2
forcing,2
biggest,2
sphere,2
thousands,2
smarter,2
upper,2
retain,2
players,2
flatcondo,2
rental,2
retirement,2
leaves,2
execution,2
permanently,2
balances,2
door,2
grants,2
letters,2
awards,2
researchers,2
interviewed,2
random,2
apart,2
dorms,2
singles,2
renting,2
eligible,2
medicare,2
wrote,2
description,2
observations,2
flats,2
kuala,2
lumpur,2
hawker,2
delivering,2
uk,2
covered,2
portion,2
schooling,2
focused,2
maximum,2
dropping,2
anecdotes,2
replied,2
stats,2
released,2
banks,2
rage,2
aspect,2
resume,2
apac,2
opening,2
skewed,2
causes,2
strongly,2
correlated,2
happiness,2
starting,2
bitter,2
trends,2
absorb,2
preparation,2
funny,2
efforts,2
iq,2
ecg,2
emphasis,2
match,2
perform,2
creativity,2
graded,2
notes,2
chemical,2
piece,2
promote,2
awareness,2
sacrifice,2
apprenticeships,2
apprenticeship,2
masses,2
continued,2
foundational,2
count,2
massive,2
escape,2
score,2
boost,2
tuition,2
germany,2
charge,2
platforms,2
partially,2
provides,2
hahaha,2
idk,2
ex,2
genius,2
accomplishments,2
goh,2
typically,2
practical,2
subjects,2
workplaces,2
lolol,2
range,2
effective,2
communication,2
ensuring,2
pursuing,2
exit,2
consultancy,2
agencies,2
replying,2
compounded,2
task,2
reflects,2
transitioning,2
tighten,2
adjust,2
recovers,2
matching,2
silence,2
hit,2
control,2
curve,2
enter,2
chased,2
comfortably,2
suppose,2
technician,2
initiatives,2
um,2
reduce,2
reducing,2
suit,2
personality,2
lastly,2
failures,2
substantial,2
safely,2
citing,2
systematic,2
art,2
voluntary,2
potential,2
cleaning,2
retail,2
situations,2
disappointed,2
promotion,2
selling,2
freelance,2
yolo,2
iras,2
everybody,2
tasks,2
meaningfully,2
dump,2
flexible,2
alr,2
exercise,2
attractive,2
victims,2
grand,2
enforced,2
ups,2
passport,2
vlookup,2
python,2
processing,2
esp,2
exemption,2
ite,2
virtue,2
theories,2
utilise,2
memoization,2
ages,2
internally,2
cake,2
cohesion,2
author,2
coin,2
opposing,2
missed,2
elephant,2
solved,2
educating,2
funds,2
saf,2
janil,2
puthucheary,2
lim,2
singh,2
businessman,2
mao,2
professor,2
paul,2
tambyah,2
infectious,2
vote,2
push,2
jolly,2
puts,2
laughing,2
keeps,2
dreaming,2
possibility,2
dying,2
remaining,2
portfolio,2
analytics,2
mediocre,2
fits,2
relocate,2
quoted,2
businessrelated,2
whoever,2
technically,2
staying,2
independently,2
fix,2
gaps,2
syllabus,2
imply,2
maintenance,2
minor,2
subset,2
rice,2
bowl,2
avoid,2
resumes,2
preference,2
upvote,2
computing,2
shor,2
liao,2
skillsets,2
likeminded,2
acquisition,2
nuance,2
protected,2
banking,2
compare,2
intern,2
adapting,2
strange,2
regulations,2
investor,2
investing,2
comfortdelgro,2
ecosystem,2
toxic,2
peers,2
bright,2
remotely,2
familiar,2
java,2
upbringing,2
bankers,2
tesla,2
loop,2
formulaic,2
seek,2
economical,2
bleeding,2
uber,2
front,2
developer,2
outsourcing,2
reputation,2
operator,2
ops,2
mid,2
rust,2
string,2
nah,2
electric,2
valuable,2
apps,2
javascript,2
angular,2
hinterland,2
rely,2
connections,2
funnels,2
connectivity,2
waters,2
salt,2
abuse,2
pockets,2
delivery,2
store,2
concentrated,2
misguided,2
dc,2
category,2
sales,2
dumb,2
productivity,2
js,2
tells,2
unite,2
entails,2
trivial,2
feeling,2
interviewers,2
interviewees,2
societal,2
polarization,2
starts,2
perpetuated,2
departments,2
optimistic,2
mainstream,2
satisfied,2
turning,2
conspiracy,2
controlled,2
offline,2
doxxing,2
cauldron,2
boiling,2
moral,2
peace,2
objective,2
agendas,2
helped,2
chambers,2
criticism,2
sorted,2
kinks,2
equality,2
carpet,2
resulted,2
root,2
pofma,2
profits,2
reservist,2
secure,2
reach,2
emboldened,2
establish,2
interact,2
thrives,2
socioeconomic,2
era,2
heavenly,2
described,2
civilised,2
responded,2
resolve,2
resorting,2
violated,2
consistent,2
outlook,2
passes,2
trump,2
among,2
native,2
korean,2
relatives,2
plantation,2
clearance,2
minimal,2
adapt,2
customer,2
customers,2
equation,2
morals,2
output,2
fwl,2
impact,2
straight,2
comparisons,2
holes,2
include,2
trusted,2
bus,2
clone,2
agency,2
intensive,2
lunch,2
saturdays,2
kill,2
weeks,2
bunch,2
pack,2
baby,2
mercy,2
ya,2
outsource,2
al,2
keeping,2
exclusive,2
tried,2
preggers,2
spent,2
responsibilities,2
explanation,2
smack,2
balls,2
proving,2
near,2
drop,2
vile,2
stems,2
grandmother,2
cousins,2
luck,2
riots,2
cos,2
screenshot,2
insignificant,2
swept,2
subconsciously,2
tolerance,2
religion,2
intimate,2
skinned,2
pretense,2
bizarre,2
squeaky,2
ruckus,2
asshole,2
secret,2
visit,2
pretend,2
insert,2
micro,2
internalised,2
microaggressive,2
secretly,2
island,2
interracial,2
couples,2
sight,2
runs,2
heavy,2
applicants,2
oddly,2
conscious,2
edits,2
managed,2
mouth,2
mocked,2
fools,2
multiracial,2
fortunate,2
crying,2
strangers,2
murderers,2
wtf,2
evolve,2
proven,2
judging,2
responding,2
ground,2
institutionalised,2
cynical,2
acknowledge,2
anytime,2
genuinely,2
stereotypical,2
painfully,2
beginning,2
stupidity,2
antiforeigner,2
troll,2
experiencing,2
deep,2
losers,2
unhealthy,2
heart,2
self,2
smelly,2
male,2
paragraph,2
brits,2
laugh,2
umbrella,2
ling,2
swinging,2
presidential,2
differently,2
societies,2
outcry,2
event,2
cancel,2
steps,2
smallest,2
clan,2
invoking,2
contradicts,2
trait,2
ruling,2
defence,2
nonsensical,2
apolitical,2
founding,2
dicksracist,2
image,2
kkk,2
tolerated,2
lets,2
promised,2
deserves,2
prepared,2
abit,2
material,2
rat,2
remark,2
halimah,2
rejecting,2
meekness,2
chauvinism,2
placate,2
seeker,2
claims,2
extremist,2
highlight,2
predisposed,2
gangster,2
parental,2
temperature,2
logically,2
tempers,2
insult,2
crimes,2
authoritarian,2
expose,2
doxxed,1
binary,1
nontamil,1
nonhindi,1
discomfort,1
racistxenophobic,1
generalize,1
ironically,1
rampantly,1
reeling,1
series,1
tropes,1
metropolitan,1
surfaces,1
arranged,1
marriages,1
collated,1
temasek,1
masqueraded,1
pasting,1
denigrate,1
facilitates,1
intracorporate,1
ict,1
icts,1
alluding,1
croc,1
peddle,1
organization,1
dormant,1
result,1
cbp,1
mbfc,1
clustered,1
clustering,1
secondly,1
bucket,1
loads,1
sweeten,1
economies,1
strategy,1
competent,1
zone,1
circle,1
newsflash,1
cares,1
reject,1
rcep,1
establishment,1
dhanabalan,1
representatives,1
nonchalent,1
opting,1
hailing,1
diaspora,1
namedropped,1
shanmugaratnam,1
shed,1
opted,1
looks,1
roaring,1
surprise,1
hindu,1
nothink,1
faux,1
pas,1
abolished,1
religious,1
sanction,1
century,1
vedic,1
centuries,1
instances,1
pricks,1
cling,1
illgotten,1
casteism,1
cronyism,1
labelling,1
deplorables,1
strata,1
casteist,1
brahmins,1
rooted,1
ricebowl,1
amainland,1
subscribe,1
brand,1
selfhate,1
dominated,1
outrage,1
preferred,1
unlike,1
mentors,1
honour,1
literature,1
indiaplease,1
displace,1
singaporestop,1
peddling,1
stirring,1
laughable,1
elected,1
appointments,1
clearest,1
racially,1
cancer,1
thinly,1
veiled,1
undercurrent,1
downplay,1
plethora,1
heaps,1
shunted,1
linked,1
redditor,1
collage,1
nowdeleted,1
danger,1
verifying,1
unsafe,1
reactions,1
ounce,1
submisssion,1
misrepresenting,1
headed,1
thesis,1
hurling,1
intellectually,1
disagreements,1
attributing,1
quotes,1
license,1
factually,1
carefully,1
implying,1
refers,1
racismxenophobic,1
screwups,1
emotional,1
incoherent,1
tirade,1
falsely,1
objectionable,1
explained,1
assertions,1
clarified,1
jumped,1
gun,1
unleashed,1
barrage,1
dishonestly,1
wall,1
text,1
gatekeeping,1
indianness,1
labels,1
charged,1
rhetorical,1
questions,1
piling,1
style,1
offputting,1
nonindian,1
info,1
enlighten,1
benefited,1
proposed,1
tcb,1
furnished,1
computation,1
complicated,1
prone,1
noise,1
khaw,1
prioritise,1
propose,1
locations,1
potentially,1
captured,1
leadersintellectuals,1
clue,1
flows,1
lowering,1
milton,1
friedmanwould,1
protectionism,1
protects,1
beneficiaries,1
disadvantage,1
mass,1
consumers,1
tricky,1
antifree,1
universally,1
freeflow,1
pouring,1
deleveraging,1
liquidity,1
hypothetically,1
estates,1
asset,1
bankrupt,1
alternatively,1
traumatic,1
brettonwoods,1
postwwii,1
keynes,1
academics,1
antifreetrade,1
motivations,1
legit,1
implementation,1
exploitation,1
fixing,1
speculate,1
produced,1
literal,1
sheets,1
practically,1
measurable,1
privileges,1
unrecognized,1
debates,1
considerations,1
acts,1
scrutinize,1
environments,1
reduction,1
loses,1
heartbeat,1
artificial,1
rapidly,1
sufficiently,1
delays,1
tc,1
descent,1
opp,1
partisan,1
detailed,1
hireees,1
currenrly,1
signing,1
pissed,1
copying,1
definately,1
approaching,1
angrily,1
lodging,1
offshoring,1
cross,1
counterparts,1
remedy,1
politicians,1
export,1
leaders,1
ballots,1
seemed,1
forgotten,1
cheeky,1
block,1
itdata,1
dollar,1
operationshq,1
purportedly,1
displeasure,1
extends,1
incredible,1
asiapacific,1
funnelled,1
worldclass,1
subsidised,1
shenzhener,1
officersresearch,1
sleep,1
entertained,1
strict,1
rejectedcancelled,1
blacklist,1
irrespective,1
dir,1
intracompany,1
criticizing,1
dubious,1
prestigious,1
coast,1
obstruction,1
rebut,1
bending,1
palate,1
hotels,1
cruise,1
ships,1
taps,1
deepseated,1
depressed,1
strained,1
squeezing,1
everthorny,1
ponder,1
retrenched,1
npl,1
trapping,1
fester,1
fewer,1
distracted,1
target,1
vent,1
frustrations,1
punitive,1
abide,1
preferential,1
overwhelming,1
highflying,1
anthony,1
casey,1
exmiss,1
condemned,1
spat,1
kfc,1
screaming,1
revoke,1
spew,1
association,1
pervasive,1
loweducated,1
reconcile,1
barriers,1
poorly,1
racenationality,1
breaks,1
finefriendly,1
nationalitiesminorities,1
spews,1
ambassador,1
correcly,1
disenfranchised,1
elbowed,1
enjoyed,1
rub,1
noses,1
prick,1
bullying,1
masterfully,1
adopting,1
instantly,1
submissive,1
ol,1
yassuh,1
bawss,1
routinedefused,1
brilliantly,1
yesterdays,1
disowned,1
chennai,1
emulate,1
deprive,1
sole,1
pleasure,1
byproducts,1
assaults,1
lightly,1
critiques,1
flips,1
calls,1
snarkfilled,1
adhominem,1
willingness,1
positively,1
degraded,1
obligation,1
courteous,1
practicable,1
precedent,1
wades,1
steelspiked,1
boots,1
gentle,1
reminder,1
pours,1
petrol,1
forceful,1
warranted,1
admittedly,1
aspiration,1
sincere,1
offence,1
bystanders,1
attributed,1
david,1
roth,1
depressingly,1
regularly,1
unprovoked,1
unexplained,1
bc,1
forsake,1
eroded,1
spurning,1
gathered,1
saga,1
flak,1
scmp,1
entrepreneurs,1
hints,1
slants,1
delve,1
st,1
page,1
angmohs,1
overweight,1
millionaire,1
residing,1
assert,1
gall,1
visitor,1
osim,1
chair,1
laughed,1
pedal,1
damage,1
averse,1
profitable,1
routes,1
throwing,1
unprofitable,1
unicorns,1
affiliation,1
gripes,1
mercenaries,1
pipeline,1
midtier,1
bend,1
skipped,1
disinterest,1
drawing,1
hilarious,1
resent,1
springboard,1
robbed,1
aforementioned,1
kings,1
trashy,1
golly,1
asshat,1
heartwarming,1
folk,1
retention,1
reputed,1
copypasta,1
billiondollar,1
empire,1
foundations,1
piracy,1
scam,1
games,1
predatory,1
microtransactions,1
blackshot,1
shitstain,1
corporate,1
tapestry,1
stronger,1
mellowed,1
devolved,1
apathy,1
echochamber,1
reflection,1
pleasuredispleasure,1
ignored,1
paywall,1
wherever,1
classmates,1
accomodation,1
bridging,1
baffles,1
lukewarm,1
targets,1
skepticism,1
exasperation,1
warped,1
heritage,1
abrasive,1
ethnonationalists,1
ascribing,1
virtues,1
traitors,1
beliefparticularly,1
bigwigsthat,1
dunno,1
hedge,1
frequently,1
card,1
difficulties,1
knocking,1
attitudethey,1
seeking,1
mindboggling,1
woo,1
exceptions,1
slang,1
classmate,1
awarded,1
offering,1
spit,1
default,1
proximity,1
ingroup,1
reaction,1
breathing,1
lahs,1
lehs,1
lors,1
origin,1
criteria,1
encompass,1
psychological,1
imposing,1
agents,1
apathetic,1
bloomberg,1
razer,1
ipoed,1
cared,1
pragmatic,1
thais,1
similarities,1
containing,1
tennis,1
migration,1
advantages,1
meritocratic,1
ba,1
overcrowded,1
brash,1
loud,1
clashes,1
quiet,1
dogs,1
opinionpartly,1
copied,1
ricemedia,1
supreme,1
laden,1
princeling,1
challenger,1
unnaturally,1
girlfriend,1
ching,1
chang,1
chong,1
numba,1
ancestry,1
commit,1
crime,1
proopposition,1
atheist,1
overnight,1
innermost,1
minds,1
plays,1
retires,1
identify,1
flew,1
themself,1
mold,1
qualities,1
cultivate,1
floodgates,1
quarters,1
accepted,1
correlation,1
daily,1
principled,1
stands,1
queuing,1
hai,1
di,1
lao,1
immigrant,1
millionaires,1
eduardo,1
saverin,1
tao,1
li,1
parlours,1
joints,1
mamas,1
crows,1
mistresses,1
prostitutes,1
subsidiaries,1
stanford,1
master,1
administration,1
marries,1
idealistic,1
bangladesh,1
undergrads,1
stayed,1
integrating,1
shanghai,1
factories,1
unequal,1
households,1
housework,1
feral,1
mainlanders,1
perceive,1
beneath,1
fujian,1
hokkien,1
split,1
boys,1
g,1
oto,1
kinship,1
tolerate,1
outsiders,1
plastics,1
electronic,1
reliant,1
uh,1
heavens,1
southeast,1
hometown,1
parade,1
polytechnique,1
proclaims,1
validate,1
renounced,1
flythe,1
union,1
jack,1
assimilating,1
joining,1
labelled,1
homewreckers,1
snag,1
ktv,1
hostesses,1
dropped,1
drastically,1
normalised,1
fluffs,1
leak,1
panama,1
confirming,1
leaked,1
removed,1
manyou,1
againif,1
drink,1
yeos,1
chrysanthemum,1
tea,1
negotiatiors,1
arguably,1
detriment,1
masters,1
tightening,1
guidelines,1
professorship,1
bnet,1
mobas,1
aeon,1
strife,1
starcraft,1
lan,1
emulators,1
garena,1
friendly,1
vouchers,1
disdain,1
gratefulness,1
connecting,1
believes,1
broaden,1
nudge,1
polarised,1
irish,1
italian,1
lobbying,1
adopted,1
silly,1
shedloads,1
residents,1
lah,1
rumours,1
sgreans,1
silently,1
voting,1
pump,1
visited,1
profiling,1
scaling,1
operating,1
residency,1
forums,1
gip,1
entity,1
renewal,1
stages,1
amalay,1
sons,1
roots,1
fallen,1
projecting,1
boast,1
foreignt,1
lowball,1
approximately,1
collar,1
commensurate,1
diligence,1
appraisal,1
stunned,1
revisited,1
policymaking,1
strategies,1
contrary,1
domain,1
credible,1
costbenefit,1
analysis,1
min,1
differing,1
goalpost,1
foolish,1
riders,1
govern,1
ridiculous,1
ruined,1
guide,1
closed,1
portray,1
communities,1
digression,1
honesty,1
abounds,1
scream,1
restrictive,1
slamming,1
inadvertently,1
importation,1
abound,1
withheld,1
rebated,1
lip,1
appear,1
mas,1
improved,1
astroturfing,1
begun,1
expatriates,1
tafep,1
gatekeeps,1
ineffective,1
ideally,1
productive,1
central,1
planner,1
blunt,1
instruments,1
ofc,1
gnarly,1
distinct,1
challenge,1
stringent,1
slips,1
tiger,1
bite,1
ascertain,1
maturity,1
benchmarks,1
heightened,1
resistance,1
underpaid,1
rabbit,1
hole,1
jump,1
deck,1
stacked,1
leverage,1
hike,1
baseline,1
removing,1
harping,1
restricted,1
overtaken,1
teething,1
brings,1
car,1
complained,1
zzzzx,1
calculate,1
allowance,1
tailored,1
concussion,1
counted,1
revised,1
csuite,1
trick,1
disney,1
cartoon,1
zootopia,1
cycle,1
proceeded,1
ship,1
arse,1
document,1
submitted,1
layer,1
responsible,1
verified,1
fraud,1
enforceable,1
watchlist,1
consequences,1
challenging,1
depended,1
leviesquotas,1
lax,1
corresponds,1
outs,1
treasury,1
isalary,1
withdrawal,1
er,1
nil,1
offtopic,1
retrospectively,1
anot,1
multinationals,1
cpfinlieu,1
unethical,1
trivially,1
titles,1
jobsdirected,1
pools,1
noone,1
wantscan,1
dozens,1
inefficient,1
silos,1
sexy,1
exciting,1
buzz,1
ml,1
employs,1
appropriately,1
ranging,1
superiors,1
appreciate,1
reward,1
sorts,1
morale,1
juniors,1
singaporeon,1
insider,1
soz,1
burst,1
meal,1
prep,1
checkupssurgery,1
holiday,1
monthly,1
installments,1
crazyoptimistic,1
healthinsurance,1
parent,1
contibution,1
skips,1
virtually,1
satisfactory,1
placing,1
vet,1
forest,1
tree,1
enabled,1
outnumbered,1
herring,1
penalties,1
prosecuted,1
vaguely,1
explicitly,1
nrf,1
appeal,1
administrator,1
audited,1
mths,1
caught,1
tally,1
recruiter,1
vast,1
rooms,1
limitations,1
resident,1
urgency,1
asidesend,1
downgrade,1
mark,1
hdbbto,1
stampduty,1
property,1
bedder,1
faaaaar,1
procedure,1
documentscredentials,1
deduction,1
struggles,1
skyrocket,1
three,1
reflective,1
spouses,1
incur,1
fifth,1
incomes,1
approximate,1
realized,1
ruppee,1
trendline,1
subsidized,1
philipines,1
plate,1
nasi,1
lemak,1
center,1
child,1
inline,1
expatriate,1
epf,1
insurance,1
remunerate,1
cook,1
nights,1
dualincome,1
household,1
groceries,1
utilities,1
ancillaries,1
gcbs,1
husband,1
lifestyles,1
commute,1
johor,1
bahru,1
units,1
generalise,1
closer,1
calculator,1
filipinos,1
unmarried,1
wives,1
nonanecdotal,1
official,1
welp,1
executives,1
changi,1
bear,1
sums,1
possibly,1
paiseh,1
wrongly,1
moneys,1
earns,1
addition,1
hospital,1
identically,1
pleasant,1
complaints,1
veri,1
hurting,1
shoulder,1
fat,1
dissatisfaction,1
unhappiness,1
roof,1
externally,1
bastard,1
harm,1
multinational,1
corporation,1
callbacks,1
spammed,1
inward,1
inculcate,1
landed,1
elite,1
eq,1
teachers,1
wantlikethink,1
schoolsteachers,1
shocked,1
alp,1
llp,1
cawa,1
grade,1
counselors,1
olds,1
discipline,1
medium,1
deliver,1
goal,1
studying,1
poly,1
annoyed,1
phrases,1
illuminated,1
vagueness,1
describing,1
frame,1
arrive,1
elegant,1
angles,1
memorize,1
regurgitate,1
exam,1
whatsoever,1
adds,1
exams,1
updated,1
useless,1
applicable,1
talked,1
qualifies,1
alumnis,1
tap,1
falls,1
curriculums,1
packed,1
schedule,1
content,1
inevitably,1
traineeships,1
conform,1
apprentice,1
trainee,1
finish,1
certification,1
emergence,1
compliment,1
functions,1
bio,1
pharma,1
advent,1
setting,1
certs,1
climb,1
truthful,1
unker,1
graduated,1
banging,1
certified,1
continually,1
abreast,1
humble,1
jcs,1
pointless,1
imparting,1
cite,1
mlaapa,1
shortened,1
board,1
providers,1
learners,1
alike,1
stops,1
lifelong,1
lagging,1
gpa,1
rebrand,1
fass,1
enjoyment,1
ivory,1
tower,1
morph,1
designed,1
polytechnics,1
expel,1
moocs,1
vuca,1
capabilities,1
landing,1
advancing,1
transactions,1
griping,1
overrates,1
prodigies,1
underrates,1
nurture,1
messy,1
rowdy,1
physically,1
challenged,1
loving,1
nurturing,1
beethoven,1
steven,1
hawkings,1
notable,1
challenges,1
autism,1
chok,1
tong,1
enable,1
award,1
nailed,1
convey,1
examinations,1
rote,1
overemphasized,1
partly,1
cert,1
route,1
teacher,1
globalisation,1
technological,1
advances,1
stressed,1
hobby,1
toward,1
theoretical,1
respects,1
repeat,1
sem,1
maintaining,1
substitutes,1
watch,1
wholesale,1
obtaining,1
branding,1
exponential,1
alrightish,1
audit,1
posters,1
acquiring,1
includes,1
assignments,1
occam,1
razor,1
workmarry,1
churning,1
mechanical,1
double,1
model,1
flooding,1
unpack,1
arising,1
unrealistic,1
determine,1
curtailed,1
shorter,1
akin,1
utilized,1
bearing,1
concurrently,1
correcting,1
switching,1
seekers,1
mislead,1
matches,1
aspirations,1
searching,1
determined,1
multitude,1
lifes,1
categorized,1
furthermore,1
averages,1
distributions,1
led,1
legislate,1
allocated,1
altitude,1
improving,1
referrals,1
hireandchase,1
reversed,1
begin,1
nonfresh,1
scenario,1
switchers,1
retraining,1
transferable,1
mediate,1
selfpaid,1
companysponsored,1
schoolled,1
willasily,1
refer,1
band,1
digress,1
radically,1
existing,1
assistance,1
originally,1
driving,1
affecting,1
airline,1
sia,1
furlough,1
recover,1
sincerely,1
longlasting,1
proficiency,1
machines,1
personalities,1
horoscopesmbti,1
requiring,1
ceremony,1
istart,1
joblessness,1
circuit,1
breaker,1
lockdowns,1
withdrawn,1
sustain,1
singstat,1
precovid,1
inference,1
postcovid,1
neet,1
uin,1
utmost,1
priority,1
fervor,1
pushing,1
extraordinary,1
inevitable,1
alarming,1
music,1
arbitrary,1
figurative,1
looked,1
legislated,1
hospitality,1
lowlyeducated,1
severely,1
impacted,1
vulnerable,1
legislation,1
strengthen,1
inform,1
organisations,1
ngos,1
dire,1
longterm,1
permanent,1
adhoc,1
upbeat,1
glassdoor,1
increments,1
scalability,1
efficiency,1
commodity,1
auto,1
investigate,1
invasion,1
trail,1
methods,1
mth,1
probation,1
weekly,1
touchpoints,1
pain,1
suitability,1
realistically,1
fancy,1
glut,1
brutal,1
sarcastic,1
sounding,1
schedules,1
compromises,1
eh,1
hourly,1
forgo,1
leisure,1
achieved,1
cardboard,1
describes,1
commonly,1
optimal,1
compensates,1
microeconomics,1
oversupply,1
dismissing,1
injustice,1
optimising,1
shortterm,1
incentivise,1
outplaced,1
medisave,1
legal,1
filed,1
polytechniques,1
wsq,1
inferior,1
specialised,1
computer,1
tasked,1
timeless,1
rigorous,1
biology,1
newfangled,1
microscope,1
cube,1
polytechnic,1
uni,1
speed,1
blindly,1
drone,1
library,1
spoonfed,1
mindless,1
drones,1
faangs,1
ramp,1
spoken,1
jd,1
satisfy,1
unskilled,1
chemicalbio,1
ropes,1
trainees,1
presents,1
dichotomy,1
headline,1
governmentparliament,1
mixed,1
problematic,1
mobility,1
alleviate,1
inequalities,1
faces,1
haves,1
havenots,1
allocate,1
bridge,1
worsen,1
essentializes,1
nuances,1
diverse,1
interaction,1
ideas,1
utilitarian,1
evaluate,1
efficacy,1
respond,1
responds,1
recorded,1
amend,1
voters,1
fearmongering,1
worry,1
sensible,1
relief,1
criticising,1
multiministry,1
gan,1
kim,1
yong,1
lawrence,1
wong,1
natl,1
dpm,1
communications,1
chan,1
chun,1
sing,1
masagos,1
eee,1
ng,1
chee,1
meng,1
pmo,1
secgen,1
ee,1
ong,1
ye,1
kung,1
josephine,1
teo,1
desmond,1
lawyerprosecutor,1
doctor,1
mp,1
sylvia,1
lian,1
thia,1
khiang,1
chen,1
png,1
eng,1
huat,1
dennis,1
leon,1
perera,1
consultant,1
daniel,1
sociology,1
sdp,1
disease,1
coordinating,1
presidentelect,1
diseases,1
coordinate,1
ministries,1
formulation,1
servants,1
eloquently,1
aggravated,1
flip,1
considers,1
delivered,1
accomplished,1
thumbs,1
encapsulates,1
sustainably,1
mindfully,1
discarding,1
permeate,1
fnb,1
operates,1
posses,1
misleading,1
truths,1
press,1
shocking,1
cart,1
horse,1
elaborated,1
economists,1
whitelist,1
mortality,1
deaths,1
died,1
gears,1
chugging,1
crushed,1
wheel,1
mobile,1
partners,1
passengers,1
arriving,1
territories,1
selfisolate,1
arrival,1
managing,1
delusion,1
sidestepped,1
causation,1
morality,1
technolog,1
heres,1
expanding,1
phased,1
switch,1
assembly,1
qualify,1
unemployed,1
chances,1
hustled,1
aaa,1
govtech,1
csit,1
dsta,1
openings,1
cybersecurity,1
aye,1
scientist,1
amoung,1
bill,1
burn,1
indirectly,1
vanish,1
disturbed,1
antiforeign,1
circulating,1
movies,1
kiwis,1
illustrate,1
unnecessary,1
broader,1
battle,1
getgo,1
formulas,1
weight,1
interns,1
grading,1
conducting,1
sold,1
proposing,1
sgean,1
factor,1
feet,1
debug,1
comb,1
bone,1
details,1
bau,1
focuses,1
paidhired,1
obligations,1
impressed,1
delegated,1
quoting,1
tinier,1
dxo,1
politicking,1
condoned,1
iron,1
resigns,1
nothankfully,1
resign,1
essential,1
secretaries,1
emails,1
tai,1
chi,1
migrated,1
singaporeor,1
appreciated,1
respectable,1
accounting,1
fieldonly,1
receive,1
statistical,1
conversion,1
salty,1
meh,1
reasearch,1
predominantly,1
skillbased,1
techstack,1
unqualified,1
continuously,1
equipped,1
cmumitstanford,1
headhunted,1
approached,1
import,1
fmcg,1
mechanism,1
pg,1
pac,1
rocket,1
wrt,1
biz,1
stripe,1
whathaveyou,1
aims,1
adding,1
attacking,1
undercut,1
sexier,1
softbank,1
innovative,1
gradually,1
tencent,1
baba,1
mono,1
hmm,1
staffed,1
knowhow,1
populace,1
masa,1
sends,1
fasttrack,1
spass,1
transparent,1
artssocial,1
surpass,1
earnings,1
targetting,1
emphasise,1
boomer,1
mumbai,1
voted,1
wasnt,1
spring,1
boot,1
nodejs,1
postings,1
realworld,1
array,1
strings,1
stepbystep,1
shortchanging,1
adopt,1
inferiority,1
tw,1
handsomely,1
bay,1
zoom,1
existed,1
feedback,1
skeptical,1
devolving,1
memorizing,1
tutorials,1
modules,1
memorise,1
foundation,1
tenacity,1
syntax,1
mug,1
recruitment,1
tiny,1
adults,1
specialties,1
remarkable,1
unremarkable,1
cab,1
avoids,1
handling,1
acquire,1
acquired,1
bleed,1
shengshiong,1
fairprice,1
nightmare,1
citation,1
fantastic,1
mainline,1
amazonsg,1
amazoncn,1
delgro,1
revamped,1
booking,1
tied,1
vehicles,1
billions,1
fleet,1
correctly,1
consortium,1
ubercompetitor,1
hoovering,1
gojek,1
counting,1
relocation,1
detail,1
onboardingon,1
contexts,1
reversing,1
buildin,1
awkward,1
pause,1
interviewer,1
ensured,1
rememberinglearning,1
intake,1
iterating,1
saltiness,1
sillicon,1
valley,1
leap,1
middleaged,1
innovators,1
skim,1
gasp,1
scooters,1
cars,1
giants,1
negotiate,1
cohort,1
bar,1
customeradjacent,1
architecture,1
presales,1
loosely,1
endgame,1
operation,1
servoce,1
shrinking,1
illustration,1
reaping,1
compliance,1
localisation,1
officesd,1
atacenters,1
incubators,1
innovation,1
labs,1
joint,1
ventures,1
friction,1
typescript,1
scala,1
cpu,1
memory,1
collection,1
predictably,1
risking,1
certainty,1
techstartup,1
san,1
fran,1
structurally,1
belt,1
protection,1
inflexibility,1
stability,1
excellent,1
location,1
quarter,1
corruption,1
transportation,1
plucked,1
tiniest,1
pinch,1
numbersof,1
interwebs,1
fairness,1
lasts,1
longest,1
venice,1
khmer,1
rouge,1
farmers,1
badly,1
attrition,1
alibaba,1
shortly,1
regression,1
functionalities,1
bugs,1
dev,1
rushing,1
diametrically,1
vue,1
password,1
hash,1
encryption,1
spot,1
caliber,1
circular,1
locallybased,1
russia,1
visa,1
demonstrate,1
experiment,1
outpace,1
reintroduce,1
functionality,1
products,1
marketplace,1
vendors,1
buggy,1
orders,1
loss,1
grapevine,1
losses,1
mounted,1
cutting,1
ensued,1
controversy,1
mess,1
legacy,1
pioneering,1
leh,1
bcrypt,1
throughout,1
richer,1
firstmover,1
momentum,1
outpaces,1
devs,1
miracles,1
release,1
ran,1
browser,1
relegated,1
obfuscation,1
defined,1
neccessary,1
uniting,1
creation,1
divisions,1
exacerbated,1
anxious,1
widened,1
progress,1
extrajudicial,1
murder,1
viable,1
roll,1
perpetuate,1
dominate,1
trending,1
viral,1
convo,1
validity,1
sinister,1
slant,1
demonization,1
wedding,1
surprisingly,1
bubbles,1
thanksgiving,1
yell,1
preferable,1
pitchforksspikesheads,1
yesteryears,1
targeting,1
powers,1
radicalized,1
participate,1
interpret,1
authoritiesmedia,1
notraitors,1
overton,1
window,1
escalates,1
postindependence,1
mend,1
earthquake,1
collapse,1
shocks,1
achieve,1
invaded,1
aliens,1
unequality,1
norms,1
dictated,1
globe,1
mentalities,1
significantly,1
newsfeed,1
honorary,1
fairweather,1
reminded,1
conditional,1
snatch,1
fanatical,1
populism,1
nazi,1
assaulting,1
spoke,1
uneasy,1
oppies,1
supporters,1
didnt,1
reinforcing,1
greed,1
overzealous,1
platoon,1
section,1
leader,1
accumulate,1
overcome,1
odds,1
distractions,1
polarisation,1
shades,1
grey,1
poll,1
commentary,1
inherent,1
cognitive,1
subjectivity,1
discussions,1
derive,1
evolutionarily,1
hardwired,1
tribalism,1
cohesive,1
definite,1
emerges,1
attaching,1
clans,1
cliques,1
sports,1
clubs,1
ideological,1
subreddits,1
bloody,1
smartphone,1
manufacturers,1
primal,1
inclination,1
gleaming,1
veneer,1
hightech,1
civilization,1
bound,1
basest,1
instincts,1
disadvantaged,1
livelihood,1
socialization,1
privatization,1
privatize,1
hits,1
fan,1
asses,1
socialism,1
bodied,1
males,1
whilst,1
vocally,1
exclusively,1
bubbling,1
shoes,1
insights,1
lean,1
hungry,1
stingy,1
desperate,1
cat,1
elitist,1
elements,1
lenses,1
ongoing,1
projectory,1
worldwide,1
escalating,1
users,1
distract,1
pitting,1
proves,1
miserable,1
answers,1
radicalised,1
incoming,1
followed,1
whistleblow,1
terminated,1
himher,1
replaceable,1
solely,1
laff,1
pattern,1
badminton,1
updooted,1
sits,1
pledge,1
lhl,1
nonnegotiable,1
aspiring,1
legitimacy,1
enshrined,1
kinky,1
inclinations,1
encouraged,1
inducing,1
unjust,1
zoomers,1
q,1
provocations,1
distraction,1
intent,1
division,1
exercising,1
sovereignty,1
scary,1
wisdom,1
destructive,1
liberty,1
intended,1
wellconnected,1
fifty,1
rubbishing,1
slightly,1
tshowyounicehouses,1
ofracism,1
marginalization,1
appears,1
cronies,1
evening,1
uniquely,1
rulers,1
overstayed,1
usefulness,1
usvsthem,1
painting,1
garner,1
proposition,1
republicans,1
november,1
hymnal,1
bojo,1
mojo,1
metro,1
populations,1
civilisation,1
requires,1
proportionally,1
absolve,1
tightly,1
appearances,1
mere,1
serfs,1
singaporeanamericanstyle,1
chaebol,1
divided,1
commoners,1
visible,1
disastrous,1
together,1
separately,1
worded,1
apt,1
statesanctioned,1
hangings,1
speakers,1
conflating,1
chain,1
margin,1
mandated,1
refuses,1
finances,1
listed,1
fulfill,1
pales,1
comparison,1
command,1
overstated,1
communicate,1
epass,1
meeting,1
ec,1
condominium,1
audi,1
sugar,1
highsecurity,1
skilltransfers,1
offshore,1
moneylaundering,1
accountshell,1
betterment,1
relies,1
retaining,1
pros,1
stint,1
marriage,1
spends,1
timemoney,1
pool,1
subjective,1
dropout,1
negotiation,1
bonding,1
boasting,1
machining,1
barrier,1
factory,1
pressing,1
buttons,1
everyday,1
prob,1
witnessed,1
overlaps,1
profit,1
clearer,1
incorrect,1
antiglobal,1
itbut,1
engrs,1
agenciesboards,1
fish,1
shrimp,1
fulfil,1
dollars,1
cents,1
migrating,1
builder,1
cloned,1
contract,1
production,1
workpermit,1
manually,1
performed,1
sheltered,1
wellventilated,1
facility,1
weekdays,1
inclusive,1
mandatory,1
overtime,1
qualification,1
otincentives,1
recruiting,1
meaningful,1
thinkers,1
oseas,1
hop,1
sat,1
ot,1
impacts,1
bonuses,1
diff,1
ironic,1
kickbacks,1
stricter,1
forgot,1
nearby,1
incentives,1
spirit,1
weaker,1
sgporeans,1
developers,1
panicking,1
techie,1
illegal,1
sabotage,1
toast,1
homeland,1
compute,1
request,1
cough,1
mingling,1
rural,1
groomed,1
expandable,1
ip,1
stolen,1
competitor,1
breach,1
contracts,1
court,1
disputes,1
mutually,1
panic,1
spouse,1
distance,1
blackmail,1
coined,1
exminister,1
phrase,1
betterer,1
fasterer,1
mangled,1
meme,1
writing,1
website,1
googling,1
rotated,1
branch,1
supplement,1
spotted,1
dismissive,1
trimester,1
briefing,1
delegating,1
handing,1
onsite,1
goodwill,1
suitably,1
compensated,1
teamwork,1
glibly,1
demanding,1
horhhh,1
auntie,1
pet,1
chihuahua,1
registered,1
selfassessment,1
tool,1
exploited,1
relate,1
constitute,1
anount,1
anecdotally,1
statistic,1
immigrated,1
incompetent,1
broadbrush,1
drove,1
book,1
doorstep,1
crazies,1
confidently,1
suggested,1
yearold,1
girl,1
enlightened,1
generational,1
lifetimes,1
apunehneh,1
misbehave,1
spill,1
fraught,1
geopolitics,1
destabilise,1
antiforeigners,1
deem,1
yrs,1
bought,1
toilets,1
odd,1
irks,1
snide,1
neighbour,1
reflected,1
bulled,1
threatened,1
conspicuous,1
needy,1
becos,1
hasnt,1
microagressions,1
preetipls,1
forum,1
fw,1
eating,1
defn,1
cna,1
documentry,1
touches,1
token,1
donkey,1
politician,1
disproportionally,1
tome,1
phone,1
weird,1
fallacies,1
lighten,1
desensitized,1
commonplace,1
complaint,1
sufferings,1
dating,1
gf,1
enraged,1
clap,1
coincidence,1
intentional,1
disregard,1
consciously,1
noticing,1
pmed,1
merged,1
portrayal,1
mediacorpse,1
scenarios,1
christians,1
muslim,1
brothers,1
lawful,1
chaotic,1
shape,1
beautiful,1
mock,1
ethnically,1
shockingly,1
illogically,1
albeit,1
internalized,1
generalizing,1
polluted,1
uncommon,1
negativederogatory,1
uncivilized,1
hiding,1
anonymously,1
superiority,1
evidenced,1
paradox,1
unsuccessful,1
lowly,1
adjective,1
undeserving,1
wipe,1
tears,1
bags,1
rsubredditdrama,1
woohoooo,1
insisted,1
racis,1
appeared,1
yellow,1
asians,1
harassed,1
assaulted,1
corona,1
muslims,1
airport,1
defnitely,1
frustrates,1
microaggressiveness,1
passively,1
neighbors,1
acquittance,1
indonesia,1
clashed,1
javanese,1
restaurant,1
chase,1
racismfree,1
passive,1
eradicate,1
encounterings,1
nevertheless,1
clients,1
counties,1
encountered,1
folks,1
questionable,1
tanned,1
viciously,1
starter,1
telling,1
wallet,1
malls,1
oneboth,1
opps,1
ads,1
vanishes,1
evidences,1
clerks,1
janitors,1
marked,1
shine,1
ity,1
parts,1
slights,1
nonverbal,1
restaurants,1
loudly,1
pms,1
tos,1
identityculture,1
argued,1
diluted,1
presume,1
sob,1
indianise,1
procurement,1
outrageous,1
precious,1
marry,1
fatty,1
hierarchy,1
poors,1
mad,1
millstone,1
neck,1
inc,1
fucked,1
alas,1
compromise,1
sixth,1
avenue,1
mansions,1
peasants,1
stir,1
honestlyracism,1
condition,1
beings,1
species,1
emotion,1
analysing,1
enclave,1
ruin,1
dares,1
ashamed,1
collective,1
behalf,1
hanging,1
envious,1
bukit,1
timah,1
tanglin,1
sentosa,1
ceo,1
somethingsomeone,1
classes,1
coveted,1
spots,1
dentist,1
comsci,1
hes,1
blames,1
youpeople,1
volunteer,1
youracist,1
diy,1
physicalviolent,1
sydney,1
defend,1
pathetic,1
attempts,1
paint,1
broad,1
brush,1
foolishly,1
locked,1
prison,1
murdering,1
safest,1
selfentitled,1
istories,1
seriousness,1
insecure,1
unsophisticated,1
reaching,1
stars,1
colonizing,1
moon,1
exploring,1
outer,1
cosmos,1
squabbling,1
pigmentation,1
jobstealing,1
godhumanscience,1
rude,1
jelly,1
haters,1
colourblind,1
funnily,1
taste,1
shout,1
caucasian,1
mates,1
nod,1
smile,1
quantity,1
bigots,1
xenophobes,1
dwell,1
desensitised,1
nonchalant,1
hurled,1
aired,1
grievances,1
utopia,1
rid,1
channels,1
construct,1
worldviews,1
timings,1
verbal,1
decently,1
progressed,1
hesitate,1
fell,1
asks,1
recognized,1
leading,1
cosmopolitan,1
zones,1
pakistanis,1
rubbish,1
selected,1
remove,1
listings,1
acknowledging,1
european,1
acceptance,1
ugh,1
r,1
sucks,1
tourists,1
subconscious,1
associated,1
hi,1
diablesuperbe,1
unpleasant,1
involving,1
xiaxue,1
raged,1
wave,1
wuhan,1
mask,1
kidding,1
doubleedged,1
sword,1
urge,1
empathetic,1
narrowmindedness,1
depression,1
pity,1
breadwinner,1
drugs,1
sickness,1
polite,1
personlly,1
intelligent,1
inside,1
horribly,1
discover,1
jealousy,1
jealously,1
fuels,1
mall,1
sick,1
sprout,1
cynically,1
indirect,1
cringey,1
bait,1
jealous,1
drag,1
fullest,1
spirits,1
blatant,1
prejudices,1
offenders,1
raspberry,1
douche,1
owe,1
scoff,1
shares,1
repressed,1
selfhatred,1
limits,1
conditioned,1
achievements,1
projection,1
popularity,1
sexism,1
lovely,1
noc,1
girls,1
makeup,1
deepavali,1
brazen,1
dealt,1
amplify,1
racialneutral,1
recognising,1
shower,1
toilet,1
stuffs,1
wholesome,1
flipping,1
til,1
apunenneh,1
boogeyman,1
annoying,1
yall,1
wondering,1
gen,1
qualms,1
spouting,1
heaven,1
reallyreally,1
dislikes,1
systems,1
images,1
dig,1
inclusivity,1
mindedness,1
recounted,1
askreddit,1
commenters,1
walking,1
stereotype,1
favouring,1
conflates,1
wide,1
slandering,1
soooo,1
deride,1
boiled,1
distill,1
plainly,1
ali,1
bala,1
george,1
sham,1
kebab,1
forsee,1
instinct,1
weakness,1
fragile,1
incapable,1
mixing,1
welcomed,1
overwhelmingly,1
dominant,1
raceculture,1
surge,1
suffered,1
cumulative,1
decreasing,1
ugliness,1
worrying,1
nonhomogenous,1
damming,1
fuss,1
kicked,1
filipino,1
embassy,1
celebrate,1
indepedence,1
ngee,1
ann,1
civic,1
plaza,1
cancelled,1
safety,1
indignity,1
disgraceful,1
smacks,1
arrogance,1
protested,1
anzac,1
emperor,1
birthday,1
protests,1
reliance,1
coercion,1
nip,1
bud,1
ts,1
toes,1
responses,1
denying,1
mah,1
internalise,1
unquestioningly,1
shining,1
sun,1
commenting,1
kudos,1
liddat,1
bangla,1
piss,1
punishing,1
pork,1
somemore,1
outbreak,1
islamic,1
focusing,1
ku,1
klux,1
yardstick,1
shitstirrer,1
gatekeeper,1
user,1
angelix,1
shits,1
finds,1
chime,1
lowlife,1
seated,1
windrush,1
treats,1
liverpool,1
cesspit,1
crumbling,1
pessimist,1
realism,1
stood,1
slaves,1
nazism,1
ultra,1
clicks,1
degrade,1
rare,1
tired,1
behaving,1
treating,1
rudely,1
cracking,1
unneccesary,1
deterants,1
username,1
brotherinlaw,1
college,1
final,1
wallow,1
victimhood,1
huh,1
plsnot,1
villages,1
linking,1
isolated,1
loser,1
nric,1
visibly,1
embarrassed,1
kuan,1
yew,1
famous,1
denial,1
admitted,1
summed,1
finallythank,1
coy,1
targetted,1
fruit,1
rojak,1
hotpot,1
broths,1
segregated,1
fwiw,1
monoculture,1
generous,1
belittle,1
neverending,1
friday,1
prayers,1
wash,1
alternate,1
oblivion,1
marginalized,1
appointed,1
beg,1
perpetrator,1
ridiculously,1
distinguish,1
ladies,1
flouting,1
exampleswah,1
abnn,1
ahsend,1
labeling,1
denies,1
acted,1
playground,1
earlier,1
horrified,1
overhear,1
berating,1
ostracising,1
mangali,1
sucking,1
straightup,1
aggressive,1
lumps,1
innocuous,1
sue,1
et,1
popularised,1
muddies,1
terrified,1
culturedoxing,1
systemicintentional,1
corrected,1
shunned,1
dialogue,1
butwe,1
showed,1
tolerant,1
prejudicial,1
affront,1
cloaks,1
ameritocracy,1
poliitcal,1
breaches,1
casually,1
uses,1
debated,1
ad,1
nauseam,1
precise,1
fathers,1
adhered,1
wouldevice,1
governs,1
turbulent,1
bold,1
plot,1
legitimate,1
untouchable,1
blinded,1
tragic,1
fate,1
hundred,1
blend,1
homogenization,1
sir,1
president,1
aloof,1
similarity,1
lynched,1
intervene,1
creditrecognition,1
father,1
teenagers,1
dramatic,1
bullied,1
whine,1
cry,1
slightest,1
provocation,1
forces,1
millions,1
ofdifferent,1
favourite,1
nemesis,1
reiterating,1
mod,1
stubbornness,1
videos,1
conclusive,1
noping,1
sjw,1
attentions,1
prevention,1
cure,1
governance,1
ball,1
lately,1
reactive,1
preventive,1
colored,1
empty,1
laseringin,1
traits,1
sexual,1
orientation,1
appearance,1
disabilities,1
extension,1
edited,1
elaboration,1
xenoist,1
mocking,1
antirich,1
mankind,1
bragged,1
bracket,1
watched,1
buzzfeed,1
episode,1
arts,1
forms,1
catered,1
roundabout,1
underprivileged,1
hardworker,1
pressuring,1
fought,1
ordinary,1
desire,1
chillax,1
pressured,1
plain,1
hah,1
glorify,1
westerner,1
hilariously,1
void,1
abouttreat,1
eastern,1
europeans,1
easterners,1
directed,1
guessing,1
hung,1
nonracist,1
crowd,1
juveniles,1
impeccable,1
steam,1
military,1
connected,1
practicing,1
documented,1
books,1
downvote,1
brigade,1
crap,1
dint,1
rejections,1
owns,1
villa,1
classic,1
omg,1
botsmultiple,1
minorityso,1
strikes,1
rofl,1
facilitating,1
resolution,1
fail,1
eye,1
freedom,1
abused,1
tumultuous,1
swing,1
premise,1
legacies,1
tamed,1
tackling,1
associations,1
reckoned,1
depoliticise,1
deter,1
accident,1
answered,1
located,1
scandinavia,1
contention,1
risen,1
exponentially,1
winning,1
seats,1
held,1
decimated,1
generates,1
kopitiam,1
chope,1
crumpled,1
tissue,1
civilized,1
kindness,1
campaign,1
bordering,1
madness,1
bizzare,1
hearted,1
liberals,1
confusing,1
nationalismxenophobia,1
cute,1
elevate,1
dear,1
racerelated,1
kthx,1
supposedly,1
deviation,1
characteristics,1
nutshell,1
behaviours,1
ofdisregards,1
bulk,1
simpler,1
preach,1
lasting,1
effects,1
constructive,1
encouraging,1
provoking,1
sacred,1
glorious,1
air,1
ps,1
thereby,1
spoiled,1
burned,1
trace,1
activity,1
earnestly,1
worlds,1
flaw,1
forgetting,1
sjws,1
variation,1
illogical,1
disagreement,1
chopeing,1
tables,1
unbelievable,1
cope,1
mentally,1
ill,1
abusive,1
paraphrase,1
shadowy,1
subfaction,1
electorate,1
controllers,1
expense,1
selfcontradictory,1
progressive,1
liking,1
hsk,1
wins,1
marity,1
intertwined,1
degenerates,1
linguistic,1
nitpicking,1
localbutminorityrace,1
absurd,1
dishonest,1
trusting,1
respectful,1
interacted,1
shrug,1
attribute,1
encompasses,1
derogatory,1
childhoods,1
ambition,1
peer,1
beaten,1
huddled,1
kthxbye,1
pin,1
fullstop,1
eventhough,1
theyre,1
subhumanely,1
idiot,1
underwear,1
shorts,1
healthy,1
dearth,1
evaluation,1
selfreflection,1
beliefs,1
immaterial,1
convincing,1
sidetrack,1
wonderful,1
contradicting,1
knight,1
championing,1
downvoting,1
king,1
temp,1
flagwaving,1
fundamental,1
quantify,1
nonabsolute,1
rises,1
decline,1
scrolled,1
certifying,1
normally,1
suits,1
voluntering,1
primarily,1
unlikable,1
pinpoint,1
tear,1
layers,1
fallacy,1
obsessed,1
understood,1
deflect,1
counteract,1
beat,1
bush,1
nationalist,1
retard,1
serving,1
payment,1
commitment,1
duration,1
parttime,1
spewing,1
twisting,1
verbatim,1
tampered,1
disproved,1
lowers,1
pretending,1
tumulous,1
proved,1
fun,1
york,1
strawberry,1
countering,1
warmer,1
apologies,1
endure,1
deflecting,1
disprove,1
confused,1
adress,1
inanity,1
resort,1
direct,1
variables,1
nevermind,1
succinctly,1
correlate,1
chilling,1
counters,1
clutching,1
abstract,1
notions,1
