people,307
like,216
would,199
even,163
think,150
also,144
gay,130
christians,128
one,125
religious,116
singapore,113
christian,109
see,108
religion,105
church,100
really,97
still,92
say,92
know,90
many,87
good,82
well,80
time,79
god,78
homosexuality,77
point,77
laws,75
law,75
society,73
make,73
right,73
get,71
bible,71
rights,70
said,69
community,69
way,69
much,68
us,68
need,65
support,63
majority,61
believe,61
things,59
want,59
may,56
take,55
love,55
different,55
could,54
issue,54
go,54
others,53
wrong,53
going,52
q,52
government,51
christianity,50
mean,50
understand,48
beliefs,48
someone,47
always,47
actually,47
churches,46
though,46
issues,45
kids,45
person,45
change,45
view,44
find,43
feel,43
come,42
anything,42
saying,42
life,42
yes,41
made,41
thing,41
jesus,41
everyone,40
faith,40
look,39
sex,39
years,39
never,39
post,39
since,39
thanks,39
anti,38
views,38
might,38
political,37
pap,37
something,37
better,37
hope,37
bad,37
friends,36
choice,36
maybe,36
long,36
agree,36
first,36
either,35
part,35
live,35
probably,34
another,33
argument,33
social,33
lot,33
homosexual,33
joanna,33
let,32
quite,32
towards,32
problem,32
children,32
try,31
sure,31
etc,31
least,31
family,31
reason,31
opinion,31
day,31
accepting,31
kind,31
influence,30
able,30
whole,30
muslim,30
sin,30
choose,30
whether,29
matter,29
means,29
lky,29
cannot,29
making,29
position,28
sexual,28
conservative,28
trying,28
read,28
keep,28
show,28
school,28
certain,27
call,27
anyone,27
marriage,27
use,27
rather,27
best,27
leaders,27
public,27
simply,27
group,27
video,26
singaporeans,26
already,26
world,26
generation,26
please,25
less,25
makes,25
parents,25
bit,25
couples,25
groups,25
lol,25
thank,25
pride,25
guess,24
sg,24
instead,24
done,24
general,24
around,24
man,24
reading,24
young,24
yet,24
place,24
jews,24
care,24
stance,23
must,23
literally,23
pro,23
cabinet,23
values,23
population,23
enough,23
asking,23
op,23
repeal,23
ones,23
old,23
cause,22
opposition,22
especially,22
media,22
personally,22
based,22
getting,22
likely,22
hell,22
men,22
book,22
hard,22
words,22
fact,22
back,21
rich,21
sorry,21
respect,21
two,21
put,21
allowed,21
context,21
due,20
true,20
needs,20
internet,20
today,20
catholic,20
muslims,20
seen,20
used,20
comes,20
generally,20
case,20
petition,20
straight,20
every,20
rules,20
censorship,20
religions,19
politics,19
number,19
power,19
ministers,19
human,19
year,19
stop,19
hate,19
clearly,19
seems,19
far,19
among,19
western,19
exactly,19
current,19
however,19
given,19
work,19
theng,19
give,19
modern,19
text,19
content,19
apply,19
secular,18
question,18
note,18
within,18
end,18
although,18
homophobic,18
sense,18
mind,18
without,18
singaporean,18
watch,18
pretty,18
thought,18
equal,18
openly,18
fine,18
yeah,18
heard,18
honestly,18
idea,18
imda,18
comments,17
orientation,17
regarding,17
leave,17
unless,17
heterosexual,17
moral,17
happen,17
teachings,17
chinese,17
follow,17
liberal,17
tell,17
sins,17
wish,17
start,17
stream,17
united,16
great,16
full,16
discussion,16
whatever,16
called,16
party,16
sad,16
clear,16
new,16
country,16
comment,16
parties,16
days,16
personal,16
written,16
hand,16
friend,16
strong,16
accept,16
course,16
apology,16
forgive,16
correct,16
ppl,16
happy,16
next,16
definitely,16
eg,16
interpretation,16
gonna,16
material,16
incest,16
supportive,15
else,15
similar,15
despite,15
wp,15
little,15
willing,15
taken,15
example,15
legal,15
speak,15
talking,15
ways,15
surprised,15
books,15
interesting,15
actions,15
got,15
narrative,15
nothing,15
stand,15
acceptance,15
morality,15
consider,14
lifestyle,14
movement,14
holding,14
ask,14
members,14
relationship,14
help,14
truth,14
expect,14
times,14
easy,14
speaking,14
west,14
unfortunately,14
vote,14
open,14
sometimes,14
ever,14
came,14
set,14
guy,14
possible,14
big,14
sexuality,14
younger,14
natural,14
found,14
older,14
code,14
discretion,14
greater,13
progressive,13
mostly,13
free,13
talk,13
civil,13
hands,13
ah,13
side,13
discrimination,13
silent,13
disagree,13
particular,13
ago,13
folks,13
act,13
past,13
small,13
points,13
sounds,13
form,13
apologise,13
original,13
shows,13
word,13
couple,13
christ,13
u,13
testament,13
trans,13
kid,13
states,12
real,12
behalf,12
age,12
says,12
hold,12
neutral,12
politicians,12
important,12
second,12
share,12
bullshit,12
abrahamic,12
exist,12
major,12
leadership,12
step,12
curious,12
large,12
coming,12
therefore,12
debate,12
homosexuals,12
non,12
nation,12
haha,12
countries,12
allow,12
kinda,12
oh,12
gender,12
explain,12
homophobia,12
edit,12
minority,12
understanding,12
situation,12
private,12
nice,12
hear,12
experience,12
known,12
left,12
parliament,11
term,11
perhaps,11
gays,11
logic,11
matters,11
giving,11
arguments,11
become,11
topic,11
lost,11
enforced,11
watching,11
seem,11
following,11
repealing,11
individual,11
keeping,11
ultimately,11
vocal,11
wonder,11
easier,11
practice,11
repealed,11
conservatives,11
thinking,11
goes,11
turn,11
learn,11
male,11
message,11
texts,11
moderate,11
thats,11
actively,11
treat,11
guys,11
fundamentalist,11
immoral,11
argue,11
future,11
lmao,11
judaism,11
fuck,11
equally,11
push,11
pink,11
appreciate,10
claim,10
referring,10
evidence,10
nobody,10
source,10
mentioned,10
happened,10
leader,10
play,10
single,10
genetic,10
mps,10
compared,10
living,10
absolutely,10
shit,10
okay,10
fucking,10
tend,10
valid,10
fully,10
common,10
promote,10
doubt,10
taught,10
pressure,10
value,10
women,10
toxic,10
parts,10
grew,10
probability,10
die,10
face,10
election,10
behind,10
specifically,10
somehow,10
glad,10
students,10
often,10
name,10
using,10
self,10
stuff,10
house,10
otherwise,10
simple,10
married,10
theology,10
influenced,10
told,10
standards,10
honest,10
money,10
longer,10
applied,10
ok,10
cool,10
illegal,10
month,10
consistently,10
application,10
downvoted,9
candidates,9
policies,9
becomes,9
remain,9
certainly,9
along,9
lead,9
taking,9
home,9
everything,9
pick,9
tried,9
worse,9
rest,9
popular,9
tolerance,9
fellow,9
entire,9
protect,9
accepted,9
hence,9
impact,9
supporting,9
main,9
event,9
meant,9
theological,9
reasons,9
concept,9
feels,9
india,9
bring,9
basically,9
extremely,9
acceptable,9
truly,9
heart,9
perspective,9
interpretations,9
damn,9
satan,9
light,9
acts,9
difficult,9
woman,9
regardless,9
im,9
r,9
short,9
lives,9
loving,9
response,9
leviticus,9
nt,9
ancient,9
rating,9
livestream,9
porn,9
normative,9
principle,9
pd,9
supposed,8
backlash,8
statement,8
showing,8
sdp,8
link,8
fair,8
minded,8
remember,8
factor,8
standing,8
history,8
none,8
class,8
tolerant,8
lose,8
faiths,8
aware,8
race,8
radical,8
humans,8
related,8
national,8
changes,8
outside,8
negative,8
status,8
thoughts,8
including,8
usually,8
mention,8
technically,8
traditional,8
nature,8
minorities,8
anyway,8
actual,8
middle,8
east,8
trump,8
flag,8
bisexual,8
proper,8
opinions,8
abortion,8
writing,8
bigger,8
verses,8
agnostic,8
huge,8
action,8
mainstream,8
rhetoric,8
culture,8
islam,8
condemn,8
ideology,8
child,8
hypocrisy,8
job,8
deal,8
suffering,8
grow,8
intended,8
surely,8
hurt,8
difference,8
spirit,8
deserve,8
avoid,8
soon,8
relationships,8
lots,8
norms,8
eye,8
belief,8
miss,8
prohibited,8
away,8
possibly,8
messiah,8
equality,8
politically,8
consistency,8
interview,8
american,7
believes,7
letter,7
agenda,7
together,7
reflect,7
events,7
provide,7
wear,7
across,7
votes,7
core,7
born,7
almost,7
significan,7
held,7
crazy,7
higher,7
except,7
rainbow,7
treated,7
impose,7
stay,7
reality,7
anymore,7
bigotry,7
purpose,7
ability,7
move,7
apparently,7
type,7
contrary,7
growing,7
high,7
continue,7
saw,7
extreme,7
minds,7
pope,7
catholics,7
article,7
opposed,7
easily,7
seeing,7
effect,7
individuals,7
biblical,7
decide,7
fear,7
local,7
add,7
considered,7
evangelism,7
assume,7
decision,7
pray,7
overall,7
level,7
convenient,7
tv,7
thinks,7
remove,7
racial,7
wanted,7
last,7
reddit,7
cancelled,7
answer,7
behaviour,7
ideas,7
speech,7
went,7
education,7
calling,7
manner,7
experienced,7
apologize,7
result,7
solution,7
lack,7
preach,7
ig,7
counter,7
looks,7
normal,7
tbh,7
banned,7
essentially,7
upon,7
ridiculous,7
chance,7
logical,7
pm,7
ot,7
romans,7
forward,7
line,7
reply,7
healing,7
asian,7
obsession,7
eternal,7
facts,7
parenting,7
overt,7
movies,7
boomers,7
ratings,7
ban,7
banning,7
fundamentalists,6
foreign,6
minister,6
vivian,6
forum,6
voters,6
accurate,6
protestant,6
white,6
close,6
basis,6
poor,6
feelings,6
near,6
involved,6
sight,6
sinner,6
conclusion,6
adopt,6
specific,6
decade,6
excuse,6
gone,6
cherry,6
loud,6
stupid,6
highly,6
frankly,6
authorities,6
china,6
sub,6
swearing,6
terms,6
changed,6
complicated,6
reject,6
recognize,6
legally,6
samesex,6
deviant,6
fundamental,6
publicly,6
practicing,6
state,6
lines,6
prevent,6
blame,6
subscribe,6
ie,6
harder,6
norm,6
third,6
system,6
spread,6
becoming,6
lesser,6
atheist,6
former,6
works,6
directly,6
choosing,6
slightly,6
kingdom,6
contribute,6
error,6
average,6
multiple,6
convert,6
doesnt,6
gave,6
report,6
necessarily,6
required,6
finally,6
disgusting,6
according,6
dare,6
aside,6
loved,6
environment,6
youth,6
hi,6
asked,6
forgiveness,6
experiences,6
upper,6
greek,6
bother,6
picking,6
mistakes,6
totally,6
knows,6
account,6
holds,6
beyond,6
largely,6
discuss,6
started,6
super,6
run,6
son,6
parent,6
gives,6
cross,6
meet,6
ignore,6
europe,6
brothers,6
mark,6
problems,6
changing,6
needed,6
prefer,6
pointing,6
pharisees,6
luck,6
unnatural,6
divorce,6
girl,6
heaven,6
rule,6
indeed,6
boy,6
enforce,6
streams,6
father,6
turned,6
looking,6
company,6
desire,6
applicable,6
tradition,6
advocating,6
topics,6
double,6
effort,6
policy,6
srs,6
applying,6
films,6
afraid,6
thread,6
forcing,6
split,6
facebook,6
practical,6
inconsistent,6
teenagers,6
worried,5
evangelical,5
evangelicals,5
demographic,5
forget,5
knowing,5
team,5
wijeysingha,5
outcome,5
interested,5
lesbians,5
immediately,5
affirming,5
automatically,5
flawed,5
cares,5
quiet,5
closed,5
intention,5
base,5
laugh,5
business,5
service,5
recent,5
suggestion,5
worth,5
suggest,5
types,5
typically,5
positions,5
page,5
pointed,5
supposedly,5
head,5
language,5
malay,5
somewhere,5
heavily,5
strongly,5
birth,5
intolerant,5
brand,5
decades,5
death,5
bunch,5
adoption,5
study,5
supports,5
news,5
constantly,5
positive,5
characters,5
quo,5
consistent,5
lies,5
politician,5
regards,5
supporters,5
previous,5
historical,5
outright,5
attention,5
teaching,5
sermons,5
science,5
sensitive,5
approached,5
solely,5
order,5
yall,5
divide,5
conditional,5
happening,5
progress,5
achieved,5
unpopular,5
conviction,5
three,5
imo,5
obviously,5
psp,5
truths,5
neither,5
control,5
effectively,5
win,5
brain,5
affected,5
teachers,5
evolution,5
verse,5
later,5
took,5
perfectly,5
believed,5
quotes,5
definition,5
genuinely,5
literal,5
quoting,5
justified,5
passages,5
version,5
telling,5
hey,5
condemnation,5
existence,5
intepretation,5
successful,5
judgement,5
manage,5
scripture,5
potential,5
evil,5
messages,5
sort,5
force,5
harm,5
affect,5
suffer,5
sorts,5
inherently,5
turns,5
write,5
mine,5
privilege,5
societal,5
receiving,5
observed,5
impressionable,5
advocate,5
sides,5
pass,5
pushing,5
subject,5
lived,5
merely,5
rare,5
pofma,5
eat,5
jewish,5
practices,5
thus,5
chronic,5
dick,5
convince,5
decided,5
created,5
shall,5
paul,5
healthy,5
amount,5
places,5
low,5
inconvenient,5
pork,5
prohibition,5
fairly,5
oppressed,5
exposed,5
abolished,5
illness,5
health,5
conversation,5
chapter,5
tone,5
hopefully,5
immorality,5
encourage,5
standard,5
gets,5
consequences,5
seek,5
pharisee,5
claims,5
sheol,5
rate,5
considering,5
crime,5
mental,5
fight,5
netflix,5
arrested,5
pda,5
covid,5
bto,5
removed,5
benefits,5
marry,5
primary,5
ahead,5
gene,5
antigens,5
earlier,5
dollar,5
dude,5
offering,5
protest,5
btos,5
depictions,5
protests,5
pragmatic,5
authoritarian,5
tolerate,4
nonbelievers,4
looked,4
shared,4
candidate,4
questioning,4
causes,4
led,4
balakrishnan,4
posted,4
boys,4
consent,4
address,4
informed,4
de,4
cityrevival,4
hmm,4
setting,4
genuine,4
remotely,4
closest,4
approach,4
anywhere,4
utter,4
reasoning,4
buy,4
flats,4
pay,4
mothers,4
therapy,4
draw,4
discussing,4
anyways,4
ought,4
refuse,4
wife,4
wants,4
treating,4
empathy,4
sham,4
faisal,4
representative,4
increasing,4
trends,4
concerned,4
welcoming,4
calls,4
francis,4
unions,4
cell,4
fail,4
regulations,4
composition,4
lacking,4
pritam,4
added,4
prevailing,4
persecuted,4
properly,4
useful,4
forced,4
theres,4
freedom,4
admit,4
professed,4
uses,4
learning,4
hiv,4
process,4
saga,4
democracy,4
swear,4
gods,4
overrepresented,4
default,4
hide,4
appear,4
alternative,4
kuan,4
yew,4
choices,4
loss,4
ready,4
profile,4
preaching,4
trust,4
ass,4
wait,4
favour,4
consensus,4
claiming,4
animals,4
zero,4
affects,4
controversial,4
vs,4
scared,4
requirement,4
numbers,4
entirely,4
denounce,4
sadly,4
hearing,4
problematic,4
sound,4
biology,4
queer,4
inclusive,4
deny,4
girls,4
gotten,4
taboo,4
misinterpretation,4
kept,4
guide,4
echelons,4
condone,4
learned,4
express,4
wrote,4
meaning,4
hebrew,4
necessary,4
deeply,4
loves,4
tired,4
lesbian,4
s,4
worshipping,4
moderates,4
apologising,4
imagine,4
relatively,4
socially,4
acknowledge,4
shift,4
underlying,4
dead,4
revelations,4
yea,4
image,4
touch,4
bigots,4
ignorant,4
top,4
sharing,4
differences,4
corinthians,4
servants,4
righteousness,4
sentiment,4
weird,4
exists,4
project,4
suddenly,4
became,4
spend,4
chilli,4
crab,4
ngl,4
reminded,4
associate,4
teach,4
silence,4
months,4
glorious,4
arts,4
strictly,4
nope,4
hit,4
felt,4
prominent,4
gospel,4
abusive,4
methods,4
scriptures,4
root,4
half,4
lim,4
abt,4
guard,4
whose,4
acting,4
amongst,4
e,4
differently,4
believers,4
food,4
exact,4
quote,4
sincerely,4
wearing,4
extend,4
list,4
invisible,4
body,4
apart,4
healed,4
angry,4
gospels,4
per,4
dad,4
yup,4
orthodox,4
proud,4
theme,4
lie,4
suicide,4
translated,4
adultery,4
comfortable,4
anger,4
fundamentally,4
cherrypicking,4
block,4
badly,4
target,4
fell,4
mistaken,4
tho,4
cos,4
holy,4
gentiles,4
began,4
scales,4
unclean,4
enter,4
existing,4
mother,4
ahh,4
classmates,4
wow,4
eventually,4
imply,4
struggle,4
fulfilled,4
feeling,4
expensive,4
spouse,4
alone,4
eh,4
worship,4
israel,4
pushback,4
meaningful,4
friendship,4
trend,4
identity,4
generations,4
virtue,4
pain,4
bigot,4
complete,4
knowledge,4
privileged,4
promised,4
saved,4
daily,4
extends,4
advertising,4
preference,4
anytime,4
hung,4
sole,4
late,4
grandfather,4
edmw,4
uneducated,4
racism,4
companies,4
insurance,4
entertainment,4
recently,4
police,4
kiss,4
recommend,4
areas,4
malice,4
happens,4
heteronormative,4
seriously,4
success,4
explicit,4
partner,4
game,4
beastiality,4
uniform,4
hy,4
development,4
sexualities,4
perceptions,4
oppose,4
bigoted,4
broadcasting,4
censored,4
mistake,4
exercising,4
livestreams,4
conferred,4
censor,4
lifestyles,4
boycott,4
clip,4
hk,4
hostile,3
islamic,3
damage,3
attempt,3
voted,3
dear,3
sent,3
grc,3
deleted,3
discussed,3
relation,3
incumbent,3
official,3
information,3
belong,3
tells,3
premise,3
quality,3
grassroots,3
nonsense,3
depends,3
performance,3
affiliation,3
factors,3
involve,3
nuclear,3
allowing,3
pandering,3
losing,3
bringing,3
ceremony,3
conversion,3
abit,3
firmly,3
lgbqt,3
recognised,3
weak,3
ground,3
economic,3
front,3
talks,3
raised,3
attitudes,3
starts,3
onto,3
checked,3
stuck,3
citizens,3
treatment,3
importantly,3
ends,3
systemic,3
users,3
paint,3
brush,3
record,3
key,3
secularism,3
largest,3
rates,3
global,3
xenophobic,3
discourse,3
failed,3
pretending,3
war,3
fundie,3
council,3
vatican,3
reaffirmed,3
teaches,3
union,3
model,3
strength,3
quoted,3
serious,3
background,3
probable,3
title,3
remind,3
motivated,3
reasonable,3
surprise,3
friendly,3
claimed,3
twice,3
affiliations,3
exception,3
straits,3
powerful,3
english,3
blindly,3
moves,3
offended,3
sake,3
research,3
viewed,3
degree,3
sit,3
reports,3
identify,3
materials,3
legacy,3
initially,3
represent,3
includes,3
populace,3
exposure,3
clarified,3
lah,3
quickly,3
harmony,3
fighting,3
lee,3
pronouns,3
particularly,3
presented,3
lens,3
b,3
bruh,3
signatures,3
instagram,3
assumptions,3
fit,3
poster,3
horrible,3
mods,3
risk,3
er,3
voting,3
doors,3
convincing,3
nearly,3
reasonably,3
incident,3
heck,3
supported,3
petitions,3
concern,3
situations,3
devil,3
exchristian,3
variations,3
relatives,3
grounds,3
notion,3
deliver,3
secondary,3
space,3
admittedly,3
week,3
theory,3
premarital,3
somebody,3
rarely,3
guiding,3
attack,3
scary,3
crap,3
hypocritical,3
dating,3
peer,3
produced,3
product,3
greatest,3
justification,3
john,3
judge,3
judged,3
lord,3
rising,3
misguided,3
appalling,3
dangerous,3
tax,3
collectors,3
reference,3
opposing,3
insensitive,3
derogatory,3
sources,3
roman,3
steps,3
clarify,3
shown,3
mentality,3
reinforced,3
ironically,3
brought,3
deep,3
osama,3
morals,3
accounts,3
hundreds,3
wider,3
twist,3
daddy,3
hurtful,3
perspectives,3
communities,3
percentage,3
obvious,3
perceive,3
punished,3
letting,3
stress,3
platform,3
attitude,3
broader,3
offer,3
rejected,3
smh,3
pity,3
helping,3
walk,3
vulnerable,3
likewise,3
anyhow,3
story,3
prostitutes,3
bottom,3
wall,3
deeper,3
period,3
mankind,3
socalled,3
member,3
dealt,3
advice,3
fault,3
reeks,3
listen,3
plenty,3
management,3
false,3
unlike,3
followed,3
eating,3
hoping,3
carry,3
met,3
training,3
moe,3
stage,3
join,3
century,3
bubble,3
elite,3
kill,3
linked,3
excuses,3
bound,3
greed,3
respected,3
aggressive,3
entitled,3
section,3
forms,3
present,3
accountable,3
cultural,3
movements,3
resulted,3
lev,3
contextual,3
shellfish,3
enjoy,3
stating,3
neighbour,3
listed,3
programmes,3
tldr,3
promising,3
city,3
hill,3
sinful,3
matthew,3
reward,3
various,3
condemned,3
direct,3
committed,3
abomination,3
sexually,3
penalty,3
marginalised,3
bcos,3
hair,3
deems,3
nono,3
discriminatory,3
resources,3
hateful,3
opposite,3
purposes,3
legislation,3
approve,3
denying,3
megachurches,3
appears,3
deciding,3
listening,3
volunteer,3
completely,3
blended,3
fabric,3
undeniable,3
empire,3
include,3
early,3
obey,3
argued,3
continued,3
explicitly,3
creatures,3
water,3
fins,3
regard,3
regarded,3
applies,3
suit,3
camel,3
needle,3
myriad,3
cultures,3
expression,3
honour,3
exceptions,3
putting,3
complex,3
cases,3
sodom,3
fundamentalism,3
function,3
author,3
ex,3
passage,3
mentioning,3
missed,3
enforcing,3
charge,3
plan,3
spoke,3
path,3
stopped,3
pastors,3
relate,3
worst,3
divisive,3
impression,3
caught,3
safety,3
explained,3
convinient,3
imperfect,3
separation,3
throughout,3
focus,3
selective,3
portion,3
sucks,3
kindness,3
amazing,3
jew,3
market,3
hades,3
vice,3
ps,3
network,3
leading,3
homes,3
versus,3
opportunity,3
chat,3
condition,3
jaw,3
societies,3
chose,3
temple,3
servant,3
isaiah,3
efforts,3
waiting,3
confused,3
determine,3
preferences,3
widespread,3
biggest,3
ns,3
watched,3
character,3
simon,3
queers,3
friendlier,3
appeal,3
separate,3
rampant,3
optimistic,3
ruling,3
advocates,3
reassignment,3
surgery,3
fewer,3
tomorrow,3
alright,3
undergone,3
extent,3
males,3
scene,3
displays,3
stares,3
latest,3
aged,3
fall,3
info,3
spoiling,3
millennials,3
mp,3
hdb,3
cooling,3
permitted,3
option,3
welfare,3
adults,3
leads,3
correctly,3
downvotes,3
transgender,3
shut,3
homophobe,3
height,3
june,3
apple,3
drag,3
leh,3
worker,3
counselling,3
procreating,3
plausible,3
housing,3
tfr,3
demand,3
integration,3
court,3
effective,3
tbf,3
access,3
streamed,3
require,3
rated,3
antigay,3
suggesting,3
substantive,3
govern,3
intentionally,3
wrongly,3
censoring,3
consideration,3
classification,3
inconsistently,3
suppressing,3
unaddressed,3
mass,3
hong,3
educational,3
grandchild,3
grandson,3
philosophy,3
singapores,3
ruthless,3
creeping,2
crusade,2
save,2
converting,2
mix,2
multireligious,2
phenomenon,2
ge,2
discredit,2
pursue,2
arena,2
occur,2
liked,2
contesting,2
hollandbukit,2
timah,2
kindly,2
vincent,2
promotion,2
introduced,2
addition,2
stated,2
upfront,2
souza,2
paedophilia,2
ally,2
shot,2
allies,2
edited,2
date,2
baptist,2
gerald,2
giam,2
homophobes,2
disservice,2
shallow,2
careers,2
inclinations,2
campaign,2
deeds,2
recruitment,2
professional,2
firstly,2
center,2
subsidies,2
aging,2
blaming,2
foreigners,2
attend,2
placed,2
represented,2
representation,2
analysis,2
leap,2
bear,2
loses,2
extremist,2
knew,2
mentions,2
undecided,2
senior,2
scorecard,2
drive,2
citizen,2
eyes,2
worrying,2
depending,2
wondered,2
heh,2
simultaneously,2
spewing,2
discriminated,2
recognise,2
challenging,2
arse,2
cut,2
sun,2
shine,2
route,2
centuries,2
swap,2
tcj,2
ludicrous,2
conscious,2
fyi,2
downvote,2
elements,2
familiar,2
rapidly,2
fast,2
shape,2
eleven,2
optics,2
infiltrated,2
chest,2
racist,2
mongering,2
billy,2
graham,2
died,2
locals,2
chris,2
afaik,2
outnumbered,2
apologizing,2
violence,2
artificial,2
retention,2
regular,2
cnn,2
archbishop,2
moving,2
doctrinal,2
persons,2
approval,2
behavior,2
approving,2
heritage,2
humanity,2
defend,2
lobby,2
questioned,2
influences,2
ministry,2
indicative,2
judging,2
responsible,2
constitution,2
exert,2
portrayals,2
stances,2
differ,2
skeptical,2
sincerity,2
statements,2
remaining,2
singh,2
activists,2
trouble,2
convictions,2
promoting,2
crucial,2
congregations,2
propagate,2
dependent,2
rock,2
boat,2
struggling,2
survive,2
confirmed,2
yam,2
score,2
buddhists,2
brings,2
saudi,2
arabia,2
sjws,2
polish,2
posting,2
showed,2
south,2
increasingly,2
bibles,2
practiced,2
taxes,2
included,2
correction,2
mixed,2
appropriate,2
outlet,2
catechism,2
unfair,2
sat,2
tribal,2
test,2
mosque,2
supoort,2
role,2
mosques,2
raeesah,2
keen,2
prevalent,2
voices,2
area,2
million,2
oath,2
username,2
cover,2
size,2
hindus,2
taoist,2
pdf,2
watches,2
probabilities,2
nonmuslims,2
nonchristians,2
forgotten,2
slowly,2
riots,2
takes,2
remains,2
favor,2
suggests,2
formed,2
camp,2
weaponised,2
align,2
raising,2
apparent,2
decisions,2
pressured,2
researched,2
rise,2
hindu,2
examples,2
evangelists,2
indoctrinated,2
changeorg,2
unwilling,2
proving,2
originate,2
nonchristian,2
scientific,2
rightfully,2
regularly,2
answers,2
outrage,2
swing,2
displaying,2
round,2
hating,2
isnt,2
plus,2
contributes,2
estimate,2
percent,2
inference,2
leaving,2
contradict,2
mere,2
cancel,2
refer,2
electoral,2
college,2
america,2
signing,2
committing,2
selfish,2
wanting,2
pisses,2
educated,2
appalled,2
emotional,2
fundamentals,2
ironic,2
hurts,2
confidence,2
unintelligent,2
dissenting,2
teacher,2
fresh,2
visibly,2
apologies,2
victim,2
interpret,2
spin,2
sooner,2
exmuslim,2
implemented,2
echo,2
chamber,2
washing,2
commandments,2
throw,2
warped,2
membership,2
apologists,2
falling,2
forming,2
gradually,2
lady,2
rambling,2
misread,2
announcement,2
guilty,2
preached,2
receive,2
seeking,2
perpetuate,2
binary,2
worries,2
voice,2
doctrine,2
attacking,2
idol,2
stubborn,2
disagrees,2
guidance,2
idiot,2
satanistsataninfluenced,2
sympathetic,2
comfort,2
paying,2
lip,2
rebuking,2
maker,2
flaws,2
corrupted,2
ray,2
misinterpreted,2
forces,2
anarchy,2
commonly,2
driven,2
borderline,2
connection,2
confines,2
bits,2
working,2
counts,2
dose,2
bus,2
attacked,2
vid,2
anybody,2
relevance,2
moment,2
qualified,2
punishment,2
portraying,2
harsh,2
fire,2
road,2
ate,2
lepers,2
ranks,2
clean,2
delivered,2
discriminating,2
abolishing,2
wrongdoings,2
stem,2
raped,2
beautiful,2
j,2
subjective,2
thinker,2
disguise,2
pretend,2
woke,2
joke,2
sympathy,2
apologetic,2
f,2
gather,2
sisters,2
hardly,2
authority,2
exercise,2
nonapology,2
everywhere,2
idiots,2
hitting,2
earth,2
excusing,2
revelation,2
tolerates,2
exegesis,2
student,2
wince,2
weapon,2
marginalized,2
syllabus,2
performing,2
gen,2
preachers,2
hills,2
elsewhere,2
grieves,2
grace,2
donations,2
expected,2
peter,2
enns,2
direction,2
articles,2
absolute,2
throats,2
occurs,2
commission,2
suspect,2
preface,2
fan,2
radicalism,2
origin,2
misused,2
farfetched,2
reconcile,2
environments,2
comport,2
sees,2
forgiving,2
blessed,2
edgy,2
hui,2
shd,2
subtle,2
grievous,2
arrogance,2
carefully,2
reflective,2
corners,2
exclusive,2
statute,2
systematically,2
phrase,2
assimilate,2
active,2
unintentionally,2
golden,2
prophecy,2
youtube,2
unsuitable,2
questions,2
intent,2
brimstone,2
advertisement,2
offered,2
rid,2
shove,2
bat,2
kosher,2
addresses,2
controversy,2
foods,2
restricted,2
implications,2
complain,2
disney,2
helped,2
typical,2
catered,2
revival,2
se,2
confirm,2
randos,2
meh,2
lets,2
thousands,2
beat,2
contest,2
hypocrites,2
street,2
received,2
culturally,2
indian,2
converts,2
conservatism,2
equals,2
memory,2
colors,2
waapd,2
comparison,2
blood,2
unrighteous,2
inherit,2
relations,2
upset,2
painted,2
innate,2
idolatry,2
passing,2
circumstances,2
orders,2
earned,2
incredibly,2
figuratively,2
directed,2
contrite,2
irrelevant,2
followers,2
sweep,2
stamp,2
harmful,2
illuminating,2
immature,2
rubbish,2
eastern,2
cherrypick,2
sinning,2
interpreted,2
thy,2
aid,2
overseas,2
adherents,2
celebrity,2
begin,2
sects,2
idk,2
sheep,2
originated,2
stoning,2
ritual,2
purity,2
abrogated,2
grecoroman,2
targeted,2
originally,2
seas,2
commenter,2
garment,2
fabrics,2
send,2
wealth,2
patriachal,2
adherent,2
adulterous,2
proliferation,2
hardened,2
pleasure,2
intelligent,2
aspect,2
characteristics,2
rabbit,2
audience,2
viewpoints,2
safely,2
export,2
random,2
truelove,2
goal,2
contact,2
earthly,2
separates,2
chosen,2
train,2
kinds,2
clothes,2
geography,2
flourish,2
prepared,2
exclusively,2
outgoing,2
ill,2
excluded,2
indirectly,2
spent,2
glory,2
career,2
oftentimes,2
fellowship,2
via,2
excluding,2
several,2
circles,2
flexibility,2
table,2
unthinkable,2
forgot,2
attended,2
safeguard,2
races,2
explanation,2
notruth,2
hurting,2
rational,2
entered,2
symbolic,2
critical,2
dogma,2
lust,2
divorced,2
targets,2
abraham,2
moses,2
cain,2
realized,2
bloodshed,2
outward,2
sign,2
nations,2
emphasized,2
equivalent,2
perfect,2
paid,2
imposing,2
ignored,2
outlined,2
fulfillment,2
consensual,2
conform,2
paragraph,2
motivation,2
pieces,2
campaigning,2
resistance,2
represents,2
battered,2
outlaw,2
implement,2
intentions,2
condemning,2
innocent,2
purely,2
believing,2
secretly,2
openminded,2
demographics,2
struggles,2
saddening,2
failing,2
missing,2
press,2
stable,2
virtual,2
hugs,2
blah,2
sle,2
broadly,2
relevant,2
relative,2
domestic,2
uhh,2
sacred,2
tongue,2
bias,2
covenant,2
mt,2
sinai,2
played,2
narrated,2
creating,2
observe,2
hisher,2
literacy,2
literate,2
instance,2
strange,2
tying,2
observing,2
famous,2
afterlife,2
advise,2
evangelise,2
kena,2
benevolent,2
speaks,2
utterly,2
badmouth,2
concepts,2
altogether,2
megachurch,2
opening,2
flesh,2
bitter,2
ear,2
noise,2
fibromyalgia,2
tmj,2
constant,2
limited,2
glance,2
recorded,2
revealed,2
versed,2
till,2
archaeologists,2
match,2
tactful,2
emphasizes,2
authentic,2
requires,2
conspiracy,2
justify,2
contradictory,2
board,2
satisfy,2
intolerance,2
welcome,2
respectable,2
anxiety,2
refers,2
debated,2
encountered,2
promotes,2
respecting,2
combination,2
esp,2
courage,2
neighbouring,2
repeat,2
makeup,2
bullied,2
whenever,2
unapologetic,2
chatting,2
platoon,2
perception,2
immediate,2
surrounding,2
jc,2
fuss,2
slapped,2
affairs,2
international,2
figureheads,2
celebrities,2
institutions,2
newer,2
strict,2
transphobia,2
wont,2
usual,2
worshiping,2
awhile,2
nathan,2
hartono,2
concerted,2
pure,2
intellectual,2
caused,2
provides,2
indifferent,2
betting,2
hanging,2
clout,2
drawn,2
wanna,2
highlighting,2
upbringing,2
foreseeable,2
imaginary,2
sufficient,2
encounter,2
consists,2
transpeople,2
furthermore,2
indicator,2
rom,2
expose,2
contradiction,2
raise,2
eyebrows,2
affection,2
karen,2
attract,2
arrest,2
bf,2
intercourse,2
statistics,2
ended,2
nah,2
dresses,2
feminine,2
diss,2
unprovoked,2
segment,2
elderly,2
frown,2
teens,2
businesses,2
respectful,2
foreigner,2
shout,2
evils,2
voter,2
disappointed,2
tan,2
presumably,2
notes,2
banner,2
notice,2
achieve,2
cost,2
papers,2
mock,2
dis,2
hypothetical,2
partners,2
uh,2
visible,2
pair,2
easiest,2
incapable,2
besides,2
romantically,2
commit,2
heterosexuals,2
systems,2
families,2
babies,2
recall,2
pizza,2
cutter,2
whats,2
ur,2
hm,2
transitioning,2
unisex,2
length,2
drop,2
medically,2
female,2
schools,2
harassment,2
funding,2
mr,2
challenge,2
improving,2
morning,2
chooses,2
attracted,2
intuitively,2
environmental,2
blanchard,2
university,2
fetus,2
maternal,2
antibodies,2
functioning,2
unable,2
worms,2
participate,2
tough,2
hetero,2
safe,2
band,2
thru,2
donate,2
oogachaga,2
hello,2
disclaimer,2
hahahah,2
create,2
wondering,2
trevor,2
dig,2
physical,2
corp,2
baby,2
balls,2
unlikely,2
unenforced,2
sing,2
desperate,2
ai,2
batch,2
partnerships,2
notably,2
monolithic,2
yoomers,2
marrying,2
ending,2
forever,2
zoomers,2
inclusivity,2
wah,2
kin,2
medical,2
resale,2
replacement,2
legalizing,2
primed,2
abhorrent,2
crowd,2
falls,2
undoubtedly,2
penis,2
penetrating,2
discouraging,2
marriages,2
likelihoods,2
ippt,2
overcome,2
alcohol,2
diversity,2
concerns,2
shifting,2
check,2
defn,2
fluidity,2
rape,2
subreddit,2
sorely,2
devices,2
gamblers,2
streaming,2
lor,2
routinely,2
removes,2
contravenes,2
regulatory,2
requiring,2
massive,2
secret,2
makers,2
presumptuous,2
writer,2
celebrating,2
logically,2
clumsy,2
sentence,2
online,2
concede,2
detail,2
latter,2
inconsistency,2
attributed,2
nicer,2
defending,2
preclude,2
distressed,2
irony,2
reduces,2
sighted,2
stakeholders,2
penguins,2
applications,2
park,2
lazy,2
alive,2
majulah,2
sterile,2
guai,2
amos,2
yee,2
objectively,2
ws,2
lin,2
artistic,2
mature,2
horny,2
signed,2
tiktok,2
infections,2
lai,2
morons,2
activities,2
anal,2
lower,2
counterproductive,2
fb,2
gayness,2
prostitution,2
camera,2
tidepod,2
challange,2
sheer,2
figure,2
chances,2
tcb,2
lhl,2
elected,2
smaller,2
isssss,2
serves,2
admiration,2
founding,2
talked,2
emotionally,2
roles,2
snowflake,2
logicalrationingguy,2
ridicule,2
defensive,2
remembered,2
sway,2
kong,2
phrasing,2
confusing,2
foresight,2
meddle,2
journalism,2
intervention,2
opium,2
lkys,2
economy,2
readily,2
succesful,2
pandemic,2
foot,2
jumped,2
gotta,2
facing,2
fengshui,2
infamously,1
constituents,1
articulation,1
debates,1
publish,1
attribute,1
phone,1
queries,1
clarification,1
participating,1
touched,1
rally,1
motives,1
raises,1
liang,1
eng,1
hwa,1
christopher,1
sim,1
ann,1
sly,1
rightsissues,1
dr,1
participation,1
alludes,1
wholeheartedly,1
endorse,1
rhetorics,1
incumbents,1
demoninations,1
anglicans,1
methodists,1
lutherans,1
baptists,1
pentecostals,1
nondenominational,1
denomonation,1
umbrella,1
organizers,1
reliable,1
door,1
voicing,1
raging,1
predicate,1
island,1
uncles,1
aunties,1
progressed,1
outdated,1
wordly,1
accommodating,1
clowns,1
narrowed,1
simpletons,1
ibs,1
isolid,1
ran,1
funeral,1
blankets,1
kicked,1
div,1
championed,1
educating,1
cpf,1
wedlock,1
secondly,1
jeopardize,1
pressing,1
secure,1
sustainability,1
potlician,1
potlicians,1
hassle,1
swearingin,1
wowif,1
stretch,1
koran,1
proportionate,1
politic,1
noncommittal,1
caters,1
statussort,1
wave,1
pretends,1
stood,1
backwards,1
review,1
sayonipdf,1
google,1
malefemale,1
lovingor,1
unloving,1
wifehusband,1
notch,1
despicable,1
globally,1
locally,1
aligned,1
permeate,1
alignment,1
compass,1
entertaining,1
dream,1
unfuckingforgivable,1
classy,1
distortion,1
fields,1
precisely,1
loathe,1
citizenship,1
partake,1
ivory,1
towers,1
heads,1
rails,1
civility,1
drama,1
bills,1
cynical,1
upvoted,1
horrendous,1
par,1
infiltrating,1
charismatic,1
ho,1
upcoming,1
centres,1
religiosity,1
estimated,1
christan,1
mid,1
saharan,1
africa,1
practitioners,1
southdeveloping,1
vigorous,1
zealous,1
tepid,1
outnumber,1
irreligious,1
congregating,1
mega,1
imperial,1
scum,1
hijacking,1
takeover,1
loveis,1
sophisticated,1
worked,1
foothold,1
outreach,1
financials,1
wasnt,1
thumpers,1
praising,1
capacity,1
harms,1
reproduction,1
tables,1
ips,1
dissect,1
nuanced,1
essence,1
imperative,1
leaps,1
forwards,1
recognition,1
demands,1
marital,1
primordial,1
equate,1
masking,1
alleged,1
corruption,1
credibility,1
vocation,1
clergy,1
sic,1
unbiased,1
outrightly,1
transcript,1
legislate,1
priests,1
robes,1
entering,1
amendments,1
religiously,1
fantasy,1
television,1
lawmakers,1
suggested,1
sentiments,1
clarifying,1
villainized,1
etched,1
senses,1
reliant,1
detriment,1
disadvantage,1
placing,1
arrives,1
bank,1
betrayal,1
affiliated,1
churchgoing,1
revealing,1
unrealistic,1
shades,1
grey,1
consisted,1
methodist,1
independence,1
communists,1
hawker,1
businessman,1
explored,1
gdp,1
proof,1
comprehensive,1
relying,1
categorization,1
baey,1
keng,1
categorized,1
encyclopedia,1
plurality,1
conflict,1
dominates,1
wantit,1
magical,1
scare,1
marxist,1
prochina,1
incendiary,1
saccharine,1
israeli,1
gang,1
coos,1
ugly,1
spat,1
beating,1
drum,1
watain,1
joker,1
cards,1
helli,1
downvoting,1
figures,1
pew,1
african,1
caution,1
ccp,1
idly,1
permit,1
chrisitian,1
avowed,1
recovering,1
associated,1
evangelicalism,1
sweeping,1
globe,1
habit,1
hahaha,1
wtf,1
dimwit,1
hugely,1
inflammatory,1
feminism,1
demonised,1
bearing,1
segregated,1
segregationist,1
idealist,1
dogmatic,1
impractical,1
facepalm,1
worthy,1
sympathies,1
muddle,1
fetched,1
dangerously,1
wishes,1
khan,1
manap,1
agreement,1
suffice,1
metro,1
epigenetics,1
prenatal,1
hormone,1
checks,1
ten,1
antiharassment,1
overestimate,1
monotheistic,1
documentary,1
practitioner,1
respondents,1
survey,1
kuala,1
lumpur,1
north,1
mahathir,1
practise,1
oppressing,1
watchmen,1
networking,1
club,1
instituion,1
modelled,1
westminister,1
glossed,1
generalised,1
belive,1
counting,1
defined,1
unfounded,1
ideasperspectives,1
discussionmeeting,1
rip,1
bandage,1
painfully,1
tyrannical,1
governments,1
additional,1
overnight,1
discriminations,1
pledged,1
incidents,1
maintain,1
convinced,1
tack,1
rebutted,1
abolish,1
displace,1
twitter,1
righttolove,1
unwittingly,1
implicit,1
mothership,1
precludes,1
blurred,1
fancy,1
conclusive,1
malaysia,1
nationalism,1
malaysian,1
infringe,1
proselytization,1
intrusive,1
intrusion,1
denouncing,1
doorstep,1
deathbeds,1
zenith,1
accurately,1
nonhuman,1
pulled,1
speculation,1
inhuman,1
prime,1
elections,1
settled,1
balance,1
replying,1
generalize,1
clutch,1
pearls,1
jurong,1
backside,1
troll,1
animal,1
sizeable,1
larger,1
noticing,1
squares,1
retaining,1
dares,1
camps,1
degenerates,1
gate,1
abnormal,1
obsess,1
governance,1
bedrooms,1
clutching,1
straws,1
sample,1
repealled,1
semblance,1
quantifiable,1
unknown,1
variables,1
sampling,1
representatives,1
weight,1
census,1
rounded,1
likelihood,1
overrepresentation,1
dudes,1
agreed,1
hillary,1
hilary,1
narrowly,1
identification,1
pr,1
capable,1
enjoys,1
cancellation,1
validity,1
lay,1
tie,1
sprouting,1
spiel,1
vitriol,1
insulting,1
theologically,1
reductive,1
rooted,1
oversimplification,1
mountain,1
molehill,1
audacity,1
spiels,1
empathetic,1
dropped,1
provided,1
corralled,1
discover,1
classes,1
dubious,1
warn,1
adulthood,1
breath,1
air,1
critically,1
mistreated,1
queeraffirming,1
brethren,1
incompatible,1
coursecorrect,1
reverse,1
offender,1
systematic,1
flaw,1
biblechristianity,1
scratched,1
surface,1
fun,1
isolated,1
judgemental,1
casting,1
stones,1
sinners,1
bgr,1
apologised,1
straightened,1
stone,1
matt,1
measure,1
measured,1
kinder,1
praise,1
masses,1
superiors,1
subordinates,1
indoctrination,1
fill,1
tithing,1
coffers,1
speechless,1
stunned,1
archaic,1
nonapologies,1
boil,1
grossly,1
blows,1
joannas,1
awareness,1
campaigns,1
parables,1
speeches,1
prophets,1
fishermen,1
scientists,1
shakespeare,1
randomly,1
lesson,1
latin,1
exhausting,1
picks,1
radicalisation,1
fronts,1
polarisation,1
damning,1
misconception,1
six,1
hundred,1
sixtysix,1
emperor,1
nero,1
slip,1
resolve,1
longest,1
buddhist,1
worshippers,1
scenes,1
praying,1
af,1
mil,1
stays,1
freethinker,1
wholly,1
outcast,1
finding,1
warmth,1
spiritual,1
fond,1
radiates,1
vile,1
resentful,1
antithesis,1
identifies,1
siege,1
xtians,1
worldagents,1
delete,1
troublesome,1
bogged,1
bird,1
caged,1
whomever,1
bloated,1
organisations,1
inside,1
stranger,1
label,1
bin,1
laden,1
invalidate,1
terrorist,1
shares,1
similarities,1
mythology,1
basing,1
respectively,1
fairy,1
tale,1
persecuting,1
candle,1
christiality,1
acceptances,1
warp,1
headache,1
omit,1
sky,1
culturalreligious,1
backgrounds,1
uveryhappyhugs,1
descend,1
thumping,1
antiscience,1
somewhat,1
caricature,1
reflection,1
introspection,1
institution,1
spirituality,1
surround,1
insanity,1
bettermore,1
extension,1
yield,1
league,1
eternally,1
wheel,1
applaud,1
compensation,1
maddening,1
earn,1
deserves,1
threw,1
tightrope,1
ykno,1
hardline,1
misinformationmisuse,1
steer,1
commenting,1
prophetic,1
thenfuture,1
vagueness,1
steal,1
land,1
enforces,1
zz,1
unforgiving,1
socket,1
corrections,1
security,1
overbearing,1
tiger,1
mum,1
portrayed,1
msg,1
blind,1
rejecting,1
dissenters,1
platforms,1
staying,1
mentally,1
spiritually,1
antiq,1
mindset,1
disappear,1
referencing,1
dominance,1
universality,1
total,1
royal,1
bitch,1
airtime,1
prejudice,1
auntiesy,1
alternatively,1
corner,1
kampung,1
stirrers,1
teo,1
wears,1
chipping,1
rooting,1
abort,1
cancerous,1
cup,1
coffee,1
esv,1
correspond,1
deceitful,1
workmen,1
disguising,1
apostles,1
fk,1
condescension,1
influencers,1
spurs,1
xx,1
limelight,1
starve,1
themof,1
wither,1
sidetrack,1
trips,1
hardsell,1
advance,1
comforting,1
jo,1
joanne,1
instructions,1
hypocrite,1
memes,1
resembles,1
triangle,1
illuminati,1
timothy,1
usurp,1
uncharitable,1
vitrolic,1
charismaticspentecostals,1
vaccines,1
beast,1
antichrist,1
meteors,1
wars,1
fits,1
contrast,1
noncharismatic,1
antiintellectual,1
contradicting,1
prophesy,1
spout,1
misuse,1
distorted,1
wounds,1
smth,1
preferably,1
lawrence,1
wong,1
bothering,1
ccas,1
perform,1
guests,1
cca,1
rehearsal,1
prayers,1
cult,1
suffocating,1
fundamentalistmodernist,1
loomed,1
catholicism,1
mainline,1
protestants,1
willingly,1
improvement,1
lenses,1
reads,1
wouldeconvert,1
behave,1
monday,1
chapel,1
homework,1
attributing,1
collect,1
charity,1
minimum,1
rachel,1
evans,1
jared,1
byas,1
mistreatment,1
retreat,1
fortresses,1
travelling,1
ostracization,1
worldview,1
spoken,1
unfriended,1
offensive,1
weigh,1
compromise,1
simpleboth,1
mission,1
spouting,1
improper,1
bleeding,1
retard,1
wrongless,1
surety,1
pronounced,1
hadiths,1
slim,1
begrudgingly,1
encouraged,1
colours,1
conspiracyesque,1
pressurecooker,1
testify,1
succumb,1
peerpressure,1
improved,1
arms,1
ephesians,1
springs,1
indie,1
tean,1
han,1
justice,1
centredness,1
springcleaning,1
wherever,1
lenient,1
assessment,1
masks,1
faultlines,1
radicalization,1
presently,1
faction,1
boundaries,1
pretext,1
proselytizers,1
proactively,1
repressive,1
trivialize,1
examine,1
latent,1
gathering,1
interactions,1
pop,1
albeit,1
ignoring,1
incensed,1
marginalisation,1
esoteric,1
ccc,1
search,1
temporality,1
relic,1
bygone,1
era,1
stick,1
adapt,1
modernize,1
gap,1
naturally,1
gracious,1
para,1
awww,1
historicalcritical,1
literary,1
coded,1
anachronistic,1
millennia,1
flies,1
honey,1
vinegar,1
blocks,1
denomination,1
throat,1
breed,1
middleoftheroad,1
ethics,1
insincerity,1
goodness,1
billions,1
adam,1
eve,1
fixed,1
king,1
seafood,1
sections,1
arc,1
textually,1
sourced,1
hebrewjewish,1
dietary,1
restriction,1
relevancy,1
uphold,1
release,1
nonkosher,1
declared,1
defiles,1
syanda,1
deangsana,1
smartest,1
christmas,1
decor,1
orchard,1
ride,1
qidentifying,1
heartened,1
louder,1
shirts,1
andor,1
excludedless,1
similardifferent,1
unwed,1
stretches,1
illnesses,1
firsthand,1
coping,1
breaking,1
indirectlydirectly,1
misfits,1
middleincome,1
bulk,1
careereducation,1
richpoorjust,1
byetc,1
lackluster,1
tide,1
unqualified,1
immensely,1
scandalized,1
gatekeeping,1
seminary,1
stepped,1
proportion,1
untutored,1
grown,1
measuring,1
mysecondaryschool,1
slipping,1
mgs,1
synagogues,1
ethnoreligious,1
tm,1
infected,1
australian,1
literalism,1
pretribulationism,1
fellows,1
engage,1
fence,1
symbolism,1
condemns,1
reaching,1
knowledgeable,1
removal,1
insinuating,1
distance,1
plethora,1
deceived,1
idolaters,1
adulterers,1
thieves,1
greedy,1
drunkards,1
revilers,1
swindlers,1
washed,1
sanctified,1
dishonorable,1
passions,1
exchanged,1
consumed,1
passion,1
shameless,1
hilarious,1
linking,1
furious,1
anw,1
wog,1
vaguely,1
apostle,1
romantic,1
pedophila,1
covered,1
sums,1
cents,1
studying,1
theories,1
absolve,1
wrongdoing,1
arguement,1
churchgoer,1
familyboth,1
begins,1
infringed,1
pointsdo,1
misrepresenting,1
scapegoat,1
doubtedly,1
comming,1
variant,1
scotsman,1
fallacy,1
centralised,1
reformation,1
martin,1
luther,1
unpack,1
ergo,1
mat,1
spark,1
ignite,1
toxicity,1
deafening,1
unspoken,1
twisted,1
ramblings,1
nail,1
spouted,1
scripturesbiblesqurans,1
forth,1
christianmuslimhindu,1
usa,1
lumping,1
gripes,1
impossible,1
wise,1
dictate,1
sucky,1
selfproclaimed,1
superiority,1
loudest,1
nutshell,1
subordinated,1
goddamned,1
thyself,1
unchristian,1
subhuman,1
drunk,1
kool,1
exported,1
compare,1
godly,1
guest,1
exporting,1
methodology,1
lifeform,1
everybody,1
jure,1
muster,1
makcik,1
selling,1
mee,1
rebus,1
downstairs,1
arises,1
vanguard,1
batshit,1
numerological,1
divinations,1
wrt,1
selfimposed,1
beguiled,1
absolves,1
disappeared,1
hidden,1
abrasive,1
inspired,1
confusions,1
greener,1
pastures,1
certainty,1
erronous,1
thumb,1
relating,1
clothing,1
pauline,1
letters,1
dominant,1
prohibit,1
nonjews,1
remained,1
pederastic,1
blanket,1
nonheterosexuality,1
expert,1
scholar,1
dealing,1
distinguish,1
lobster,1
oysters,1
oyster,1
egg,1
cockles,1
laksa,1
swarming,1
meat,1
carcasses,1
substantiated,1
crabs,1
assertion,1
allencompassing,1
bend,1
harp,1
premeditated,1
whichin,1
opinionis,1
luke,1
crusading,1
urges,1
hierarchy,1
archeological,1
sociocultural,1
matrilineal,1
genderequal,1
units,1
judeochristian,1
household,1
mirror,1
pairing,1
honouring,1
wkw,1
comms,1
communicator,1
influencer,1
communicate,1
botched,1
halted,1
philosopher,1
epicurus,1
omnipotent,1
malevolent,1
whence,1
pharaoh,1
egypt,1
tons,1
creationist,1
sigh,1
switch,1
didnt,1
failure,1
biological,1
nuances,1
spectrum,1
gemorrah,1
misrepresent,1
unconditional,1
convicted,1
rein,1
rightly,1
amainstream,1
rightwing,1
heretical,1
ideologies,1
blamed,1
literature,1
categories,1
ametaphor,1
theodicy,1
poem,1
poetic,1
genre,1
relies,1
structural,1
cosmology,1
genesis,1
polemic,1
serve,1
imagery,1
excatholic,1
rigid,1
helps,1
spot,1
european,1
adopting,1
fix,1
sleep,1
schedule,1
mmmm,1
deactivated,1
interpretative,1
homer,1
charles,1
dickens,1
james,1
joyce,1
arbitrary,1
attachments,1
jumping,1
mockery,1
sow,1
field,1
seed,1
cloth,1
polyester,1
cotten,1
strictures,1
location,1
preempt,1
softened,1
spoiler,1
shell,1
fish,1
garments,1
sets,1
wasteful,1
scarce,1
mixing,1
devalue,1
cheat,1
improperly,1
poisoning,1
beneficial,1
room,1
appallingly,1
favorable,1
colleague,1
coworker,1
disappointing,1
nothese,1
overthinking,1
diagnosed,1
depressedangry,1
upside,1
repeatedly,1
sessions,1
conferences,1
psychological,1
prayed,1
ordinary,1
soontobemarried,1
singlebutlooking,1
haswill,1
drifting,1
endless,1
betteroh,1
aiyohokay,1
wished,1
drifted,1
checking,1
meetups,1
quantity,1
learnt,1
pale,1
irritated,1
venting,1
horrifying,1
growth,1
unchecked,1
tarred,1
nutjobs,1
sprout,1
constituted,1
organisation,1
accountability,1
interject,1
ezekiel,1
disregard,1
gomorrah,1
appreaciate,1
noninclusive,1
idealogies,1
openedminded,1
improves,1
chirstianity,1
understandable,1
foul,1
master,1
slaves,1
greeks,1
relativized,1
righteous,1
slanting,1
overwhelming,1
uniquely,1
korea,1
philippines,1
backing,1
guaranteed,1
guarantee,1
formal,1
psychology,1
exexgays,1
misunderstood,1
redirect,1
notrue,1
explains,1
liberals,1
vast,1
theist,1
deductive,1
skill,1
heathen,1
beef,1
vanity,1
liars,1
quran,1
kabbalah,1
prosecution,1
prophet,1
superseded,1
ceremonial,1
circumcision,1
consumption,1
encoded,1
upholding,1
mattthew,1
exceeds,1
murder,1
embody,1
beings,1
fulfill,1
substitute,1
persuade,1
reversed,1
excused,1
levitical,1
nevertheless,1
monogamous,1
special,1
significance,1
foreshadow,1
reunited,1
promise,1
parcel,1
desires,1
focusing,1
elaborating,1
aforementioned,1
premises,1
symptom,1
neighbor,1
misogyny,1
waved,1
unavoidably,1
eons,1
amazingly,1
unacceptable,1
desecration,1
beaten,1
convinces,1
beater,1
deserved,1
askconvince,1
demonize,1
festered,1
buildings,1
gf,1
broke,1
converted,1
infinite,1
mercy,1
preaches,1
damnation,1
painful,1
midst,1
heal,1
wouldisabled,1
middleclass,1
soontobe,1
sunday,1
circuit,1
breaker,1
infuriating,1
casually,1
rosary,1
mary,1
troubled,1
anglican,1
episcopalian,1
assert,1
decry,1
trap,1
funniest,1
modernity,1
coexist,1
peacefully,1
interpreting,1
bounded,1
richer,1
unjustifiable,1
abuseadultery,1
irrationality,1
digress,1
fiction,1
massively,1
overdone,1
retconning,1
inconvenience,1
peasants,1
yyeah,1
lobsters,1
losers,1
upkeeping,1
dispersed,1
babylonians,1
native,1
rely,1
koinegreek,1
septuagint,1
hearts,1
fools,1
thousand,1
stoned,1
uttering,1
thrown,1
blinded,1
oral,1
aramic,1
insane,1
favoured,1
twelve,1
disciples,1
issued,1
whatsoever,1
indisputable,1
existed,1
paraphrase,1
introduces,1
iirc,1
rabbi,1
gentile,1
trinity,1
zeus,1
poseidon,1
demigod,1
deity,1
impregnate,1
dependencies,1
loosely,1
mutual,1
versa,1
lgtbq,1
compassionate,1
evangelising,1
salvation,1
faithbelief,1
hopesalvation,1
evangelised,1
tactfully,1
shoes,1
opener,1
animosity,1
unto,1
hardcore,1
wronged,1
insulted,1
upsets,1
unkindly,1
entity,1
utmost,1
disrespected,1
disliking,1
avoiding,1
tendency,1
honesty,1
fundemental,1
clashes,1
intolerancecondemnation,1
gauge,1
appreciative,1
cater,1
reached,1
corporate,1
chan,1
bestseller,1
founded,1
churchplanting,1
basics,1
puts,1
plough,1
preachshare,1
studies,1
venue,1
preparing,1
refreshments,1
wrestling,1
allknowing,1
universe,1
instantaneously,1
purposed,1
thorn,1
arrows,1
hug,1
thickskinnedmore,1
prolly,1
lifelong,1
journey,1
temporarily,1
apps,1
unfollowed,1
muted,1
clutter,1
practising,1
mindfulness,1
usage,1
migraines,1
irritable,1
bowel,1
syndrome,1
disorder,1
clicking,1
popping,1
chew,1
yawn,1
brushing,1
teeth,1
march,1
sick,1
homos,1
antithetical,1
compact,1
multiculturalism,1
spaces,1
duty,1
deter,1
grouping,1
coerce,1
internally,1
encroaches,1
jt,1
nicenoble,1
wouldefending,1
protecting,1
basket,1
rightwrong,1
closer,1
narrates,1
unlesshe,1
historically,1
analogy,1
engages,1
stages,1
teenage,1
abstract,1
teen,1
signalling,1
cloaks,1
protochristianity,1
reveal,1
attain,1
necessitating,1
sacrifice,1
david,1
conquering,1
overthrow,1
prophesied,1
messianic,1
realize,1
neomesopotamian,1
copies,1
corroborate,1
archaeological,1
relational,1
persuasive,1
described,1
goodchristianity,1
consuming,1
lite,1
tactics,1
results,1
videos,1
realise,1
conjuring,1
sexism,1
holes,1
explore,1
flavour,1
negatively,1
coke,1
drink,1
pepsi,1
slander,1
stories,1
konghee,1
joined,1
cusrep,1
nasty,1
insult,1
passed,1
ravi,1
zacharias,1
allows,1
responses,1
seconding,1
damnify,1
jerry,1
bridges,1
stems,1
preoccupied,1
refined,1
ungodliness,1
frustration,1
discontentment,1
unthankfulness,1
selfishness,1
selfcontrol,1
impatience,1
irritability,1
weeds,1
judgmentalism,1
envy,1
jealousy,1
worldliness,1
depth,1
deliverer,1
thou,1
art,1
glorified,1
wicked,1
prior,1
exile,1
babylon,1
activity,1
israelite,1
evangelizing,1
shame,1
needing,1
kpi,1
attendees,1
discussions,1
hole,1
historians,1
scholars,1
offend,1
prolonged,1
trauma,1
unresolved,1
injuries,1
childhood,1
whoops,1
persist,1
cognizant,1
slight,1
adjustments,1
statusquo,1
succeeeding,1
generational,1
meantime,1
cycle,1
rep,1
poly,1
wore,1
boots,1
shy,1
teasing,1
crush,1
teased,1
clap,1
queen,1
chalet,1
hurdle,1
sought,1
hid,1
flamboyant,1
msn,1
hesitant,1
monointake,1
picked,1
soldiers,1
haters,1
universityhad,1
bright,1
predict,1
whereby,1
nick,1
shen,1
liking,1
chastising,1
nonsexualised,1
storyline,1
mediacorp,1
actors,1
militant,1
proselytism,1
dies,1
backbone,1
piss,1
hmmm,1
external,1
internal,1
rectifying,1
corporations,1
conduct,1
opting,1
locations,1
artists,1
internationally,1
appealing,1
angle,1
anecdotes,1
substantially,1
competitiveness,1
doubtful,1
instill,1
devotees,1
exerting,1
ideals,1
bashing,1
shroud,1
anonymity,1
successfully,1
importance,1
realizing,1
criminalize,1
ya,1
nowadays,1
stigmatisation,1
endorsed,1
nets,1
strictdevout,1
apathy,1
vestige,1
immigrant,1
vernacular,1
zealot,1
narrow,1
subscribed,1
framing,1
abrahic,1
contributing,1
laziness,1
peoples,1
westener,1
paints,1
widely,1
sabotaged,1
legitimacy,1
illusion,1
toward,1
unsuspecting,1
consume,1
define,1
olds,1
tea,1
lunch,1
whilst,1
dragging,1
feet,1
mall,1
frustrated,1
purview,1
trueloveis,1
driving,1
overtly,1
tempt,1
obama,1
biden,1
undergo,1
proverbial,1
fruit,1
kick,1
deities,1
organised,1
polarization,1
shouldnt,1
climate,1
liu,1
lingling,1
endorsing,1
negligible,1
season,1
bite,1
bullet,1
reducingremoving,1
degrees,1
te,1
substance,1
execution,1
criticised,1
slave,1
shamed,1
ridiculed,1
barbarism,1
indifference,1
object,1
sweeter,1
disrespectful,1
bah,1
normalised,1
pedophile,1
stereotype,1
nondiscriminative,1
incentive,1
disclose,1
ic,1
jobs,1
risks,1
dysphoria,1
tricky,1
occurred,1
annulled,1
depicting,1
millenias,1
caliphate,1
medieval,1
europes,1
radicals,1
decriminalization,1
incels,1
connected,1
glimpse,1
fostered,1
belonging,1
homophobicconservative,1
tin,1
foil,1
hat,1
lean,1
kissingholding,1
strangers,1
disapprove,1
careful,1
suck,1
confronts,1
observant,1
exceedingly,1
kissing,1
confrontation,1
unheard,1
msm,1
adventurous,1
hanky,1
panky,1
barging,1
hotel,1
rooms,1
drugs,1
bangladesh,1
frowned,1
disrespectfully,1
charged,1
overview,1
cosmopolitan,1
expatmajority,1
increase,1
peeps,1
shoot,1
dirty,1
despise,1
sister,1
features,1
bitches,1
sarcastic,1
fullness,1
babyfaced,1
defenseless,1
classmate,1
tall,1
wellbuilt,1
prone,1
observation,1
stare,1
lecture,1
barge,1
yell,1
neighbourhood,1
deeprooted,1
removing,1
highlights,1
butthurt,1
cops,1
investigate,1
la,1
cosplayer,1
frowns,1
tsking,1
category,1
fulfilling,1
interference,1
occasional,1
weekends,1
display,1
internship,1
dm,1
insight,1
expats,1
prob,1
picture,1
courtesy,1
conducting,1
affections,1
invites,1
ingrained,1
tmjc,1
file,1
photo,1
upload,1
sgsecure,1
waste,1
merits,1
conscience,1
peace,1
exploring,1
asylum,1
impatient,1
naive,1
mainly,1
yah,1
intrude,1
planned,1
farce,1
err,1
essay,1
voiding,1
carrie,1
coolingoff,1
hits,1
welltimed,1
redditor,1
airing,1
myth,1
affiliates,1
pea,1
circular,1
handbill,1
illustration,1
ato,1
procure,1
identifiable,1
enhance,1
electorate,1
expressly,1
excludes,1
button,1
badge,1
pen,1
pencil,1
balloon,1
prescribed,1
notification,1
gazette,1
hantam,1
prove,1
slaps,1
np,1
bless,1
beforehand,1
pinned,1
lawyers,1
neighbors,1
app,1
obtained,1
pretenses,1
dumb,1
portray,1
arrangement,1
swingers,1
constitute,1
houses,1
saf,1
frothing,1
mouth,1
cohabit,1
n,1
obstacles,1
nonetheless,1
blend,1
approximately,1
price,1
australia,1
whites,1
occupant,1
doublecounting,1
subsidy,1
unmarried,1
occupants,1
color,1
skin,1
fostering,1
cohesion,1
select,1
unorthodoxy,1
characteristic,1
disadvantaged,1
productivity,1
bollocks,1
similarly,1
selfinterest,1
recognising,1
gained,1
emphasis,1
aspects,1
consenting,1
lbtg,1
preschool,1
blouses,1
fashioned,1
westernised,1
malays,1
bro,1
fussy,1
maim,1
jasbir,1
puar,1
wager,1
crenshaw,1
intersectionality,1
intersecting,1
edge,1
factory,1
farming,1
cruelties,1
bet,1
lefthanded,1
androgynous,1
puberty,1
unnoticed,1
pants,1
toilets,1
available,1
dropping,1
humiliation,1
transgendersg,1
alternate,1
tutors,1
levels,1
logistics,1
daunting,1
subjects,1
admin,1
persistently,1
metaphor,1
beside,1
hopeful,1
dozens,1
species,1
femme,1
hermaphrodite,1
covent,1
sorted,1
hellfire,1
established,1
raining,1
ong,1
beneath,1
structures,1
binds,1
seldom,1
surrendered,1
labourers,1
streets,1
residents,1
tends,1
accusations,1
disrupt,1
singles,1
contraceptive,1
fertility,1
ivf,1
aroused,1
concentration,1
vilified,1
punish,1
wake,1
selfhating,1
supriority,1
confrontational,1
misgendered,1
sooooo,1
answered,1
harassed,1
murdered,1
cocks,1
explanations,1
fraternal,1
adoptive,1
stepbrothers,1
psychiatry,1
professor,1
toronto,1
mounts,1
immune,1
unborn,1
authors,1
fetuses,1
malespecific,1
proteins,1
chromosome,1
hypothesized,1
trigger,1
production,1
bind,1
signal,1
flicks,1
flavor,1
soda,1
involving,1
dignity,1
acquainting,1
explaining,1
shoudnt,1
hari,1
raya,1
gatherings,1
zoom,1
girlfriends,1
uni,1
outted,1
closeted,1
liberating,1
safetyliving,1
distancing,1
visa,1
holders,1
afar,1
yesssss,1
chromatica,1
celebration,1
cb,1
paranoia,1
whereabouts,1
impending,1
lockdown,1
sneak,1
phase,1
cis,1
livestreamed,1
hohoho,1
gots,1
dolla,1
polling,1
spf,1
youre,1
comfortablenot,1
yess,1
ama,1
misconceptions,1
hahaah,1
wayyy,1
heyyo,1
lighting,1
roomwindows,1
tuning,1
shelter,1
countless,1
cisgender,1
ngos,1
nonmonetary,1
yayyyyyyyyyy,1
possesses,1
magic,1
wand,1
yay,1
tender,1
constellation,1
windows,1
mask,1
passes,1
proceeds,1
fitting,1
unaware,1
inclusion,1
traction,1
papvoters,1
notasgood,1
sweet,1
xoxo,1
broken,1
charities,1
corrected,1
purchasing,1
sell,1
rainbows,1
corps,1
marketing,1
unware,1
masculine,1
hotlinewhatsapp,1
abusewomen,1
yeps,1
terminology,1
grasp,1
awesome,1
ahhhh,1
tokenism,1
tangible,1
chase,1
inclusiveness,1
oops,1
grindr,1
demise,1
speed,1
oldies,1
avalanche,1
forsee,1
uk,1
armour,1
building,1
lewd,1
songs,1
drain,1
tipping,1
potus,1
awkward,1
mindsets,1
z,1
cries,1
entertain,1
laughing,1
stock,1
unrelated,1
nevermind,1
cycles,1
rallies,1
probs,1
hl,1
familial,1
buttigieg,1
poll,1
british,1
arent,1
permission,1
foresee,1
profamily,1
brainwashed,1
daring,1
tails,1
reflected,1
indefensible,1
imposed,1
theyll,1
baffles,1
criminalises,1
legalising,1
disturbing,1
ive,1
repealment,1
thereby,1
resulting,1
mirrors,1
garner,1
glorifying,1
diagnosing,1
sods,1
rebellious,1
harassing,1
communityindividuals,1
fount,1
emergencies,1
purchase,1
btoing,1
dual,1
income,1
upward,1
inflationary,1
spiral,1
mechanism,1
ownership,1
flat,1
worsen,1
beard,1
showspouse,1
slippery,1
slope,1
gendered,1
pronoun,1
zhezer,1
liberalization,1
theorist,1
commonplace,1
stronger,1
liberty,1
hotbed,1
oddity,1
ticket,1
decides,1
relativist,1
morally,1
ambivalence,1
revulsion,1
regularize,1
consequently,1
finds,1
walloftext,1
justifications,1
antics,1
segments,1
irksome,1
contention,1
outlawed,1
pressed,1
utilitarian,1
permissible,1
unjust,1
unjustified,1
assumes,1
realm,1
sea,1
leanings,1
anus,1
vagina,1
evolving,1
tendencies,1
justifiable,1
skirts,1
maintaining,1
gateway,1
discourages,1
outlaws,1
introduction,1
eligible,1
reduce,1
het,1
populationlevel,1
reduced,1
enshrining,1
pumping,1
childless,1
certainties,1
napfa,1
statistical,1
abysmal,1
defeater,1
pump,1
costs,1
queues,1
fingers,1
pastor,1
imam,1
blank,1
minions,1
oooh,1
trade,1
theftmurder,1
entry,1
idg,1
tattoos,1
unique,1
accumulation,1
recessive,1
alleles,1
offsprings,1
multitude,1
disabilities,1
consequence,1
plays,1
focuses,1
setup,1
gravely,1
abortions,1
etcetc,1
carpet,1
delve,1
defects,1
offspring,1
couplings,1
parentchild,1
severe,1
imbalance,1
freely,1
haram,1
warrants,1
deviancy,1
recognized,1
opposes,1
capital,1
method,1
solve,1
ascertain,1
woukd,1
charges,1
differentiate,1
jailed,1
arrogant,1
arguably,1
criminalizing,1
tenets,1
prolife,1
prochoice,1
evidenced,1
prides,1
integrated,1
threats,1
arise,1
lgqbt,1
bugbear,1
integratedinclusive,1
curve,1
restrict,1
alex,1
condom,1
aiyo,1
paiseh,1
semtence,1
structure,1
omg,1
awful,1
underaged,1
consitutes,1
reasoned,1
ohio,1
supreme,1
damaging,1
unit,1
ohhhh,1
chey,1
boneappletea,1
til,1
jonathan,1
boon,1
seng,1
register,1
pufti,1
registry,1
registered,1
mobile,1
accessing,1
exclusion,1
casinos,1
johnathan,1
piece,1
website,1
feasible,1
disingenuous,1
tamer,1
twitch,1
suitable,1
cat,1
succulents,1
bomb,1
mom,1
device,1
log,1
suppose,1
viewers,1
input,1
verification,1
sanctity,1
inviolable,1
wearwhiters,1
orgy,1
hugging,1
organisers,1
youths,1
annnnd,1
gory,1
violent,1
games,1
frequently,1
providers,1
obtain,1
license,1
destroy,1
severely,1
limit,1
streamers,1
licenses,1
ee,1
vehemently,1
broadcast,1
reviewed,1
amend,1
ideal,1
eee,1
ethnicity,1
hyperbolic,1
intellectually,1
preferred,1
pussyfoot,1
backpedalling,1
governing,1
ditto,1
posts,1
overzealous,1
stupidity,1
regime,1
disclaiming,1
jeeze,1
unsurprised,1
vague,1
assuming,1
indicating,1
descriptive,1
renders,1
absurd,1
iron,1
provision,1
narrower,1
final,1
posing,1
namely,1
strait,1
determinative,1
deviated,1
ownconcede,1
speaker,1
assumption,1
semantic,1
perceived,1
x,1
acknowledged,1
unhappy,1
unbothered,1
premised,1
overriding,1
agencies,1
necessity,1
exigencies,1
preemptively,1
muddled,1
comparing,1
tvs,1
governed,1
characterization,1
absent,1
shortsighted,1
pomfa,1
denied,1
kidding,1
minor,1
rail,1
stops,1
exemptions,1
prolong,1
urgency,1
repealamend,1
adverse,1
effects,1
exemption,1
opiniona,1
respite,1
overflow,1
valve,1
invested,1
infringing,1
consciousness,1
activism,1
relegated,1
apportioned,1
downplayed,1
celebrate,1
galvanizing,1
utility,1
pdlivestream,1
camaraderie,1
boils,1
slow,1
steady,1
ripping,1
bandaid,1
follows,1
deemed,1
discretionary,1
seeks,1
normalize,1
traffic,1
vehicles,1
galvanize,1
mediavehicle,1
inciting,1
stopping,1
red,1
focused,1
justifies,1
derived,1
visibility,1
conversely,1
unimpeded,1
eleventh,1
loop,1
lar,1
geographic,1
chimpanzee,1
anyhowly,1
obscene,1
router,1
hiding,1
hates,1
singapura,1
violation,1
submit,1
violates,1
smart,1
pampered,1
dns,1
ip,1
googleapple,1
ceo,1
android,1
ios,1
determined,1
loonies,1
protesting,1
ndp,1
singing,1
dancing,1
gayer,1
nlb,1
firewall,1
issuing,1
messagedisclaimer,1
url,1
browser,1
unenforceable,1
responsibility,1
basic,1
fucks,1
haiz,1
threaten,1
surprising,1
paedophillia,1
idiocy,1
contains,1
references,1
cunt,1
cunts,1
prejudices,1
lesbianism,1
depicts,1
bestiality,1
necrophilia,1
intrinsic,1
portrayal,1
nonmainstream,1
behaviours,1
accompanied,1
consumer,1
fetishes,1
addictions,1
classifying,1
exploration,1
inherent,1
merit,1
ensure,1
grandchildren,1
extinct,1
bodoh,1
nia,1
orangand,1
delayed,1
generationhaizzz,1
lurking,1
fathers,1
touchy,1
helicopter,1
indecent,1
indecency,1
overwhelmed,1
queens,1
libraries,1
sensitivity,1
ashamed,1
enlighten,1
contentious,1
boomer,1
thier,1
wide,1
web,1
protected,1
deconverting,1
summarised,1
gist,1
realities,1
shielding,1
confidante,1
phuck,1
cuz,1
ooohh,1
oohh,1
ahhhhhh,1
aaaaaaaaaaaaa,1
nat,1
geo,1
chimp,1
shorter,1
duration,1
rkamikazebywords,1
wild,1
tamil,1
cmio,1
honglimparkcom,1
imams,1
congregation,1
sanctioned,1
mountains,1
mole,1
funny,1
likes,1
reminds,1
kryptonite,1
samegender,1
les,1
misrables,1
mda,1
kumar,1
heresy,1
reset,1
peaceful,1
span,1
seconds,1
kqjnbcyo,1
tree,1
surname,1
procreate,1
insecure,1
contributed,1
perpetuating,1
incidence,1
vaginal,1
transmission,1
notly,1
stigma,1
stds,1
doctorssasianparents,1
apes,1
chimps,1
hosted,1
citing,1
parade,1
surrounded,1
theyre,1
gaining,1
avenues,1
curiosity,1
racists,1
hardest,1
channel,1
whatsapp,1
bloody,1
aim,1
disappoint,1
haizzz,1
doctor,1
fascinated,1
lenox,1
lupus,1
jiayou,1
goals,1
static,1
workaround,1
tools,1
hah,1
librul,1
homosexualists,1
hor,1
stepbrother,1
scenarios,1
stork,1
procreation,1
transmitted,1
huh,1
uhm,1
objects,1
ice,1
bucket,1
makup,1
break,1
veracity,1
scope,1
interacted,1
extrapolate,1
smoke,1
vices,1
medium,1
ed,1
antiestablishment,1
streak,1
parental,1
lights,1
ineffective,1
fingerprints,1
lefthandedness,1
genetics,1
handedness,1
trained,1
handed,1
writes,1
whatnot,1
ooc,1
youthful,1
mustsharenews,1
clickbait,1
borders,1
cliche,1
deflection,1
pushed,1
boyfriend,1
lhy,1
wedding,1
minutes,1
min,1
joining,1
justifying,1
clarity,1
backbenchers,1
champion,1
dodging,1
pv,1
ppp,1
rp,1
amgenuinely,1
expecting,1
negativity,1
assumed,1
proscience,1
deviance,1
antihomosexuality,1
stepping,1
stands,1
technology,1
medicorp,1
satanic,1
fraction,1
pragmatist,1
understandably,1
cds,1
conflicted,1
toliet,1
limitless,1
contextualized,1
paternal,1
leaves,1
bonus,1
realist,1
wisest,1
wisdom,1
surprisingly,1
chill,1
standpoint,1
admits,1
summary,1
becoz,1
understood,1
witness,1
physically,1
volatile,1
affording,1
skewed,1
opine,1
outsider,1
kickass,1
founder,1
breadwinner,1
caretaker,1
fore,1
shadowing,1
amkinda,1
chad,1
aurorerwysteria,1
heshe,1
himher,1
moron,1
upvote,1
contempt,1
superficial,1
replies,1
likesdislike,1
ratio,1
protolerance,1
differing,1
contemptuous,1
bombs,1
oppression,1
introspective,1
memories,1
bodies,1
enemies,1
floating,1
uncle,1
benign,1
ruler,1
opponents,1
ruthlessly,1
spoil,1
oo,1
fanatic,1
predicted,1
fanatics,1
viability,1
soft,1
eugenics,1
engineer,1
rephrase,1
commending,1
separating,1
extensively,1
interest,1
grandkid,1
morgan,1
freeman,1
unfit,1
yep,1
swore,1
referenced,1
isouza,1
faizal,1
downright,1
bases,1
bread,1
butter,1
grandsons,1
grandkids,1
memoirs,1
creates,1
satellite,1
preempted,1
mechanisms,1
implementing,1
restricting,1
closing,1
appearing,1
committees,1
exclude,1
biased,1
rhymes,1
unrest,1
jimmy,1
upended,1
sociomedia,1
politicized,1
curriculum,1
unregulated,1
capitalism,1
socio,1
discontent,1
dysfunction,1
unaffordable,1
sensationalized,1
produce,1
discern,1
predicts,1
uncanny,1
geopolitical,1
emotionalized,1
dramatized,1
managed,1
taichi,1
swallow,1
hook,1
sinker,1
repeating,1
akin,1
poisonous,1
sedition,1
indoctrinate,1
contrasted,1
malaysias,1
costed,1
coincidence,1
intentional,1
genius,1
navigating,1
adopted,1
ailments,1
factionism,1
populist,1
mob,1
guise,1
destabilize,1
rewire,1
pedestal,1
emulated,1
worlds,1
template,1
liberalism,1
centerleft,1
invite,1
desired,1
edged,1
sword,1
fortunate,1
principally,1
credit,1
magnitude,1
alot,1
conquer,1
strategy,1
colonialists,1
served,1
odd,1
confluence,1
salafist,1
coupled,1
encroaching,1
wing,1
erode,1
legalist,1
mechanical,1
humming,1
tuned,1
oiled,1
machine,1
foundation,1
asia,1
collapse,1
donald,1
followup,1
dw,1
tag,1
improve,1
misses,1
versions,1
insults,1
brainwashing,1
divides,1
shrink,1
wins,1
throwing,1
mud,1
headway,1
fanning,1
flames,1
riled,1
paradox,1
stripe,1
superstitions,1
afflictedborn,1
giant,1
collective,1
nonhet,1
ammoral,1
pertaining,1
barring,1
qia,1
partaking,1
oppress,1
battleground,1
politicised,1
steeped,1
significant,1
secures,1
pragmatically,1
omelas,1
happiness,1
prosperous,1
birthing,1
pred,1
dispelled,1
interpretting,1
quick,1
scroll,1
confucius,1
k,1
polarizing,1
subreddits,1
hours,1
typing,1
practically,1
erases,1
corrupting,1
segregate,1
spelling,1
astrology,1
buying,1
shits,1
shanmugam,1
amoral,1
liekly,1
nonplussed,1
sizable,1
admired,1
bluntly,1
confucian,1
obscenely,1
pragmatism,1
inat,1
expects,1
progressives,1
arrange,1
privately,1
distinction,1
yeabut,1
normalisedish,1
alr,1
codependent,1
shed,1
beginning,1
zerosum,1
benefit,1
conversations,1
neighbours,1
gossiping,1
unlucky,1
repulsive,1
confront,1
weighing,1
options,1
polls,1
oppositions,1
hoots,1
enforcement,1
appease,1
backward,1
officially,1
quipped,1
