lgbt,495
people,120
community,110
black,73
like,57
gay,52
would,39
one,38
rights,34
say,33
think,31
get,31
us,30
u,30
women,29
even,27
really,27
know,27
love,26
also,23
dvpit,23
antilgbt,23
make,22
want,22
lgbtq,21
white,21
trans,21
x,21
something,20
man,20
way,20
go,20
yall,20
many,19
issues,19
said,19
right,18
first,17
support,17
every,17
feel,17
hate,17
bill,17
f,17
jokes,17
read,16
never,16
still,16
must,16
link,16
anyone,15
country,15
see,15
pride,15
folks,14
anything,14
bigotry,14
good,14
much,14
ppl,14
issue,13
ya,13
back,13
new,13
show,13
time,13
thing,13
whole,13
lol,12
made,12
literally,12
actually,12
someone,12
media,12
dave,12
queer,12
saying,12
law,12
kids,12
everyone,11
better,11
book,11
history,11
students,11
month,11
point,11
come,11
communities,11
representation,11
day,11
lot,11
woman,11
let,11
books,11
characters,11
part,11
person,11
year,11
since,10
years,10
stuff,10
care,10
always,10
sure,10
stop,10
ur,10
tell,10
ghana,10
left,10
could,10
chappelle,10
culture,10
exactly,9
pro,9
sexual,9
job,9
life,9
music,9
shit,9
lives,9
within,9
laws,9
anti,9
vera,9
take,8
else,8
play,8
little,8
entire,8
rainbow,8
happened,8
problem,8
work,8
fucking,8
live,8
end,8
magic,8
happen,8
going,8
kill,8
men,8
parents,8
away,8
wrong,8
girls,8
mean,8
ever,8
marley,8
school,8
wants,8
last,8
identity,8
thought,8
transgender,8
twitter,8
princess,8
joke,8
sign,8
character,7
etc,7
owned,7
says,7
god,7
group,7
lil,7
everybody,7
via,7
true,7
got,7
next,7
try,7
best,7
hiphop,7
look,7
towards,7
talk,7
suicide,7
use,7
racist,7
well,7
protect,7
help,7
article,7
today,7
talking,7
cause,7
everything,7
drag,7
christian,7
seen,7
content,7
sex,7
trying,7
called,7
equality,7
bad,7
ok,7
real,6
rep,6
done,6
seeing,6
okay,6
things,6
high,6
family,6
two,6
change,6
yeah,6
honestly,6
world,6
fact,6
lgbtqia,6
friend,6
makes,6
guys,6
yet,6
yes,6
trump,6
dad,6
discrimination,6
agenda,6
matter,6
learn,6
business,6
might,6
minority,6
including,6
gender,6
told,6
passed,6
fun,6
money,6
calling,6
dark,6
prince,6
freedom,6
big,5
clear,5
tried,5
health,5
event,5
old,5
evil,5
homophobic,5
choice,5
college,5
story,5
enough,5
tv,5
dont,5
none,5
deal,5
safe,5
fuck,5
feeling,5
legal,5
member,5
happy,5
open,5
tag,5
nothing,5
violence,5
homeless,5
coming,5
fine,5
using,5
based,5
maybe,5
eternals,5
making,5
african,5
countries,5
least,5
sense,5
keep,5
type,5
reading,5
list,5
home,5
youth,5
struggle,5
heard,5
society,5
find,5
gives,5
r,5
bullying,5
children,5
response,5
seems,5
inclusion,5
free,5
icon,5
around,5
taking,5
ally,5
means,5
movement,5
girl,5
bi,5
supposed,5
getting,5
homophobia,5
transphobia,5
without,5
believe,5
need,5
sister,5
example,5
entertainment,5
thank,5
groups,5
special,5
nashville,5
space,5
anime,5
stand,4
ago,4
important,4
comic,4
taliban,4
homosexuality,4
university,4
student,4
october,4
respect,4
pretty,4
agree,4
ask,4
playing,4
hell,4
michael,4
together,4
comes,4
looking,4
helping,4
bs,4
idc,4
ass,4
disgusting,4
vs,4
learning,4
atlanta,4
different,4
second,4
able,4
dead,4
state,4
leader,4
yo,4
join,4
vibe,4
obama,4
modern,4
telling,4
buh,4
push,4
feels,4
record,4
gonna,4
main,4
become,4
treated,4
claim,4
welcome,4
especially,4
education,4
tweet,4
im,4
whether,4
poc,4
hard,4
liberals,4
escape,4
assault,4
jobs,4
nas,4
accept,4
clearly,4
poland,4
facts,4
inclusive,4
sir,4
south,4
lost,4
homophobes,4
recently,4
consider,4
star,4
reason,4
chile,4
wanted,4
may,4
heist,4
either,4
lesbians,4
husband,4
worth,4
religion,4
role,4
far,4
heads,4
simple,4
woke,4
went,4
mind,4
boy,4
questions,4
guy,4
hope,4
straight,4
agrees,4
members,4
friends,4
amazing,4
running,4
rookie,4
leave,4
american,4
antitrans,4
terf,4
news,4
poisons,4
w,4
republicans,4
war,4
check,4
themes,4
ink,4
tunisian,4
thinking,4
difference,4
handmade,4
signwood,4
signsigns,4
melekor,4
idea,3
kills,3
narrative,3
awful,3
novel,3
put,3
embarrassing,3
full,3
among,3
giving,3
conditions,3
moving,3
quits,3
pay,3
chance,3
call,3
tonight,3
night,3
please,3
damn,3
everyday,3
bit,3
mostly,3
notice,3
fan,3
travel,3
cis,3
voice,3
praising,3
movies,3
b,3
n,3
romance,3
reality,3
outside,3
candidates,3
city,3
brown,3
openly,3
supporting,3
preferences,3
class,3
population,3
term,3
created,3
label,3
apart,3
friendly,3
pup,3
art,3
happening,3
serving,3
enjoy,3
dope,3
probably,3
chapelle,3
lincoln,3
slavery,3
low,3
key,3
wave,3
biden,3
racial,3
justice,3
authors,3
across,3
football,3
almost,3
single,3
homophobe,3
mood,3
kinda,3
instead,3
missing,3
kind,3
attack,3
bipoc,3
meet,3
national,3
speaker,3
impact,3
protection,3
queen,3
funny,3
kicked,3
rest,3
power,3
ways,3
bully,3
nonsense,3
asking,3
red,3
states,3
racists,3
illegal,3
audiobook,3
months,3
choose,3
un,3
signed,3
include,3
fighting,3
blackface,3
cast,3
outrage,3
majority,3
unless,3
occurred,3
human,3
israel,3
mentioned,3
defend,3
post,3
dig,3
specifically,3
nonbinary,3
terfs,3
stonewall,3
mm,3
decide,3
future,3
finds,3
half,3
due,3
quick,3
comedy,3
simply,3
bigot,3
team,3
young,3
break,3
define,3
kid,3
fantasy,3
putting,3
common,3
needs,3
side,3
political,3
past,3
behind,3
statement,3
board,3
bigots,3
pressed,3
stay,3
dems,3
vote,3
age,3
success,3
fight,3
basically,3
word,3
sorry,3
hiv,3
places,3
base,3
church,3
categories,3
choices,3
va,3
educator,3
allow,3
married,3
hear,3
conservatives,3
listened,3
social,3
movie,3
answer,3
mainstream,3
destroying,3
halloween,3
bisexual,3
excited,3
watch,3
goes,3
network,3
couple,3
professor,3
bout,3
trip,3
offers,3
heart,3
falls,3
streamer,3
haters,3
oppressed,3
begin,3
course,3
cult,3
follow,3
understand,3
animation,3
screamed,3
speech,3
quite,3
run,3
give,3
gun,3
another,3
firing,3
harm,3
talented,3
considered,3
socialists,3
allies,3
personally,3
relationships,3
move,3
later,3
strong,3
fathersdaygifts,3
gifts,3
coasters,3
wallart,3
fall,3
intersex,3
sf,3
allowed,3
murder,2
seem,2
room,2
crowdsourcing,2
mornings,2
illustrated,2
omg,2
alliance,2
long,2
series,2
information,2
mental,2
early,2
current,2
opportunity,2
artist,2
burned,2
international,2
forgot,2
romans,2
afghan,2
hosting,2
public,2
dance,2
reflect,2
gays,2
siblings,2
crap,2
treat,2
wait,2
grow,2
line,2
dropping,2
easier,2
thinks,2
myers,2
idiot,2
critique,2
perfect,2
brother,2
parts,2
fear,2
name,2
mcconnell,2
effectiveness,2
democracy,2
realize,2
democrats,2
civil,2
messed,2
cuz,2
paul,2
teaming,2
substantial,2
leading,2
ie,2
elected,2
street,2
crossing,2
officially,2
congratulations,2
definitely,2
took,2
fool,2
trolling,2
boosie,2
dude,2
silent,2
cisgender,2
belong,2
known,2
president,2
suspected,2
hits,2
furry,2
democratic,2
rate,2
upset,2
youths,2
feminism,2
nice,2
favorites,2
causing,2
mf,2
blog,2
buy,2
politicians,2
voter,2
commercial,2
speak,2
arguments,2
frankly,2
dats,2
dislike,2
disney,2
sales,2
pitch,2
actual,2
track,2
bans,2
teachers,2
body,2
reaching,2
peace,2
hypocrisy,2
healthcare,2
teams,2
step,2
tomorrow,2
focuses,2
create,2
forefront,2
tweets,2
bigoted,2
points,2
lmao,2
texas,2
v,2
tale,2
apparently,2
teens,2
william,2
trumps,2
fast,2
weak,2
massa,2
generational,2
brainwashing,2
religious,2
bullsht,2
fought,2
agreeing,2
whiteness,2
complaining,2
roots,2
abandoned,2
feminist,2
parliament,2
norm,2
persecution,2
facing,2
lmaooo,2
seriously,2
contain,2
hateful,2
script,2
club,2
duoreview,2
doritos,2
beautiful,2
latinos,2
joining,2
showing,2
project,2
forced,2
treaties,2
prevent,2
trash,2
research,2
abuse,2
internet,2
middle,2
conservative,2
assignment,2
completely,2
loves,2
count,2
lemme,2
island,2
decisions,2
evidence,2
leftist,2
core,2
faces,2
talent,2
epic,2
manufactured,2
insofar,2
concerned,2
fired,2
supreme,2
court,2
service,2
orientation,2
suggest,2
effort,2
ice,2
critical,2
attention,2
proof,2
posts,2
nobody,2
takes,2
less,2
humor,2
imagine,2
specific,2
basic,2
dangerous,2
advocating,2
trek,2
threat,2
review,2
davechappelle,2
thecloser,2
six,2
crows,2
stealing,2
estranged,2
boz,2
son,2
obviously,2
catch,2
whiff,2
emotions,2
fire,2
john,2
gop,2
liberal,2
felt,2
pathetic,2
upright,2
goals,2
along,2
happens,2
sapphic,2
started,2
revenge,2
pissed,2
comfortable,2
attacking,2
anytime,2
wish,2
company,2
comedians,2
according,2
uncomfortable,2
tf,2
undermine,2
foundation,2
plain,2
genre,2
tiktok,2
pop,2
disparities,2
politics,2
advocated,2
non,2
earlier,2
fake,2
killing,2
battles,2
ambiguous,2
app,2
option,2
immediately,2
claiming,2
rant,2
truly,2
ideology,2
strip,2
colonialism,2
bothers,2
continue,2
participate,2
energy,2
leaving,2
colonial,2
hold,2
onto,2
tools,2
republican,2
pulled,2
mad,2
knows,2
win,2
donated,2
fat,2
activist,2
correct,2
hollywood,2
hungary,2
adoption,2
marriage,2
forms,2
stunt,2
unfair,2
catholic,2
abortion,2
offensive,2
already,2
biological,2
stigma,2
opposite,2
click,2
counterproductive,2
stopped,2
saudi,2
arabia,2
iran,2
drive,2
reputation,2
simon,2
comments,2
nerd,2
mh,2
death,2
con,2
set,2
grooming,2
stands,2
select,2
legitimately,2
writing,2
evangelicalism,2
reclaim,2
jesus,2
western,2
ban,2
unfreeze,2
knew,2
featuring,2
center,2
stream,2
thanks,2
donate,2
match,2
hella,2
office,2
trouble,2
led,2
followed,2
question,2
period,2
criminal,2
bullies,2
secrets,2
injection,2
translives,2
transjoy,2
momma,2
showcasing,2
bar,2
video,2
fans,2
helped,2
portion,2
supported,2
da,2
negative,2
career,2
cartoon,2
shut,2
historical,2
figures,2
btw,2
sussexuniversity,2
kathleenstock,2
highereducation,2
massive,2
song,2
lgbthistorymonth,2
alone,2
save,2
virginia,2
wilton,2
manors,2
elementary,2
rosie,2
stirs,2
threats,2
gazette,2
sfgn,2
articles,2
send,2
present,2
soon,2
medical,2
super,2
campaign,2
aggressive,2
opinions,2
lesbian,2
serpent,2
ravenous,2
forest,2
beauty,2
beast,2
poisoner,2
monster,2
easy,2
page,2
seek,2
anywhere,2
wing,2
conspiracy,2
ball,2
devs,2
moment,2
pass,2
standing,2
case,2
quality,2
voted,2
voting,2
minds,2
diversity,2
comedian,2
hurting,2
feelings,2
pointed,2
limits,2
harder,2
couples,2
starting,2
continually,2
atheist,2
ones,2
rather,2
game,2
transwomen,2
deserve,2
tone,2
tradition,2
stick,2
clubs,2
exclude,2
liked,2
yuri,2
russian,2
neoliberals,2
criticism,2
asians,2
mississippi,2
blue,2
nuance,2
identify,2
recognize,2
zoomers,2
others,2
act,2
valid,2
scare,2
genderqueer,2
kept,2
letters,2
study,2
portrait,2
master,2
inktober,2
pencil,2
paper,2
teacherlife,2
outsiderart,2
neverstopcreating,2
neverstopgrowing,2
louisiana,2
lgbtart,2
workinprogress,2
gayart,2
figurativeart,2
sober,2
sketchbook,2
pedophile,2
looked,2
mess,2
uncalled,2
sad,2
attempt,2
though,2
setback,2
dedicated,2
hero,2
pushing,2
king,2
police,2
activists,2
corner,2
braves,2
omitted,2
bald,2
range,2
retweet,2
gaymer,2
apexlegends,2
cod,2
modernwarfare,2
halo,2
bloodhunt,2
splitgate,2
pubg,2
gtav,2
lounge,2
light,2
offended,2
stronger,2
spoke,2
dreams,2
great,2
straw,2
working,2
opposition,2
lie,2
murdered,2
harmful,2
discomfort,2
federal,2
employees,2
words,2
actively,2
kingdom,2
mfs,2
fuckin,2
color,2
trigger,2
pretend,2
liberalism,2
hated,2
wonder,2
studio,2
md,2
feature,2
offenders,2
domestic,2
regarding,2
muslim,2
regardless,2
bizarre,2
meeting,2
explicit,2
chi,2
bbc,2
likes,2
dis,2
rural,2
customengraving,2
woodsigns,2
personalizedgifts,2
mothersdaygifts,2
keychain,2
hexed,2
happilyeverafter,2
dragon,2
godfather,2
fairy,2
anymore,2
stories,2
experts,2
partner,2
pill,2
sooo,2
boys,2
actions,2
raid,2
dracula,2
frankenstein,2
sweden,2
pis,2
quitting,2
engineer,2
packing,2
applying,2
fascist,2
empire,2
remap,2
introduce,2
nd,2
fresh,2
changed,2
pence,2
surrogacy,2
yt,2
psychopathic,1
homicidal,1
machine,1
lgbtfriendly,1
upside,1
discriminate,1
bet,1
rightly,1
revolution,1
mercy,1
reread,1
gentleman,1
fkin,1
surprise,1
nonetheless,1
findings,1
provide,1
deteriorating,1
admin,1
forward,1
dc,1
announces,1
superman,1
afghanistan,1
queers,1
geller,1
report,1
price,1
nearly,1
georgia,1
southeastern,1
marks,1
uga,1
landmark,1
collectively,1
immensely,1
treating,1
lakers,1
myheart,1
kitty,1
kittycat,1
kittylove,1
petstagram,1
purrfect,1
bedtime,1
cuddles,1
indie,1
musician,1
singersongwriter,1
songbird,1
southern,1
athensga,1
gayboy,1
proves,1
silly,1
incarnate,1
draw,1
harming,1
ignorant,1
peeps,1
totally,1
games,1
lobbies,1
restored,1
solo,1
insecurity,1
interact,1
clariee,1
weezer,1
dmitri,1
cross,1
heterosexual,1
older,1
spent,1
childhood,1
adoring,1
envying,1
equal,1
og,1
hello,1
dvart,1
eli,1
wfh,1
ideally,1
af,1
crushing,1
hitler,1
ruling,1
germany,1
efficient,1
rudolph,1
hess,1
eliminate,1
nonchristians,1
corny,1
ugly,1
comfort,1
watered,1
insulting,1
kiss,1
anus,1
finally,1
famous,1
marches,1
protests,1
bookie,1
unfortunately,1
hood,1
josh,1
connor,1
mescal,1
sound,1
dehumanized,1
harmed,1
holding,1
finger,1
earpiece,1
lightyear,1
bothered,1
g,1
variants,1
bones,1
mcrib,1
rn,1
interviewed,1
worked,1
hall,1
capacity,1
profiled,1
councilman,1
mayor,1
battle,1
brews,1
lithuania,1
hypocritical,1
aspect,1
arsenal,1
responses,1
muslims,1
serious,1
competition,1
promoted,1
niggas,1
menrules,1
vibes,1
harrowing,1
sweetie,1
stuck,1
doctor,1
psychologist,1
consultant,1
alpha,1
omega,1
iranian,1
hack,1
israeli,1
site,1
users,1
leak,1
personal,1
info,1
microsoft,1
hacking,1
cybersecurity,1
halloweekend,1
neighbourhood,1
commissions,1
furryart,1
gabumon,1
digimon,1
nominee,1
modifying,1
bodys,1
whatever,1
mr,1
committed,1
amongst,1
ai,1
nft,1
nftart,1
nftartist,1
nfts,1
nftcommunity,1
jellybing,1
diversityandinclusion,1
lgbtqiaweareone,1
rainbowlife,1
oneofthem,1
accessory,1
families,1
banning,1
passing,1
restriction,1
unbelievably,1
disingenuous,1
shield,1
met,1
acceptable,1
disgust,1
actors,1
shiny,1
slowly,1
slipping,1
fascism,1
celebrity,1
athletes,1
addressing,1
silencing,1
suppression,1
bills,1
entirely,1
male,1
atomize,1
universe,1
mutuals,1
happier,1
atreides,1
arrakis,1
used,1
cynical,1
salty,1
colorful,1
goood,1
lame,1
argument,1
cos,1
citizens,1
tsw,1
struck,1
rejoicing,1
double,1
standards,1
ahateful,1
supportersignorance,1
disease,1
indeed,1
transfolks,1
whose,1
access,1
sports,1
liaison,1
committee,1
kp,1
features,1
message,1
leaders,1
reclaiming,1
ability,1
movements,1
alongside,1
milkwashed,1
conversation,1
tackling,1
homophobiaantilgbt,1
creates,1
unity,1
affirmation,1
banned,1
vendetta,1
handmaids,1
title,1
references,1
wondering,1
blacklgbt,1
billyporter,1
lilnasx,1
rupaul,1
blacklivesmatter,1
dorsey,1
swann,1
changing,1
rules,1
house,1
ending,1
mentally,1
succumb,1
pull,1
era,1
iswhew,1
chick,1
chappell,1
gayness,1
lime,1
mcu,1
disability,1
imo,1
abled,1
bodied,1
alot,1
teaching,1
grass,1
hijacked,1
etcwe,1
economic,1
empowerment,1
awoyo,1
sending,1
dozens,1
fled,1
reproductive,1
protected,1
propel,1
paying,1
father,1
stepping,1
sam,1
george,1
brought,1
rubbish,1
challenges,1
criminalization,1
persons,1
distinction,1
false,1
vain,1
attacks,1
handmaid,1
jock,1
lane,1
hayes,1
blogtour,1
giveaway,1
mmromance,1
nigerias,1
doesnt,1
sweety,1
imprisoned,1
nigeria,1
bobrisky,1
relax,1
fashion,1
fg,1
la,1
savagexfentyshow,1
sent,1
cantden,1
clause,1
hypocrital,1
imprison,1
jail,1
lmaoo,1
homosexuals,1
pain,1
sovereignty,1
various,1
spill,1
allthere,1
luck,1
therefore,1
topic,1
jordan,1
eastern,1
fully,1
islamic,1
practices,1
whats,1
headache,1
goodluck,1
enthusiasm,1
fabulous,1
cousins,1
utterly,1
homes,1
nastiness,1
closedminded,1
worker,1
commun,1
ciswiththet,1
remind,1
isnt,1
belongs,1
general,1
assembly,1
apply,1
agendas,1
agents,1
roles,1
posefx,1
pose,1
pinknews,1
kristen,1
stewart,1
fuming,1
superheroes,1
overwhelming,1
legally,1
ruled,1
decline,1
affects,1
receive,1
commit,1
trivial,1
afflict,1
differentiate,1
affect,1
former,1
lesser,1
latter,1
demonstrating,1
mindset,1
trivializing,1
concentrated,1
chechnya,1
purge,1
global,1
perhaps,1
handle,1
cages,1
fundamentally,1
occur,1
globally,1
serve,1
comparative,1
deserves,1
objective,1
plenty,1
leftleaning,1
youtube,1
excoriate,1
condemning,1
bullcrap,1
saw,1
mocked,1
comparison,1
bombings,1
palestine,1
onlyvibespodcast,1
interacted,1
successful,1
youtubers,1
jeffree,1
makeup,1
tutorials,1
impression,1
lgbtrelated,1
legitimate,1
statistical,1
defense,1
object,1
constitute,1
indicating,1
disproportionate,1
affliction,1
statistics,1
nervous,1
nad,1
targeted,1
nonconforming,1
redemption,1
lord,1
rings,1
powder,1
blasphemous,1
shape,1
becomes,1
coercing,1
obvs,1
pressuring,1
males,1
phobic,1
wholly,1
unacceptable,1
identifies,1
appalling,1
merry,1
measure,1
lily,1
morton,1
snarky,1
davechappellewasright,1
netflixth,1
netflix,1
theclosernetflix,1
outlawed,1
tasked,1
wishes,1
enroll,1
ante,1
ambition,1
dying,1
mandalorian,1
mistborn,1
forbids,1
noses,1
detect,1
burns,1
smelling,1
killer,1
mccain,1
given,1
dadt,1
mocking,1
child,1
physical,1
appearance,1
played,1
debasing,1
meghan,1
myb,1
oh,1
talks,1
spending,1
fkn,1
excessive,1
treda,1
yancy,1
crimes,1
preferably,1
crush,1
plan,1
oblige,1
shithead,1
tags,1
ultimately,1
conclusion,1
willingness,1
acquiesce,1
coercive,1
element,1
impacts,1
locke,1
lamora,1
ruins,1
gang,1
frantically,1
hotter,1
prevail,1
fail,1
forfeit,1
foundryside,1
firefly,1
aro,1
turns,1
steal,1
magical,1
artifact,1
vengeance,1
forbidden,1
retribution,1
heresy,1
ex,1
lmaoooo,1
ceos,1
foh,1
stereotype,1
exploitation,1
throw,1
mid,1
appreciating,1
didnt,1
marry,1
thocause,1
hes,1
societal,1
influences,1
tear,1
latinx,1
tearing,1
owner,1
achieve,1
heywardbeyinternational,1
getcertified,1
mbe,1
dbe,1
wosb,1
wbe,1
govcon,1
segment,1
laughs,1
difficult,1
themself,1
problack,1
stating,1
built,1
elements,1
acceptance,1
recent,1
clapping,1
loving,1
split,1
highlighting,1
generation,1
decolonize,1
gurlz,1
ive,1
fyp,1
thriving,1
barriers,1
lovedprotected,1
researchers,1
studying,1
robust,1
dataset,1
driving,1
insights,1
aging,1
researchallofus,1
satisfied,1
increasingly,1
apparent,1
lindsay,1
censorship,1
beef,1
preachers,1
write,1
biblical,1
moses,1
binary,1
mcs,1
villains,1
pocs,1
understood,1
yea,1
nigga,1
delete,1
crib,1
samegender,1
archnemesis,1
elaborate,1
bursting,1
tension,1
currently,1
sexually,1
extracurriculars,1
extracurricular,1
abolished,1
disgrace,1
mask,1
yanno,1
nutting,1
pizza,1
ruse,1
stir,1
bait,1
watching,1
thinly,1
veiled,1
infuriated,1
stray,1
fears,1
dupage,1
parish,1
mysteries,1
gregory,1
ashe,1
mystery,1
paranormal,1
placed,1
hetero,1
colonizers,1
desperate,1
positions,1
humanity,1
existence,1
directly,1
inline,1
desperation,1
heterofy,1
colonizer,1
number,1
carried,1
throughout,1
fools,1
barbados,1
christianity,1
bigotrycolorism,1
oppressive,1
elizabeth,1
schultz,1
disgruntled,1
race,1
trusted,1
latino,1
dragging,1
iktr,1
hat,1
byproduct,1
misogyny,1
presence,1
exposing,1
curtain,1
jealous,1
links,1
loved,1
favorite,1
comics,1
pants,1
longer,1
fits,1
thrift,1
shop,1
retiredtwink,1
sin,1
train,1
rely,1
opt,1
incentive,1
pushed,1
br,1
roevwade,1
overturned,1
electoralcollege,1
appointed,1
scotus,1
canada,1
creativity,1
artistic,1
growth,1
seething,1
industry,1
baby,1
dominating,1
charts,1
beating,1
exhausting,1
turning,1
eu,1
destroyed,1
traditional,1
irish,1
embrace,1
hypersonic,1
speed,1
cromwell,1
worse,1
uh,1
muh,1
potato,1
famine,1
assign,1
labels,1
dick,1
mouth,1
caitlyn,1
jenner,1
certainly,1
expert,1
recommends,1
advocates,1
freetoread,1
religiousliberty,1
antidiscriminationlaw,1
ghanaians,1
usa,1
nature,1
eradicate,1
logically,1
hurt,1
foreign,1
attract,1
negativity,1
strictest,1
potential,1
businesses,1
employ,1
headquarters,1
heartbreaking,1
closeted,1
gamer,1
journey,1
figure,1
defined,1
throwaway,1
cryptic,1
dm,1
concerning,1
online,1
gaming,1
badass,1
wo,1
crumbling,1
grand,1
scientific,1
endeavors,1
amazon,1
search,1
uses,1
bisacs,1
industrystandard,1
gaylgbt,1
limited,1
contemporary,1
charlie,1
norwood,1
serves,1
served,1
encourages,1
veterans,1
conversations,1
share,1
provider,1
confidential,1
augusta,1
veteran,1
services,1
female,1
ordained,1
urge,1
denomination,1
dismiss,1
handbut,1
celebrates,1
involvement,1
shyte,1
days,1
pete,1
column,1
misses,1
parallel,1
politicization,1
whenever,1
trumpers,1
wlgbt,1
crt,1
late,1
summer,1
middleaged,1
fidesz,1
supporter,1
genderfluidity,1
orban,1
propaganda,1
minors,1
begging,1
pleading,1
funds,1
previous,1
government,1
accounts,1
doubt,1
includes,1
maoist,1
total,1
tankie,1
lavern,1
commie,1
bombs,1
justified,1
smelt,1
wet,1
fart,1
stays,1
undefeated,1
esp,1
gamers,1
automatically,1
enjoyed,1
scps,1
fundraiser,1
donation,1
score,1
direction,1
rt,1
benchmark,1
liking,1
acclaim,1
audience,1
enjoyment,1
interactions,1
emory,1
rose,1
library,1
jon,1
argealli,1
royce,1
soble,1
exhibit,1
atl,1
photographers,1
captured,1
joy,1
awesomeness,1
explore,1
road,1
names,1
demonized,1
gained,1
looks,1
anyways,1
preferred,1
warner,1
normal,1
ignored,1
pandas,1
bamboo,1
hut,1
moonlight,1
spawned,1
films,1
gotten,1
applications,1
winning,1
higher,1
regard,1
pwi,1
qualify,1
nominate,1
gozzie,1
central,1
casting,1
protocol,1
token,1
monthso,1
celebrate,1
wrote,1
dramas,1
traded,1
meanspirited,1
saidif,1
cruelty,1
hatred,1
additionally,1
criminalise,1
identifying,1
offence,1
advocate,1
behalf,1
blackish,1
gossip,1
biracial,1
teagan,1
prep,1
unearths,1
hunt,1
framed,1
breaker,1
slur,1
desk,1
truth,1
buried,1
bvm,1
estrogen,1
swapped,1
injections,1
invite,1
nationalist,1
suffer,1
moderate,1
centerright,1
shrugs,1
twix,1
pushes,1
vile,1
sick,1
stomach,1
minimum,1
sort,1
streamers,1
cowards,1
small,1
conservativesreactionaries,1
strength,1
choicelgbt,1
etcnot,1
havehelpe,1
surprised,1
refusal,1
enforce,1
rudd,1
bathroombill,1
marijuana,1
cases,1
impetus,1
legislation,1
acknowledged,1
wasteoftime,1
emphasizes,1
untouchable,1
portray,1
mob,1
careers,1
powerless,1
neither,1
supports,1
premise,1
destroy,1
ashley,1
nickelodeon,1
stupid,1
final,1
season,1
julius,1
caesar,1
vatican,1
rightagain,1
archbishop,1
canterbury,1
opposes,1
evangelicalwirrten,1
backed,1
financed,1
forgetting,1
joe,1
russo,1
postsnap,1
boyfriend,1
nothe,1
film,1
named,1
pivotal,1
fantastic,1
monumental,1
victory,1
noted,1
uk,1
terffails,1
adorable,1
ad,1
celebrating,1
dayofthedead,1
tender,1
lovestory,1
advertising,1
institutionaltransphobia,1
choruses,1
safely,1
thrive,1
amidst,1
pandemic,1
thearts,1
janellemonÃÂ¡e,1
rolemodels,1
rainbowwave,1
recordnumber,1
runningforoffice,1
deriding,1
tweenteen,1
sexist,1
nerds,1
fandom,1
chillax,1
gene,1
date,1
cousin,1
crew,1
samesexmarriage,1
neworlean,1
florida,1
ton,1
suburbanites,1
generally,1
grill,1
blocked,1
situation,1
morning,1
collaboration,1
chronicle,1
capital,1
violated,1
freedoms,1
expendable,1
citizen,1
rid,1
virus,1
opponents,1
dirt,1
wow,1
fictional,1
wlw,1
dove,1
vespertine,1
hired,1
crown,1
assassinate,1
aurÃÂ©lie,1
growing,1
attraction,1
halsey,1
keeps,1
bakery,1
afloat,1
hires,1
deals,1
monsters,1
easily,1
broken,1
jude,1
duarte,1
gold,1
start,1
forever,1
endebted,1
eldritch,1
creature,1
falling,1
poison,1
baker,1
village,1
resident,1
hopefully,1
fems,1
gtgtgtgt,1
dominant,1
strongly,1
election,1
immig,1
asian,1
minorities,1
electedreelected,1
cancer,1
mmm,1
uhc,1
sadly,1
near,1
vehement,1
outing,1
egg,1
midst,1
pretending,1
theory,1
waste,1
wars,1
coined,1
slave,1
inherently,1
stereotypes,1
portraying,1
charicatures,1
slaves,1
following,1
dante,1
definition,1
hardly,1
reclaimed,1
surely,1
deeply,1
rude,1
pipeline,1
themis,1
reassuring,1
boss,1
face,1
laughed,1
venting,1
dev,1
shooting,1
knee,1
caps,1
bargaining,1
table,1
extra,1
bonus,1
thus,1
breathtaking,1
trynna,1
rappers,1
hit,1
elections,1
suburban,1
block,1
highly,1
educated,1
broad,1
stroke,1
greater,1
ethnic,1
reunions,1
plus,1
reee,1
enslavement,1
cry,1
river,1
complaints,1
nah,1
whine,1
struggles,1
ironic,1
included,1
sides,1
agency,1
refuses,1
roberts,1
anniversary,1
hrt,1
transwoman,1
involved,1
chamber,1
meaningful,1
connect,1
area,1
benefit,1
chamberofcommerce,1
getinvolved,1
unlike,1
djt,1
followers,1
caring,1
triggered,1
resorted,1
degrading,1
someones,1
stives,1
campus,1
sexuality,1
campusnews,1
collegelife,1
newsworthy,1
bullshit,1
starved,1
positive,1
thanwhatever,1
hgs,1
flat,1
aspects,1
stawmanning,1
dislikes,1
hitormiss,1
inconsistent,1
fluctuating,1
acting,1
dull,1
blunt,1
handled,1
shows,1
slippery,1
slope,1
gymnastics,1
often,1
ultimate,1
reference,1
historically,1
antiwoman,1
overlook,1
cafe,1
keeping,1
cups,1
lgb,1
intended,1
engagement,1
ring,1
hand,1
godek,1
aslo,1
debated,1
polish,1
sejm,1
wild,1
respond,1
vocally,1
bro,1
cancelling,1
four,1
universities,1
unsafe,1
schools,1
mountain,1
reformed,1
theological,1
seminary,1
jackson,1
carey,1
conservatism,1
emojis,1
hashtags,1
bios,1
vegan,1
clever,1
pointing,1
wrap,1
pridemonth,1
june,1
commemorates,1
riots,1
contributions,1
united,1
transphobes,1
faith,1
maya,1
angelou,1
randy,1
boyd,1
shown,1
menace,1
build,1
trust,1
resign,1
appointment,1
mention,1
filipino,1
filipinos,1
bugged,1
lbtg,1
puerile,1
psychological,1
adults,1
pronounce,1
purpose,1
ugh,1
found,1
cyberbully,1
consequences,1
supremacy,1
gtdoes,1
gtcommits,1
blasphemy,1
prophet,1
muhammad,1
gtharms,1
tunisia,1
gtis,1
possibly,1
legit,1
danger,1
scene,1
jerk,1
generalize,1
italian,1
ruined,1
cheers,1
cries,1
suddenly,1
cheer,1
failure,1
however,1
acknowledge,1
battlefield,1
fellow,1
italians,1
tunisians,1
strait,1
czarnek,1
entrie,1
wikipedia,1
gtexpresses,1
gtgets,1
killed,1
fluid,1
antifa,1
blm,1
travesty,1
notmymichaelmyers,1
charbel,1
ÃÂµÃÂÃÂ±,1
ÃÂ®ÃÂÃÂ,1
khoury,1
hezb,1
risk,1
activism,1
grain,1
courage,1
tiny,1
futile,1
ksa,1
yemen,1
claude,1
debussy,1
authorities,1
urgently,1
investigate,1
badr,1
baabou,1
director,1
brutal,1
mounting,1
abuses,1
targeting,1
silence,1
army,1
baltagi,1
majless,1
anaaaa,1
aa,1
anaaa,1
badde,1
oul,1
ghanem,1
bros,1
host,1
patriarch,1
ÃÂ¨ÃÂ§ÃÂÃÂ­ÃÂÃÂ§ÃÂ´,1
admins,1
messages,1
funniest,1
mentions,1
large,1
rangers,1
noticed,1
removed,1
awareness,1
badges,1
tripping,1
afghans,1
land,1
britain,1
add,1
lifestyle,1
gets,1
goahead,1
p,1
coffee,1
downtown,1
macon,1
joins,1
short,1
venues,1
catered,1
tough,1
laugh,1
deranged,1
lovin,1
fletcher,1
girlswhokissgirls,1
girlfriend,1
march,1
sitting,1
slang,1
bulb,1
lit,1
dumb,1
nerves,1
bihhh,1
top,1
closed,1
um,1
damned,1
reparations,1
mine,1
happend,1
finished,1
listening,1
texted,1
tears,1
zaya,1
parental,1
depends,1
bm,1
blacks,1
whites,1
religions,1
individual,1
policing,1
weaker,1
overlyarmed,1
impose,1
populace,1
depose,1
governments,1
install,1
worship,1
oppress,1
belief,1
drifting,1
nomination,1
cemented,1
unsalvageable,1
ginnedup,1
collections,1
malcontents,1
scream,1
revolves,1
selfcentered,1
worldview,1
lies,1
beyond,1
disagreement,1
disagree,1
conceived,1
notion,1
invention,1
mediagovernment,1
powers,1
coalesce,1
toe,1
suggesting,1
appear,1
arguing,1
palazzo,1
despair,1
expressed,1
military,1
troops,1
lead,1
reject,1
violent,1
delights,1
nemerever,1
secret,1
philosophy,1
shannon,1
stalker,1
frat,1
prison,1
gf,1
woods,1
license,1
lacked,1
rap,1
legend,1
remember,1
inability,1
extends,1
suited,1
abraham,1
winston,1
churchill,1
bras,1
wigs,1
otherwise,1
tactics,1
happily,1
cool,1
nall,1
dnt,1
bible,1
heaven,1
soak,1
burning,1
asses,1
animal,1
players,1
literary,1
alabama,1
jones,1
poet,1
jacqueline,1
trimble,1
author,1
happiness,1
baldwin,1
pulling,1
outraged,1
stance,1
saving,1
harassment,1
somehow,1
leap,1
logic,1
bullied,1
obese,1
intentional,1
racism,1
bourgeoise,1
cashing,1
swept,1
sucks,1
dbd,1
satanist,1
survivor,1
offyear,1
demo,1
reel,1
katte,1
ready,1
bring,1
animated,1
email,1
kattenoel,1
website,1
voiceover,1
voiceactor,1
voiceactress,1
demoreel,1
highlight,1
organization,1
educating,1
staff,1
providing,1
vandymed,1
birthday,1
spread,1
incredible,1
inspiring,1
recorsing,1
operated,1
located,1
nyc,1
becoming,1
hypersensitive,1
related,1
ill,1
tolerated,1
checks,1
handed,1
door,1
proceed,1
caution,1
target,1
torture,1
protagonist,1
sensible,1
relationship,1
terms,1
market,1
figuring,1
toward,1
forget,1
pitching,1
fm,1
novels,1
leads,1
heroine,1
chapel,1
churches,1
individuals,1
bud,1
dare,1
baron,1
harkonnen,1
dune,1
homosexual,1
essential,1
disturbing,1
misguided,1
correctness,1
baiting,1
poly,1
required,1
hilarious,1
although,1
ship,1
irl,1
applaud,1
elite,1
earn,1
depressing,1
path,1
dissimilar,1
whining,1
frightening,1
insane,1
absurd,1
sjws,1
losing,1
pronoun,1
usage,1
nuanced,1
spectrum,1
position,1
warped,1
perception,1
panic,1
skimmed,1
fringe,1
attempting,1
alienate,1
events,1
divisive,1
weird,1
brb,1
gotta,1
interview,1
process,1
writer,1
writingcommmunity,1
darkfantasy,1
sagesmokeandfire,1
writerslift,1
kindle,1
witch,1
witchcraft,1
prejudice,1
missed,1
ivies,1
plans,1
mom,1
inspirational,1
diabetes,1
noah,1
lady,1
water,1
umbrella,1
bottom,1
flex,1
ure,1
arkansas,1
multiple,1
nationwide,1
preventing,1
greatly,1
theology,1
espouse,1
saved,1
committing,1
utc,1
utm,1
seemed,1
lgbtwise,1
obv,1
colleges,1
tsu,1
cheap,1
ik,1
urban,1
bipride,1
homedecor,1
promise,1
occasion,1
verbiage,1
bigtime,1
meaning,1
diverse,1
deaf,1
superhero,1
prop,1
ist,1
ism,1
congress,1
bidenharris,1
istandwithlesbians,1
transitional,1
equivalent,1
sites,1
shocked,1
pennywise,1
alright,1
math,1
thru,1
hun,1
conscience,1
blew,1
slow,1
burn,1
bed,1
snore,1
fault,1
mix,1
hot,1
twice,1
explosive,1
implodes,1
grumpy,1
witches,1
mail,1
hector,1
ida,1
week,1
affair,1
avoiding,1
ferngully,1
hotmess,1
henchman,1
bent,1
mafia,1
theatrical,1
praying,1
mantis,1
arrogant,1
jay,1
bee,1
tutu,1
mg,1
anticlass,1
conciousness,1
barely,1
clout,1
de,1
che,1
stans,1
cares,1
answers,1
bookstoread,1
parenting,1
renew,1
domain,1
shoot,1
foot,1
place,1
motivation,1
wooseok,1
changbin,1
dancing,1
worst,1
trojan,1
horse,1
corrupt,1
sjw,1
wokeness,1
existed,1
models,1
machismo,1
leftists,1
bitchy,1
form,1
involving,1
andor,1
decrying,1
younger,1
teenaimed,1
reaaaaallly,1
steps,1
recurring,1
staple,1
shoujo,1
goddamned,1
decades,1
graziano,1
corporate,1
pawn,1
noncharlestonian,1
necromancy,1
numerous,1
legislatures,1
seeking,1
fucksake,1
abbot,1
sponsored,1
hotline,1
primary,1
challenger,1
taxpayer,1
reactionary,1
lords,1
andy,1
ngo,1
wipe,1
hands,1
transpeople,1
disappeared,1
turn,1
theocracy,1
weather,1
brittanynsparks,1
fallfashion,1
fashionlgbtqia,1
confused,1
wdf,1
tlkn,1
enes,1
nike,1
blmlgbt,1
vid,1
someome,1
execs,1
realizing,1
elites,1
hide,1
oppression,1
wishing,1
q,1
cents,1
normally,1
decided,1
brave,1
reveal,1
questioning,1
andrew,1
stow,1
davidbeckham,1
flips,1
foe,1
measly,1
million,1
meant,1
sane,1
despite,1
morals,1
scandal,1
preference,1
technically,1
chosen,1
whoever,1
pedos,1
curious,1
memes,1
controversial,1
particular,1
furries,1
downplay,1
random,1
st,1
cyril,1
jerusalem,1
cat,1
camera,1
stellablue,1
felinus,1
deadheadicus,1
kowtow,1
mocks,1
pisses,1
supporters,1
stated,1
effect,1
sparked,1
galvanized,1
lgbtqhistorymonth,1
boropride,1
knowing,1
loud,1
laughing,1
atlheaux,1
reposted,1
holloween,1
youngbighomie,1
sussex,1
welcomed,1
kathleen,1
stock,1
institution,1
huh,1
porn,1
clips,1
documentation,1
brandon,1
broke,1
accord,1
exploited,1
specifics,1
punching,1
anticancel,1
po,1
identical,1
willing,1
nazis,1
konfederacja,1
reach,1
goal,1
vast,1
cope,1
pronouns,1
bio,1
genocide,1
akt,1
advice,1
dire,1
situations,1
abstract,1
programs,1
antibullying,1
lgbtfocused,1
therapy,1
sometimes,1
considering,1
lgbtchapelle,1
controversy,1
biphobic,1
spaceship,1
felix,1
mc,1
largely,1
ndqueer,1
queernorm,1
drama,1
aliens,1
clash,1
quit,1
sffpit,1
meds,1
inspired,1
account,1
order,1
solve,1
problems,1
fucked,1
trivalizing,1
condemn,1
pressured,1
tho,1
wokey,1
threaten,1
generations,1
guaranteed,1
psychoses,1
impaired,1
contact,1
disorders,1
buying,1
coca,1
cola,1
glasses,1
mcdonalds,1
hugoo,1
epingle,1
rename,1
lickosvfx,1
photography,1
living,1
switzerland,1
photos,1
shot,1
canon,1
eos,1
confirm,1
insert,1
underestimate,1
opinion,1
doctors,1
specialise,1
slgbt,1
clinical,1
setting,1
spend,1
proven,1
expect,1
billy,1
porter,1
unprotected,1
promo,1
lgbti,1
hang,1
matured,1
hearing,1
rumors,1
backstage,1
suck,1
slander,1
unbothered,1
transmenofcolor,1
lgbtlives,1
explorepage,1
earthquake,1
annual,1
recruitment,1
drives,1
wyou,1
cofounder,1
malcolm,1
clark,1
tran,1
recognition,1
surgery,1
hormone,1
treatment,1
founder,1
gary,1
powell,1
heritage,1
purse,1
charity,1
causes,1
setup,1
deflecting,1
pplall,1
status,1
prioritize,1
benefits,1
ion,1
edits,1
trending,1
