lgbt,699
people,137
community,117
like,87
lgbtq,61
rights,55
gay,52
black,45
hiring,44
would,43
say,43
one,39
think,37
know,36
love,36
center,36
us,35
new,33
want,33
antilgbt,32
support,32
trans,32
bill,30
hate,29
something,29
right,29
dvpit,29
even,28
get,28
pride,27
many,27
time,27
also,26
good,25
history,24
live,24
women,24
tell,23
still,23
world,23
help,23
white,22
school,21
today,21
queer,21
come,20
make,19
much,19
sexual,19
part,19
sure,18
really,18
first,18
see,18
got,17
said,17
go,17
man,17
years,17
never,17
ya,17
ally,17
month,17
characters,16
need,16
u,16
dave,16
let,16
folks,16
making,15
family,15
equalmarriage,15
stop,15
literally,15
end,15
men,14
via,14
find,14
law,14
oh,14
saying,14
could,14
back,14
lot,14
poc,14
groups,13
makes,13
feel,13
things,13
parents,13
intersex,13
maybe,13
american,13
always,12
understand,12
trump,12
take,12
group,12
free,12
chappelle,12
lesbian,12
open,12
character,12
learn,12
blk,12
training,12
high,12
ghana,11
person,11
two,11
please,11
life,11
call,11
wrong,11
show,11
way,11
movie,11
vote,11
shit,11
funny,11
health,11
coming,11
recent,11
military,11
care,11
going,11
whatshappeninginmyanmar,11
los,11
happened,10
every,10
since,10
agenda,10
whole,10
thing,10
yet,10
woman,10
made,10
kids,10
lgbtqia,10
long,10
year,10
side,10
watch,10
straight,10
face,10
issues,10
bad,10
post,10
join,10
better,10
well,10
country,10
director,10
water,10
abducted,10
admitted,10
already,10
church,9
far,9
great,9
stand,9
must,9
around,9
movement,9
truth,9
special,9
yes,9
give,9
violence,9
everything,9
yeah,9
fact,9
marriage,9
youth,9
jokes,9
team,9
friends,9
ppl,9
city,9
couples,9
story,9
activist,9
start,9
representation,9
homophobic,9
hard,9
earth,9
adults,9
film,9
allegedly,9
kiashe,9
harassments,9
poured,9
boiling,9
hit,9
foots,9
gun,9
butts,9
humiliated,9
assistant,9
native,9
x,9
ban,8
probably,8
im,8
lol,8
left,8
anyone,8
etc,8
everyone,8
party,8
media,8
fight,8
stage,8
true,8
twitch,8
question,8
started,8
restaurant,8
w,8
lead,8
best,8
work,8
big,8
issue,8
angeles,8
october,8
agree,8
diversity,8
line,8
ask,7
anti,7
supposed,7
america,7
someone,7
together,7
rainbow,7
lmao,7
twitter,7
money,7
comes,7
sex,7
needs,7
choose,7
real,7
accepting,7
others,7
r,7
actually,7
blacks,7
girl,7
listen,7
podcast,7
racist,7
day,7
often,7
stuff,7
supporting,7
lose,7
vs,7
especially,7
reality,7
within,7
club,7
parliament,7
soon,7
nothing,7
attacks,7
welcome,7
another,7
look,7
mexico,7
crime,7
experience,7
blm,7
civil,7
texas,7
content,7
bit,7
wall,7
read,7
business,7
trying,7
guys,7
election,7
italy,7
matrimonioigualitario,7
gaymer,7
pretty,7
image,7
bar,7
program,7
talking,7
hannwayoo,7
sac,7
abductionsac,7
herbeat,7
wires,7
ever,7
worse,7
worst,7
housing,7
students,7
icon,7
cult,7
save,7
meet,7
tonight,7
saved,7
manager,7
star,7
personal,6
happen,6
three,6
la,6
anything,6
clearly,6
able,6
members,6
children,6
whatever,6
happy,6
accept,6
pope,6
means,6
change,6
gender,6
less,6
old,6
schools,6
set,6
friendly,6
halloween,6
writing,6
writingcommunity,6
important,6
check,6
young,6
says,6
mean,6
night,6
fun,6
transgender,6
use,6
ran,6
attack,6
looked,6
spooky,6
little,6
basically,6
home,6
joke,6
anymore,6
working,6
michael,6
turn,6
crimes,6
mental,6
kind,6
bw,6
smallstreamersconnect,6
exist,6
across,6
social,6
told,6
seen,6
palm,6
springs,6
stupid,6
least,6
lives,6
entire,6
therapy,6
events,6
mostly,6
difference,6
films,6
professor,6
allies,6
executive,6
services,6
news,6
human,6
girls,6
series,6
using,6
point,6
religious,6
niko,6
specialist,6
congratulations,6
indian,6
alaskan,6
escape,6
sff,6
major,5
samesex,5
mad,5
confused,5
tomorrow,5
guess,5
republicans,5
san,5
words,5
looking,5
though,5
sorry,5
hated,5
jesus,5
harm,5
born,5
uk,5
play,5
enough,5
turning,5
racism,5
christians,5
president,5
writer,5
including,5
banning,5
vampire,5
cause,5
art,5
sf,5
considering,5
service,5
win,5
reason,5
book,5
experiences,5
similar,5
transphobic,5
keep,5
identity,5
thought,5
idea,5
sexuality,5
poland,5
middle,5
mom,5
getting,5
crying,5
blame,5
interesting,5
realize,5
trouble,5
matter,5
safe,5
beautiful,5
try,5
rep,5
asexual,5
meme,5
bigots,5
god,5
killing,5
senate,5
nov,5
wants,5
nice,5
artist,5
either,5
speak,5
culture,5
went,5
course,5
yall,5
example,5
intersectionality,5
chapelle,5
half,5
state,5
problem,5
almost,5
fucking,5
secret,5
specifically,5
myers,5
smallstreamer,5
aware,5
equality,5
public,5
presents,5
may,5
justice,5
saw,5
netflix,5
created,5
project,5
activists,5
football,5
last,5
tragic,5
childhood,5
list,5
talk,5
dis,5
office,5
ex,5
veterans,5
honor,5
joe,5
virtual,5
thank,5
passage,5
might,5
crash,5
follow,5
space,5
advocacy,4
apparently,4
times,4
cast,4
gonna,4
voting,4
record,4
else,4
thinking,4
supported,4
regardless,4
without,4
conversation,4
meant,4
behind,4
needed,4
parades,4
along,4
hating,4
christ,4
telling,4
leads,4
hell,4
identify,4
youngkin,4
band,4
forced,4
expect,4
finds,4
afghan,4
car,4
china,4
tf,4
society,4
stance,4
faith,4
bigotry,4
global,4
discrimination,4
full,4
eyes,4
color,4
blue,4
hey,4
celebrate,4
arts,4
area,4
job,4
away,4
meeting,4
ignorant,4
gt,4
calling,4
dont,4
christian,4
plus,4
game,4
done,4
definitely,4
clear,4
married,4
months,4
goal,4
bring,4
jews,4
warning,4
proud,4
national,4
study,4
data,4
cool,4
knows,4
desert,4
value,4
number,4
common,4
comics,4
cis,4
bc,4
helping,4
bisexual,4
politics,4
damn,4
imdb,4
supportive,4
believe,4
wanna,4
parties,4
topic,4
pass,4
next,4
court,4
comedy,4
leaders,4
sausage,4
hold,4
photo,4
legislation,4
openly,4
greater,4
travel,4
watching,4
child,4
guy,4
speech,4
respect,4
walk,4
recently,4
disabled,4
running,4
case,4
teen,4
house,4
perhaps,4
government,4
different,4
knew,4
friend,4
deserve,4
claim,4
age,4
resources,4
individuals,4
nobody,4
dying,4
cinema,4
latin,4
fighting,4
gays,4
type,4
whether,4
boy,4
ago,4
somehow,4
starts,4
large,4
small,4
diverse,4
however,4
ok,4
education,4
excuse,4
abuse,4
political,4
lesbians,4
science,4
analyst,4
associate,4
hilarious,4
posted,4
huge,4
books,4
non,4
mother,4
struggle,4
clubs,4
music,4
easy,4
playing,4
fortnitebr,4
source,4
emmalee,4
tv,4
required,4
inductees,4
congress,4
swear,4
place,4
california,4
order,4
seeing,4
americans,4
lunar,4
colonies,4
boys,4
attempt,4
email,4
hsm,4
maisie,4
derek,4
musical,4
fling,4
cr,4
toxic,4
hope,4
sad,4
week,4
politicians,3
backed,3
doctor,3
extra,3
israeli,3
info,3
famous,3
disappointed,3
hollywood,3
add,3
heard,3
beauty,3
obvious,3
streets,3
arrive,3
taliban,3
bunch,3
relationship,3
pushed,3
supporter,3
pay,3
sickening,3
spectrum,3
choice,3
cares,3
preach,3
shame,3
refusing,3
radio,3
crt,3
equal,3
videos,3
unless,3
video,3
aka,3
death,3
q,3
sick,3
ride,3
scary,3
terfs,3
hair,3
weird,3
joining,3
refugees,3
author,3
certain,3
driving,3
vice,3
included,3
studies,3
amongst,3
certainly,3
minorities,3
poor,3
gayweho,3
corporate,3
division,3
system,3
earlier,3
passed,3
wiped,3
rain,3
saliva,3
mouth,3
liked,3
tshirt,3
adorned,3
crimson,3
red,3
abortion,3
access,3
promote,3
found,3
dating,3
supports,3
canada,3
biden,3
administration,3
brandon,3
final,3
exactly,3
victim,3
folk,3
allowed,3
showing,3
normal,3
outside,3
places,3
pro,3
turns,3
fully,3
amazing,3
june,3
referring,3
ca,3
event,3
valley,3
reply,3
ages,3
employees,3
chickfila,3
anxiety,3
latinos,3
canon,3
male,3
player,3
campaign,3
anybody,3
move,3
takes,3
opposition,3
likely,3
protect,3
thanks,3
mentalhealth,3
hateful,3
acting,3
tax,3
bills,3
gym,3
hitting,3
twitchstreamer,3
irl,3
fitness,3
powerhousegym,3
powerhousegymmurrieta,3
roadtoaffiliate,3
lgbtfitness,3
lgbtmuscle,3
stillbisexual,3
vegan,3
couple,3
negative,3
creators,3
wild,3
level,3
deal,3
typical,3
xenophobic,3
instead,3
polish,3
fault,3
religions,3
climate,3
particularly,3
saints,3
palmsprings,3
revenge,3
class,3
ddlzan,3
unlikely,3
protest,3
proposal,3
eu,3
short,3
put,3
furry,3
police,3
japan,3
fuck,3
cities,3
proof,3
drops,3
extremely,3
absolutely,3
rhetoric,3
censorship,3
generation,3
eternals,3
brown,3
finally,3
runs,3
writers,3
awesome,3
bathroom,3
willing,3
antilgbtq,3
perfect,3
sense,3
movies,3
debate,3
previously,3
possible,3
heart,3
disney,3
private,3
tried,3
quite,3
lost,3
fans,3
orientation,3
imagine,3
explore,3
pool,3
liberty,3
resource,3
inclusive,3
morning,3
feeling,3
giving,3
losing,3
days,3
attitudes,3
region,3
rest,3
view,3
rich,3
used,3
baby,3
terrorists,3
atrocities,3
sanctionmoge,3
trend,3
raped,3
wearing,3
board,3
voices,3
feelings,3
comment,3
brave,3
ones,3
none,3
fair,3
related,3
following,3
asian,3
hiii,3
article,3
dead,3
evangelicals,3
seniors,3
evening,3
senior,3
campus,3
losangeles,3
sucks,3
letting,3
remember,3
anyway,3
esp,3
land,3
comedian,3
politically,3
given,3
conservative,3
problems,3
republican,3
racists,3
weeks,3
featuring,3
colleges,3
deemed,3
unsafe,3
known,3
cancelled,3
davechappelle,3
shows,3
wow,3
barely,3
rank,3
fresh,3
safety,3
feminist,3
majority,3
tools,3
fortnite,3
hiiii,3
lemme,3
fortniteclips,3
ass,3
tuesday,3
personally,3
main,3
pi,3
shenk,3
magical,3
diego,3
magic,3
uf,3
javier,3
morgado,3
drink,3
hollendoner,3
wonderful,3
simply,3
actor,3
deadly,3
maria,3
war,3
monsters,3
liberals,3
mh,3
forget,3
stream,3
college,3
innout,3
comedians,3
buy,3
flags,3
report,3
ready,3
link,3
protections,3
refuge,3
treehouse,3
accident,3
de,3
muertos,3
mg,3
mirror,3
romeojuliet,3
yo,3
imprisoning,3
governmentmandated,3
starcrossed,3
subscribe,3
weekly,3
agendas,3
fb,3
lalgbt,3
nonprofit,3
ourtownla,3
artists,3
wishes,3
f,3
humans,3
ignorance,3
dad,3
values,3
homeless,3
confidence,3
modalities,3
sonora,3
share,3
thriller,3
ctmagazine,2
nations,2
controversial,2
relationships,2
listening,2
meletting,2
treatmentnot,2
ableist,2
lgbtinvestigating,2
whats,2
causing,2
symptomsmaking,2
specialists,2
decentlistening,2
input,2
medstreatmentsgoing,2
mile,2
meds,2
wo,2
delay,2
fox,2
iranian,2
site,2
fear,2
trust,2
organization,2
based,2
teach,2
okay,2
proved,2
ana,2
voted,2
cant,2
close,2
brit,2
top,2
profile,2
return,2
suck,2
permission,2
hand,2
innocent,2
nope,2
english,2
noone,2
assume,2
necessary,2
pronouns,2
lifestyle,2
hurt,2
terrible,2
assault,2
industry,2
coal,2
british,2
resulting,2
passport,2
megaton,2
behavior,2
teaching,2
propaganda,2
parent,2
opportunity,2
target,2
chaos,2
ring,2
outrageous,2
wig,2
grow,2
revoked,2
ways,2
rejecting,2
guns,2
power,2
daily,2
reminder,2
creative,2
signaling,2
erased,2
requirement,2
brothers,2
racial,2
gone,2
fucked,2
catholics,2
act,2
weaponize,2
perpetuate,2
weho,2
continue,2
defend,2
profits,2
slave,2
model,2
curbing,2
sparks,2
anglican,2
rift,2
letters,2
birthday,2
behalf,2
throw,2
programs,2
exchange,2
atraf,2
terry,2
drag,2
race,2
season,2
episode,2
adult,2
student,2
backwards,2
note,2
written,2
privileged,2
privilege,2
claimed,2
consent,2
transgrender,2
laugh,2
march,2
considered,2
adhd,2
doesnt,2
dr,2
fake,2
fat,2
tink,2
victims,2
asshole,2
among,2
wish,2
crowd,2
forms,2
weekend,2
master,2
horror,2
existing,2
laws,2
unions,2
ps,2
tennis,2
specific,2
despite,2
enjoy,2
food,2
communities,2
alliance,2
cube,2
apology,2
asap,2
crunchyroll,2
remove,2
original,2
mistake,2
survey,2
bi,2
waiting,2
marching,2
nah,2
general,2
argue,2
comments,2
awkward,2
justin,2
thier,2
create,2
pages,2
cupbearers,2
webcomics,2
hip,2
hop,2
influence,2
condemn,2
success,2
bus,2
called,2
groundbreaking,2
truly,2
fail,2
penalty,2
arms,2
exhausting,2
idk,2
madison,2
cawthorn,2
dumb,2
explicit,2
taste,2
took,2
hetero,2
catholic,2
asking,2
evidence,2
various,2
income,2
brought,2
attention,2
fab,2
photography,2
taken,2
benefiting,2
episodes,2
ilovegaypalmsprings,2
rape,2
misogyny,2
thrown,2
pm,2
ddlzansubitolegge,2
discussed,2
six,2
kills,2
omotransfobia,2
friday,2
blatantly,2
stopping,2
discussion,2
francis,2
hire,2
teachers,2
tiktok,2
timeline,2
vtuber,2
rock,2
bio,2
raid,2
focus,2
pledges,2
boost,2
hopes,2
boomer,2
university,2
whoa,2
activism,2
gaybear,2
light,2
nine,2
tree,2
platform,2
antivaxxers,2
vaccine,2
tiny,2
bullshit,2
lgbtfriendly,2
mentioned,2
gop,2
terribly,2
entirely,2
countries,2
older,2
voters,2
liar,2
correct,2
caters,2
guessing,2
russell,2
queen,2
suddenly,2
tells,2
scared,2
bigoted,2
wins,2
imo,2
pandering,2
gsa,2
failed,2
era,2
bay,2
insults,2
send,2
remotely,2
comic,2
discover,2
specializing,2
depression,2
meaningless,2
gotta,2
block,2
approved,2
arizona,2
stay,2
strong,2
breaking,2
prime,2
building,2
spaces,2
recognized,2
separate,2
peers,2
protesting,2
conversion,2
rarely,2
become,2
stonewall,2
search,2
taking,2
shoe,2
wife,2
stu,2
dog,2
continues,2
factor,2
hung,2
privacy,2
particular,2
danger,2
outed,2
wanting,2
slowly,2
inch,2
eventually,2
head,2
upset,2
published,2
allowing,2
effect,2
discussing,2
united,2
ahead,2
oct,2
exclude,2
ironic,2
freedom,2
response,2
category,2
nonsense,2
emotion,2
regressive,2
tired,2
taught,2
forbid,2
began,2
sort,2
legs,2
shoulders,2
threatening,2
administrative,2
daughter,2
skirt,2
supporters,2
bigot,2
seats,2
front,2
india,2
entertainment,2
teens,2
divisiveness,2
existence,2
shown,2
ad,2
market,2
vast,2
room,2
funding,2
consensus,2
gc,2
hundreds,2
affirmation,2
low,2
reviews,2
pacific,2
alien,2
witch,2
daring,2
bbc,2
anecdote,2
violent,2
statistics,2
ms,2
information,2
impact,2
weather,2
las,2
refuse,2
centering,2
ground,2
longbeach,2
allows,2
bother,2
convention,2
hocus,2
pocus,2
beach,2
seems,2
complex,2
researchers,2
latterday,2
analysis,2
available,2
challenging,2
blog,2
exercise,2
stuck,2
raised,2
immigrants,2
learned,2
girlfriend,2
stands,2
deeply,2
parroting,2
break,2
perpetrator,2
gaslight,2
basic,2
spiritual,2
dance,2
message,2
acceptable,2
treat,2
chat,2
saifa,2
concept,2
chest,2
marketing,2
past,2
pt,2
hosted,2
rsvp,2
lgbtowned,2
jrlcharts,2
metal,2
smaller,2
feuding,2
occasionally,2
enemy,2
lie,2
kill,2
banned,2
hannwayoolgbt,2
mdywas,2
junta,2
waterbeaten,2
wireshit,2
lgbtwhatshappeninginmyanmar,2
hot,2
formerly,2
youtube,2
trailblazer,2
regard,2
victimhood,2
marvel,2
tbh,2
woke,2
criticism,2
cynical,2
creator,2
institute,2
associated,2
headcanons,2
concerned,2
reveals,2
chucky,2
anniversary,2
covid,2
alone,2
efforts,2
irony,2
providing,2
defense,2
hopefully,2
cannot,2
fire,2
environment,2
somewhere,2
hag,2
disgusting,2
defending,2
pinterest,2
dc,2
gamer,2
fresno,2
nonbinary,2
empathy,2
towards,2
lovely,2
driver,2
huh,2
yikes,2
specifics,2
terf,2
abusive,2
metaphor,2
financial,2
iii,2
worker,2
aid,2
shuttle,2
budget,2
bugs,2
lindsey,2
rival,2
client,2
according,2
matt,2
conservatives,2
democratic,2
sunday,2
mention,2
shocked,2
mainstream,2
inside,2
mic,2
tuesdays,2
vax,2
test,2
masks,2
min,2
signups,2
awareness,2
lgbthistorymonth,2
protected,2
cpuc,2
fall,2
veteran,2
proper,2
honest,2
childish,2
healthcare,2
competent,2
happening,2
embarrassing,2
crybaby,2
worthless,2
chronic,2
prove,2
worth,2
abuser,2
btw,2
county,2
father,2
reading,2
af,2
contact,2
sharing,2
mission,2
entrepreneurs,2
demanding,2
watched,2
meanspirited,2
comparing,2
hates,2
leave,2
speaking,2
demand,2
advance,2
drama,2
trauma,2
meets,2
decision,2
exbf,2
lucas,2
plans,2
risky,2
wilds,2
pnw,2
wait,2
woods,2
cure,2
blake,2
punching,2
controversy,2
candidates,2
feminists,2
points,2
tweet,2
dick,2
chronically,2
run,2
crazy,2
fr,2
sub,2
decided,2
closer,2
notice,2
guide,2
thread,2
dream,2
came,2
language,2
hopefulattempt,2
fanart,2
promoart,2
lily,2
tomlinjane,2
wagner,2
cultural,2
inclusion,2
eating,2
playin,2
ur,2
row,2
edc,2
flirting,2
ii,2
lgbtpride,2
spookyseason,2
battle,2
federal,2
afghanistan,2
lowtech,2
autumn,2
holidays,2
diwalihalloweendia,2
crushes,2
grandparent,2
displacement,2
anxietyselective,2
mutism,2
attacking,2
lowincome,2
identities,2
grown,2
rite,2
blur,2
badass,2
nuanced,2
south,2
younger,2
versions,2
fulfill,2
unrealized,2
reintegrate,2
seeks,2
nightmare,2
bravery,2
forever,2
fallen,2
energy,2
lesson,2
friendship,2
stars,2
jk,2
larissa,2
johns,2
bookboost,2
bookpromo,2
bookplug,2
booklover,2
bookbuzz,2
ivf,2
contemporarywomen,2
treatment,2
rsweho,2
roccosweho,2
hillsboro,2
canceled,2
romance,2
rules,2
upon,2
servers,2
na,2
pharmacy,2
incredibly,2
legislators,2
invited,2
samples,2
burned,2
claudette,2
josh,2
suffer,2
becoming,2
crucial,2
donating,2
wars,2
chemistry,2
oc,2
guests,2
guard,2
killthebill,2
queerghanaianlivesmatter,2
secretary,2
hello,2
wellbeing,2
festivals,2
confident,2
habits,2
build,2
lgbtqleader,2
gaybusinessleader,2
queerleaders,2
lgbtqbusiness,2
gayboss,2
queermoney,2
lgbtpodcast,2
theme,2
interview,2
disturbia,2
wolf,2
officer,2
lgbtqhealth,2
stacey,2
milbern,2
binary,2
anglo,2
bias,2
african,1
homosexuality,1
criminalized,1
networks,1
increase,1
penalties,1
kris,1
referred,1
theythem,1
toby,1
confirmed,1
nb,1
undertale,1
deltarune,1
interpreted,1
suspected,1
hack,1
hits,1
users,1
leak,1
israel,1
biases,1
ensemble,1
song,1
attached,1
sing,1
connotations,1
lockstep,1
bridge,1
fan,1
cheering,1
protecting,1
stick,1
west,1
proposes,1
crosswalks,1
total,1
santa,1
monica,1
blvd,1
robertson,1
vicente,1
cienega,1
bestfriend,1
sentence,1
idek,1
abt,1
japanese,1
except,1
rn,1
tho,1
uploaded,1
britney,1
gotten,1
pic,1
zoinks,1
freddy,1
walking,1
downtown,1
orlando,1
begging,1
feet,1
afghans,1
britain,1
critic,1
bombed,1
asshats,1
scalia,1
hyperbolic,1
assuming,1
nowhere,1
laughable,1
offended,1
sadly,1
price,1
conundrum,1
helped,1
comprehension,1
classes,1
belong,1
deem,1
announce,1
tons,1
whipping,1
dicks,1
implies,1
replied,1
deflection,1
changes,1
redefining,1
protection,1
miss,1
wnonsense,1
cut,1
wv,1
opposing,1
background,1
checks,1
weapons,1
millions,1
increasingly,1
obsolete,1
baron,1
afghani,1
colony,1
southern,1
rhodesia,1
zimbabwe,1
chances,1
superheroes,1
spotify,1
apps,1
audiodrama,1
granted,1
inappropriate,1
leftist,1
indoctrinating,1
msm,1
actively,1
result,1
terrence,1
demographic,1
aboutoh,1
waitwhite,1
meidas,1
trumpkin,1
virginia,1
trumpland,1
sickness,1
incompetence,1
proq,1
kisses,1
vip,1
costume,1
evil,1
amirite,1
detransitioning,1
breast,1
augmentation,1
fakes,1
partially,1
resist,1
nothe,1
opting,1
abstaining,1
nationalism,1
resisting,1
temptation,1
campiest,1
amwritingfantasy,1
amwriting,1
shortstories,1
youngadult,1
writingprompt,1
writerslife,1
nanowrimo,1
electric,1
composting,1
womenpoclgbt,1
virtue,1
acknowledging,1
rollingand,1
nra,1
stickers,1
easily,1
removed,1
buzzfeed,1
glance,1
obergefell,1
v,1
hodges,1
breakthrough,1
ethnic,1
nft,1
opensea,1
sisters,1
mega,1
acceptance,1
cooked,1
elder,1
nefarious,1
sympathize,1
jobs,1
gave,1
voice,1
cryin,1
goin,1
cancel,1
amendment,1
reciting,1
confuse,1
ideals,1
instagood,1
selfie,1
daavidvilla,1
chapel,1
travisgonzales,1
liberal,1
lies,1
push,1
radical,1
current,1
corrupt,1
elitist,1
starves,1
workingclass,1
favour,1
labor,1
serbia,1
characteristics,1
status,1
lgbtrights,1
africanews,1
whenever,1
mocking,1
coin,1
fond,1
yellowhammer,1
fund,1
suggestions,1
offensive,1
lgbtfocused,1
websites,1
targeted,1
shadow,1
hacking,1
nightlife,1
index,1
popular,1
app,1
website,1
tel,1
aviv,1
represents,1
boo,1
moments,1
deranged,1
committee,1
understands,1
intentionally,1
hurtful,1
advancements,1
bag,1
diplomatically,1
elon,1
wrote,1
mine,1
holy,1
constantly,1
forgotten,1
sexualised,1
homophobics,1
literal,1
pretend,1
answers,1
practicing,1
coworkers,1
modeled,1
grace,1
provoking,1
dudesent,1
deleted,1
apologize,1
offense,1
caused,1
genuinely,1
conscience,1
dare,1
worship,1
roblox,1
evolving,1
dn,1
fallingtripping,1
fatshaming,1
lil,1
comeback,1
honors,1
bleaching,1
changing,1
tone,1
commonly,1
practiced,1
preparation,1
peddles,1
ultimately,1
oneself,1
asexuality,1
gets,1
trip,1
beat,1
carved,1
pumpkin,1
contest,1
sanmarino,1
expanding,1
union,1
apply,1
demolished,1
courts,1
largest,1
returned,1
sponsor,1
inspired,1
lawmakers,1
socalled,1
tribal,1
alito,1
citizens,1
normality,1
polishness,1
honesty,1
easter,1
egg,1
tend,1
fewer,1
customers,1
unlike,1
decent,1
wage,1
compared,1
fast,1
changed,1
partner,1
comprehensive,1
gathering,1
handlers,1
metaverce,1
twerking,1
orders,1
survivor,1
lore,1
reads,1
babes,1
involved,1
sÃ²,1
joyous,1
emotional,1
towardsinclusion,1
bsl,1
interpreter,1
joined,1
initial,1
uncomfortable,1
joacker,1
idaho,1
obsession,1
bedroom,1
underclothes,1
homie,1
scene,1
edit,1
ign,1
unified,1
french,1
mickeyyyyyyyyyyy,1
categoryis,1
mouseketeer,1
realness,1
isnt,1
xtina,1
mickeymouseclub,1
halloweencostume,1
halloweenatwork,1
mickeymouse,1
nonlgbt,1
destruction,1
handicapped,1
belonging,1
identifying,1
affecting,1
four,1
updates,1
chapter,1
tapastrytcc,1
mafia,1
controls,1
oppressors,1
seat,1
table,1
dark,1
skin,1
immigrant,1
intl,1
catchers,1
dreams,1
imagined,1
throwing,1
makeup,1
bs,1
organize,1
choirs,1
versa,1
brethren,1
backs,1
collectively,1
phobia,1
painful,1
highincome,1
queereye,1
taxtwitter,1
theperspectiveseries,1
purpose,1
proclaim,1
spend,1
demeaning,1
narrowminded,1
brickwalls,1
bricks,1
clericalism,1
insert,1
automagically,1
hive,1
mind,1
review,1
bombing,1
buzz,1
triggered,1
tweets,1
blew,1
tofight,1
tooth,1
nail,1
peoples,1
transphobe,1
homophobe,1
ay,1
ballstretching,1
nonphallic,1
nonfungible,1
xdddd,1
westerner,1
hypocrite,1
amount,1
tremendous,1
nationality,1
adding,1
sigma,1
parallels,1
essentially,1
russians,1
stole,1
bernie,1
headline,1
focusing,1
sexist,1
headlines,1
multiracial,1
neighbors,1
practice,1
addressing,1
inequality,1
sexism,1
sickoftheslant,1
indeed,1
traditional,1
photos,1
david,1
lee,1
hatred,1
unpunished,1
unconditional,1
nepotism,1
hideous,1
decades,1
led,1
allah,1
buddha,1
flooding,1
annapolis,1
deserved,1
signed,1
grad,1
farright,1
former,1
renzi,1
supposedly,1
moderate,1
italia,1
viva,1
prevents,1
scheduled,1
thousands,1
ddlzansubito,1
unconstitutional,1
hongkong,1
victories,1
establishing,1
andorra,1
delays,1
marco,1
rubio,1
transsexual,1
fyp,1
vr,1
vrchat,1
catboy,1
femboy,1
contentcreator,1
envtuber,1
cooperation,1
fascist,1
boycottpoland,1
debates,1
legislative,1
metallica,1
messiah,1
haley,1
beatles,1
remix,1
mf,1
flag,1
lani,1
garfield,1
promohomotv,1
lgbtshirts,1
lsd,1
headquarters,1
tunisia,1
lgbtshirt,1
epitome,1
suburban,1
whitecollar,1
sheltered,1
issa,1
bear,1
j,1
laser,1
installation,1
golf,1
coursestudded,1
oases,1
flanked,1
jacinto,1
mountains,1
joshua,1
park,1
towns,1
bragging,1
wouldiscriminate,1
eaten,1
swearing,1
intermittently,1
nature,1
speculated,1
gundam,1
cracks,1
hivemind,1
neither,1
mentions,1
c,1
jersey,1
gubernatorial,1
candidate,1
suggests,1
questioning,1
curriculum,1
nakedly,1
riot,1
canonically,1
due,1
revenue,1
accepted,1
unfortunate,1
susceptible,1
framing,1
regrets,1
represent,1
gaylgbt,1
liking,1
obtains,1
documents,1
reflect,1
dignity,1
fifteen,1
minute,1
applebee,1
toured,1
toomey,1
interviewed,1
aims,1
develop,1
leadership,1
skills,1
tucson,1
divisive,1
partisan,1
nonpartisan,1
delights,1
intentional,1
triggering,1
aside,1
differences,1
outpouring,1
contrary,1
narrative,1
universally,1
despised,1
cus,1
flamboyant,1
gassing,1
journalists,1
redundant,1
questions,1
exploited,1
represented,1
rubbed,1
arguing,1
happens,1
theres,1
enjoying,1
hear,1
omg,1
hyping,1
rubbing,1
faces,1
vile,1
second,1
shoes,1
policies,1
suffrage,1
apologies,1
ecological,1
niche,1
marginalized,1
betray,1
curry,1
favor,1
reactionaries,1
village,1
northeast,1
ohio,1
channeling,1
anger,1
neighbor,1
eight,1
hurling,1
repeat,1
balance,1
ent,1
revolt,1
deliberately,1
pryor,1
somewhat,1
unique,1
starting,1
admission,1
fantasy,1
inÃªs,1
paula,1
therapist,1
london,1
fears,1
wtf,1
sounds,1
overused,1
throwbackthursday,1
chillin,1
robe,1
dropped,1
midnight,1
italian,1
wednesday,1
effectively,1
lower,1
oppose,1
humanities,1
lgbtqa,1
sending,1
hugs,1
substantial,1
lightyear,1
importance,1
femmes,1
provincial,1
legislator,1
introduces,1
province,1
lgbtqhistorymonth,1
riots,1
advocates,1
predate,1
saga,1
bout,1
grouping,1
lived,1
wanted,1
advice,1
cat,1
goldfish,1
pbpitch,1
exxxactly,1
battles,1
remained,1
wherever,1
lynched,1
uniquely,1
fighters,1
remains,1
trees,1
puts,1
flagged,1
deals,1
cold,1
dip,1
toe,1
hour,1
coat,1
excruciatingly,1
dry,1
governor,1
queretaro,1
backbones,1
understood,1
whites,1
hence,1
stark,1
shred,1
segregationist,1
defenders,1
restrict,1
immigration,1
nambla,1
compare,1
advocated,1
pedophilia,1
merely,1
inflammatory,1
knights,1
nighttime,1
dementiabrain,1
brainmatters,1
predominantly,1
workers,1
became,1
champion,1
unapologetically,1
expressed,1
james,1
baldwin,1
neurons,1
undoubtedly,1
viewpoint,1
shove,1
cup,1
coffee,1
husband,1
frenchies,1
sitting,1
balcony,1
overall,1
goals,1
comfortable,1
retirement,1
cash,1
anywhere,1
prior,1
archaic,1
absurd,1
quickly,1
boomers,1
silent,1
boom,1
century,1
reinvigorated,1
notably,1
output,1
industries,1
lagged,1
producing,1
homosexual,1
appearing,1
collection,1
lgbtthemed,1
onwards,1
dubbed,1
maricÃ³n,1
vinodh,1
venkatesh,1
jim,1
crow,1
portion,1
historical,1
erasing,1
wealthy,1
clowning,1
ea,1
managed,1
piss,1
specialty,1
harder,1
met,1
picnic,1
sat,1
interacting,1
sister,1
name,1
olde,1
heads,1
p,1
sayin,1
wary,1
curious,1
occuring,1
arrested,1
scott,1
smith,1
yr,1
later,1
despicable,1
horrifying,1
bitch,1
playlist,1
dissenting,1
g,1
reserve,1
atleast,1
womenbc,1
priyanka,1
wishful,1
thinkingbut,1
pan,1
experienced,1
pursue,1
responding,1
member,1
inspiring,1
powerful,1
circles,1
alienate,1
assumes,1
longestrunning,1
industrial,1
spent,1
historic,1
disco,1
fuckin,1
smh,1
pontificate,1
latinx,1
smearing,1
november,1
giveaway,1
page,1
ads,1
geographic,1
limitations,1
micro,1
active,1
vacationers,1
picturing,1
smokefilled,1
officials,1
divert,1
infiltrate,1
conquered,1
underling,1
raises,1
figured,1
genital,1
preferences,1
disputing,1
gaslighting,1
portrayed,1
correctly,1
trick,1
anime,1
avatar,1
fine,1
neonazi,1
workplace,1
dozens,1
companies,1
seeking,1
island,1
cbs,1
york,1
settle,1
istandwithlesbians,1
knowing,1
mcu,1
heroes,1
heartbreaking,1
mood,1
twibbon,1
killed,1
phobic,1
cards,1
carry,1
weight,1
sjwsnowflaketype,1
disclaimer,1
franchise,1
alright,1
islander,1
hispaniclatino,1
alienisolation,1
scariest,1
lets,1
scarygames,1
gaming,1
yoga,1
guest,1
lecturing,1
acutely,1
host,1
speaker,1
losers,1
pantry,1
equivalent,1
section,1
totebag,1
almondmilk,1
hummus,1
organic,1
yassss,1
offenders,1
autistic,1
outspoken,1
ignore,1
sharply,1
whereas,1
kerblam,1
themes,1
muddled,1
monstrous,1
regards,1
lately,1
wlw,1
coercive,1
comparable,1
invented,1
actual,1
capable,1
stats,1
tenuretrack,1
mathematics,1
provost,1
academic,1
affairs,1
security,1
management,1
interdisciplinary,1
cluster,1
focused,1
severe,1
units,1
affordable,1
permanent,1
palmas,1
courtesy,1
flinch,1
advocating,1
unsheltered,1
leaderspolicy,1
boots,1
appreciate,1
carshow,1
roam,1
freely,1
suggest,1
preventing,1
nonsensical,1
attorneys,1
lbba,1
glorious,1
socializing,1
theater,1
movienight,1
trudeau,1
defender,1
encompass,1
sometimes,1
undoing,1
currently,1
jasmine,1
clinic,1
broadranging,1
direct,1
transrightsarehumanrights,1
completed,1
construction,1
nextdoor,1
anita,1
rosenstein,1
utah,1
twice,1
incidence,1
suicidal,1
thoughts,1
behaviors,1
royal,1
murdochs,1
passing,1
prep,1
pap,1
zbur,1
upfront,1
championing,1
adoption,1
body,1
patience,1
figure,1
horny,1
disagreeing,1
yer,1
bonnet,1
pharma,1
broadly,1
eyebrow,1
comparison,1
exploitation,1
vague,1
istand,1
selfdefense,1
rely,1
heavily,1
risk,1
threatened,1
eg,1
larger,1
glaad,1
pink,1
irls,1
gomez,1
morticia,1
basis,1
period,1
dickheads,1
jonas,1
female,1
description,1
casting,1
slightly,1
amused,1
conspiracies,1
concerning,1
outcome,1
disagree,1
pete,1
cabinet,1
official,1
adopted,1
twins,1
typo,1
correction,1
denied,1
antiwomen,1
antisecular,1
antiextraterrestrial,1
anticomputer,1
prorightwing,1
prob,1
legit,1
shake,1
socially,1
options,1
conditioned,1
allany,1
knowswho,1
gen,1
hella,1
minded,1
judgey,1
fantastic,1
glad,1
moved,1
commenting,1
posts,1
natural,1
clones,1
mayorcounsil,1
planning,1
importand,1
disdain,1
praise,1
reinvented,1
wheel,1
minimizes,1
interjection,1
mainly,1
rt,1
seem,1
filled,1
clarifying,1
connection,1
dani,1
coyle,1
visual,1
researcher,1
cofounder,1
intersexpride,1
endintersexsurgery,1
intersexawareness,1
delusional,1
outdated,1
void,1
basics,1
muscle,1
abdominals,1
thatgaytrainer,1
iownmyhealthshit,1
organizations,1
safeguard,1
cherished,1
opponents,1
ploy,1
distract,1
ha,1
modern,1
elegant,1
glitter,1
summer,1
shower,1
curtain,1
sale,1
sales,1
showerthoughts,1
showercurtain,1
bathroominspiration,1
bathroomdesign,1
bathroomdecor,1
homedecor,1
homedecorideas,1
homedecoration,1
bathroomsessions,1
abolished,1
environmental,1
abolishthegop,1
backgrounds,1
beginning,1
lousy,1
twofaced,1
chile,1
advanced,1
chamber,1
deputies,1
declared,1
urgent,1
terminando,1
grandes,1
juntas,1
si,1
se,1
pudo,1
shavas,1
sabor,1
gayparty,1
instagay,1
gayboy,1
gaylife,1
gaypride,1
gaymen,1
gayhot,1
gayclub,1
gaybar,1
gayman,1
gayguy,1
gaylove,1
loveislove,1
gayclubbin,1
otanda,1
tune,1
wed,1
broadcast,1
spin,1
roybal,1
experts,1
supplier,1
lineup,1
advertising,1
agencies,1
partners,1
complimentary,1
anamulti,1
anaafm,1
anadiversity,1
spoiler,1
sleuth,1
augur,1
johnventurini,1
ericroberts,1
surgeofpower,1
sequel,1
moviereview,1
indie,1
superhero,1
superherofilm,1
scifi,1
scififilm,1
comicbooks,1
dividing,1
subdivisions,1
convinced,1
unify,1
lgbalkenization,1
alberta,1
olds,1
omptransfobia,1
masawhannweoo,1
mandalay,1
brutally,1
tortured,1
myanmarmilitaryterrorists,1
tied,1
mask,1
stabbed,1
ankles,1
pounded,1
beaten,1
wire,1
sprinkle,1
encouraged,1
baptist,1
linked,1
proudly,1
attends,1
getbackoutthere,1
digital,1
premiering,1
soccer,1
association,1
joshcavallo,1
dudes,1
pin,1
halloweenkills,1
pedophile,1
charts,1
rife,1
chomos,1
records,1
blaming,1
sorrows,1
weakness,1
hiroshima,1
execs,1
gift,1
anyways,1
explode,1
bait,1
teased,1
queerbaiting,1
failings,1
hopeful,1
drloomis,1
undergo,1
hours,1
sensitivity,1
accusing,1
guardian,1
spice,1
evade,1
raye,1
rodriguez,1
hgs,1
computing,1
roux,1
chair,1
clinical,1
payroll,1
wealth,1
road,1
exemplifies,1
drop,1
sly,1
predator,1
actions,1
neurodivergent,1
pog,1
pinkie,1
pie,1
spanish,1
rapper,1
arkano,1
pfp,1
closet,1
superman,1
soars,1
heights,1
shitting,1
purely,1
roll,1
company,1
cater,1
fuckheads,1
names,1
genderfluid,1
loves,1
accepts,1
discriminatory,1
formed,1
enacted,1
banwhile,1
cherry,1
picked,1
yearbook,1
beloved,1
forward,1
neurologist,1
humility,1
fiancÃ©,1
canadian,1
isolation,1
growing,1
superjuniordne,1
mv,1
smtown,1
liberation,1
lifelong,1
pains,1
nigga,1
homelessdisabled,1
fed,1
self,1
bm,1
collective,1
bpm,1
dysfunctional,1
hobbies,1
bringing,1
regular,1
rhetorics,1
screaming,1
foundation,1
uneducated,1
karen,1
bieman,1
counselortherapist,1
divorce,1
forgiveness,1
infidelity,1
per,1
justify,1
democracy,1
normalizing,1
stupidity,1
fools,1
cliff,1
banana,1
peels,1
spends,1
quick,1
lgbtrace,1
respectfully,1
seek,1
asylum,1
approaches,1
democrats,1
ucr,1
siblings,1
insecurity,1
bodies,1
piece,1
paper,1
fag,1
allied,1
downlow,1
invested,1
powerrangers,1
blerd,1
blackandgay,1
update,1
haha,1
smallstreamers,1
independent,1
production,1
pansexual,1
consider,1
checking,1
nuts,1
lefthanded,1
chose,1
handedness,1
needing,1
conformadapt,1
righthanded,1
frustrating,1
jus,1
uber,1
uh,1
suppppeerr,1
relaxing,1
decide,1
streaming,1
streamer,1
illustrator,1
justchatting,1
contributes,1
realworld,1
hearing,1
statement,1
translives,1
choices,1
disobey,1
authority,1
lovers,1
mortal,1
hounded,1
ceo,1
core,1
nation,1
collapse,1
psychology,1
operations,1
clerk,1
counselingtransfer,1
categorically,1
funded,1
interim,1
early,1
laboratory,1
schoolschildren,1
centers,1
programmer,1
fiscal,1
career,1
tweety,1
enby,1
ik,1
pike,1
clothes,1
selected,1
readers,1
shot,1
wonders,1
judging,1
tumblr,1
shipping,1
masc,1
connects,1
clients,1
biggest,1
disconnect,1
involves,1
youths,1
representing,1
faiths,1
ire,1
lack,1
stones,1
dreher,1
paranoia,1
destructive,1
antimask,1
antivaxx,1
pastor,1
congregation,1
reinstalled,1
evangelical,1
churches,1
cos,1
lying,1
harassed,1
outlet,1
cover,1
showroom,1
openmic,1
endure,1
inhumanity,1
entitled,1
feelingsright,1
humor,1
educate,1
stigmas,1
instersexday,1
lgbtqhistory,1
lgbthistory,1
ctdn,1
conversiontherapydropout,1
organized,1
dangerous,1
cartels,1
nit,1
whova,1
leaderboard,1
joint,1
utilities,1
expo,1
cpucexpo,1
smallbusiness,1
diversebusiness,1
womenowned,1
minorityowned,1
dvbe,1
mbe,1
wbe,1
lgbtbe,1
lgbtbq,1
disabledveteranowned,1
write,1
womanman,1
hyphenate,1
smoosh,1
christianity,1
labels,1
divide,1
humanity,1
ai,1
labeling,1
reactionary,1
compliance,1
received,1
affirming,1
medical,1
providers,1
receive,1
impressed,1
restore,1
homophobia,1
eyeing,1
ptsd,1
ruthless,1
bff,1
secretly,1
similarly,1
em,1
illness,1
sabotaging,1
figurehead,1
unaware,1
hmmm,1
enterprising,1
loudoun,1
hid,1
buddies,1
smeared,1
garland,1
doj,1
math,1
letsgobrandon,1
figuring,1
pain,1
selective,1
centered,1
broke,1
proposition,1
address,1
piggybacks,1
antiblack,1
feminism,1
lgbtcommunity,1
lgbtqchildren,1
familytherapy,1
sandiegotherapist,1
familyconnectionstherapy,1
childtherapy,1
underrepresented,1
venture,1
capital,1
founders,1
beliefs,1
opposed,1
earning,1
demands,1
earn,1
helpful,1
portuguese,1
portugal,1
enjoyed,1
specials,1
annoying,1
situations,1
typically,1
joked,1
ranks,1
highly,1
expectations,1
secrets,1
sights,1
civilians,1
shutting,1
offer,1
erupt,1
reporter,1
necessity,1
edomex,1
insulting,1
singlevolume,1
manga,1
schooler,1
joins,1
instantly,1
falls,1
discretion,1
advised,1
healing,1
printdigital,1
namibia,1
citizenship,1
sets,1
precedent,1
moviei,1
selfs,1
benefited,1
perceived,1
whiteness,1
whistling,1
assholes,1
completely,1
unrelated,1
wave,1
intersexawarenessday,1
expand,1
culturally,1
loveless,1
reunite,1
recreate,1
cores,1
rekindles,1
neverexperienced,1
depth,1
celebrated,1
commemorate,1
boston,1
ryanstarzyk,1
rfaz,1
drryan,1
drstarzyk,1
lgbtqiaplus,1
lgbti,1
intersexday,1
cheers,1
beint,1
sun,1
sand,1
surf,1
werewolves,1
witches,1
frenemy,1
ill,1
breed,1
weaponsforhire,1
vow,1
ableists,1
digs,1
deep,1
unknowingly,1
sabotages,1
haunted,1
realizes,1
haunting,1
connected,1
kooky,1
perish,1
standing,1
inevitably,1
receiving,1
gendered,1
pssy,1
btch,1
ft,1
threats,1
contradict,1
eastman,1
longstanding,1
extremism,1
noted,1
bonus,1
damage,1
bipoc,1
southcounty,1
kevin,1
hart,1
played,1
dummy,1
sjws,1
cry,1
foul,1
carrying,1
mantle,1
prev,1
getgo,1
obsess,1
sees,1
destroyed,1
tg,1
trvestites,1
fabricated,1
tranzing,1
bvtch,1
forcing,1
declare,1
tr,1
tw,1
agp,1
libdem,1
hirer,1
anniversaries,1
continued,1
quest,1
oblivion,1
forgot,1
chilled,1
linktree,1
links,1
argonian,1
fatf,1
punishing,1
turkey,1
action,1
interior,1
minister,1
soylu,1
mutual,1
tips,1
fundraisercrowdfunding,1
accounts,1
bipo,1
local,1
international,1
og,1
hug,1
halls,1
central,1
progressive,1
kept,1
creature,1
deck,1
built,1
scratch,1
grab,1
surprised,1
expected,1
prepares,1
discussions,1
obstacles,1
outrage,1
foxnews,1
blast,1
gather,1
gi,1
colleagues,1
interwebs,1
diversityingi,1
vaxxednmasked,1
stopped,1
donations,1
patronized,1
chick,1
fil,1
overrated,1
decisions,1
relevant,1
dude,1
lay,1
relate,1
foolish,1
dissing,1
lots,1
inspire,1
unity,1
cosign,1
subculture,1
leftleaning,1
improvement,1
angry,1
punches,1
aa,1
maddening,1
shitbag,1
informed,1
screengot,1
yesterdaycan,1
againlol,1
fortnitemares,1
cia,1
hires,1
lolz,1
late,1
gaycouple,1
lasvegas,1
mob,1
nbc,1
evaluation,1
identifies,1
voiceover,1
circulation,1
itsa,1
distance,1
maestros,1
engineer,1
development,1
relations,1
athletic,1
trainer,1
phoenix,1
bistro,1
saturday,1
hang,1
phoenixpride,1
lgbtmusic,1
myangelbaby,1
nipples,1
shirt,1
vibes,1
ed,1
tangible,1
asians,1
hispanic,1
specially,1
foundational,1
causes,1
floods,1
minority,1
neighborhoods,1
accidentally,1
crashesalthough,1
supremacy,1
posttumblr,1
internet,1
thirst,1
sold,1
selfhelp,1
million,1
lbgtwelcoming,1
shelterpartnership,1
housingcrisis,1
endhomelessness,1
endpoverty,1
everyonein,1
understanding,1
recognition,1
expressions,1
acronym,1
improvesociety,1
socialactivism,1
anoushka,1
excited,1
journey,1
peersbut,1
landing,1
uncover,1
conspiracy,1
scientists,1
tipping,1
nasty,1
pushing,1
agendalike,1
fg,1
garras,1
fashion,1
fundraiser,1
fred,1
jason,1
halloweenie,1
expression,1
throughout,1
elton,1
john,1
travelin,1
remark,1
shouldnt,1
spot,1
officers,1
crips,1
bloods,1
ethnicities,1
satire,1
commentary,1
statesociety,1
grounded,1
basing,1
resonates,1
baked,1
legality,1
drugs,1
tropes,1
uma,1
botched,1
splits,1
delhi,1
schedules,1
hearings,1
diwali,1
dia,1
mourning,1
bardugo,1
usps,1
pragmatic,1
postwoman,1
capitalism,1
invasive,1
species,1
glowing,1
beetles,1
cowardly,1
demigod,1
delusion,1
spring,1
blurring,1
hunts,1
musician,1
boyfriend,1
searches,1
tyrants,1
slaughter,1
spell,1
five,1
resident,1
scarybut,1
grandparents,1
praising,1
adventist,1
academy,1
horribly,1
hides,1
minors,1
drinking,1
presentations,1
rallies,1
retail,1
consumers,1
psychographics,1
retailers,1
gtgtgtgtgtgtgtgtgtgtgtgtgtgtgtgtgtgtgtgtgtgtgtgtgtgtgtgtgtgtgtgtgtgtgtgtgtgtgtgtgtgtgtgtgtgtgtgtgt,1
rodney,1
wilson,1
missouri,1
teacher,1
evolved,1
gathered,1
rallied,1
dedicate,1
ist,1
nicht,1
forces,1
captain,1
breakup,1
blurs,1
navigate,1
crisis,1
grief,1
attractions,1
n,1
word,1
audacity,1
aztec,1
fxk,1
lgbtqiaa,1
freaks,1
diminished,1
tickets,1
theatre,1
population,1
views,1
tucker,1
carlson,1
tosh,1
pushes,1
boundaries,1
spoke,1
bound,1
stardust,1
tessa,1
creativity,1
forbidden,1
bands,1
planet,1
rulers,1
harvest,1
embarking,1
unexpectedly,1
primitivist,1
narrator,1
discovers,1
caught,1
scheme,1
divorced,1
split,1
experimental,1
firsthand,1
serve,1
explain,1
detail,1
negatively,1
affected,1
fyi,1
supreme,1
crack,1
edifice,1
surprise,1
biological,1
facts,1
contentious,1
ideas,1
punishable,1
ouch,1
effort,1
alter,1
rewrite,1
online,1
minds,1
prescription,1
sunglasses,1
costco,1
jump,1
identified,1
investment,1
step,1
tries,1
treats,1
cop,1
lasted,1
quitted,1
games,1
tumblrinaction,1
gamers,1
fxxx,1
females,1
subs,1
usbased,1
diwatakomiks,1
erica,1
mark,1
multigenerational,1
multicultural,1
femalefounded,1
filam,1
comiccreators,1
storytellers,1
representationmatters,1
sydney,1
museum,1
joshdelrosso,1
roccettes,1
funday,1
jimmyahall,1
degree,1
argued,1
litigants,1
rushing,1
ssm,1
extreme,1
rightward,1
obergefall,1
stripes,1
awards,1
launch,1
showcasing,1
businesses,1
states,1
damndest,1
opposite,1
direction,1
complaints,1
spouted,1
hillary,1
simi,1
lgbtqyouth,1
lgbtally,1
lgbtart,1
poster,1
infringing,1
altright,1
viewpoints,1
cons,1
twitchstreaming,1
smallstreamerconnect,1
fortnitebattleroyale,1
significant,1
terms,1
tolerant,1
infinitely,1
dropping,1
undeveloped,1
risking,1
difficult,1
incoming,1
morena,1
tamaulipas,1
longstalled,1
although,1
consultations,1
hardly,1
acknowledges,1
teaches,1
illogical,1
isouth,1
groupme,1
click,1
sample,1
sizes,1
lacked,1
control,1
knowledge,1
adjustment,1
representative,1
essential,1
controversies,1
cfa,1
lessons,1
stepped,1
controlling,1
canceling,1
rioted,1
defund,1
exploding,1
admin,1
pressuring,1
censoring,1
spoof,1
version,1
ellen,1
luca,1
enrico,1
casarosa,1
resonance,1
auds,1
sea,1
openness,1
physician,1
surrogacy,1
welcomes,1
intended,1
schedule,1
consultation,1
infertilitysamesexcouple,1
gayparentstobesurrogatemother,1
gestationalsurrogacy,1
colaboracion,1
xd,1
stays,1
bryan,1
fellow,1
viewers,1
bully,1
navigator,1
jonathan,1
willett,1
shares,1
vet,1
advocate,1
living,1
elders,1
endured,1
tctw,1
paid,1
verse,1
instant,1
release,1
knopler,1
apologized,1
scions,1
bigger,1
festival,1
platformed,1
objections,1
pulling,1
beginnings,1
sjsulibrary,1
sjsupride,1
sjsu,1
samus,1
super,1
suit,1
exudes,1
attractive,1
metroid,1
samusaran,1
metroiddread,1
woth,1
domino,1
pieces,1
announces,1
sexually,1
assaulted,1
hiding,1
burner,1
account,1
gamergater,1
origin,1
prejudice,1
reducing,1
shiba,1
inu,1
gayest,1
cryptocurrency,1
token,1
plan,1
suicide,1
prevention,1
charities,1
killer,1
stright,1
yellow,1
purplehe,1
lifetime,1
christmas,1
starring,1
lowndes,1
anautumnromance,1
weakens,1
rebuild,1
honestly,1
graphic,1
novel,1
mentally,1
preparing,1
experiencing,1
flirt,1
spamton,1
freaky,1
accounting,1
administrator,1
biochemistry,1
lecturer,1
mua,1
scorpio,1
collegelife,1
spookyszn,1
octoberfest,1
costumeideas,1
diadelosmuertos,1
fullerton,1
googled,1
substance,1
include,1
individual,1
counseling,1
alcoholismsubstanceabusementaldisorders,1
movements,1
strange,1
strikes,1
mandates,1
recall,1
longer,1
cent,1
prisoner,1
careful,1
jeremy,1
parenting,1
bro,1
conservatism,1
memo,1
whip,1
sentiment,1
podcasts,1
boosie,1
topics,1
accusations,1
appears,1
feels,1
column,1
followup,1
uhis,1
badly,1
worded,1
ral,1
demonize,1
rainbows,1
covers,1
rapey,1
peru,1
presented,1
controlled,1
rightwing,1
socialist,1
aids,1
legal,1
hector,1
carlos,1
role,1
north,1
fomenting,1
introducing,1
zigzag,1
empowered,1
held,1
fourth,1
thursday,1
meetings,1
occur,1
visit,1
newlyappointed,1
briefly,1
worked,1
challenge,1
results,1
pennsylvania,1
lawmaker,1
argues,1
illegal,1
sandwich,1
welp,1
infamous,1
spy,1
revoice,1
tonedeaf,1
upsetting,1
caseworker,1
fired,1
endanger,1
hiv,1
patients,1
prepanel,1
panel,1
exclusively,1
et,1
tenure,1
followed,1
relatively,1
prolgbtq,1
obama,1
presidency,1
possibility,1
removing,1
gained,1
damaging,1
mr,1
air,1
daburad,1
eidaladha,1
scull,1
cap,1
holly,1
quran,1
wishing,1
eidmubarak,1
hindu,1
b,1
williams,1
ucla,1
estimated,1
aian,1
rates,1
concerns,1
delayed,1
displayed,1
perverted,1
hrt,1
existed,1
exposure,1
crossdressing,1
thankful,1
shoot,1
lgbtquia,1
canceldavechappelle,1
wits,1
unarmed,1
antivaccine,1
favorite,1
son,1
gratitude,1
actorslife,1
filmmaking,1
handsome,1
shorts,1
shortfilms,1
goodmorning,1
heshelgbt,1
jail,1
memorize,1
alphabet,1
fentanyl,1
opioid,1
addiction,1
crystal,1
meth,1
bath,1
salts,1
cognitive,1
decline,1
preorder,1
copy,1
blink,1
plue,1
colorful,1
celebrates,1
kidlit,1
childrensbooks,1
childrensbookstagram,1
pbkids,1
blinkplueandcolorfulyou,1
wokes,1
dilemna,1
fairness,1
bleach,1
percentage,1
sensitive,1
stigmafree,1
favoriteson,1
shortfilm,1
bipolar,1
lgbtchildrensbooks,1
coincidence,1
butt,1
touches,1
oi,1
aces,1
excluded,1
icons,1
qpoc,1
pissed,1
sohil,1
uncle,1
nemo,1
endowed,1
brains,1
brawn,1
specimen,1
wcpo,1
headless,1
horseman,1
kay,1
starr,1
frightfully,1
album,1
unfortunately,1
strat,1
rihanna,1
virtually,1
thurs,1
induction,1
ceremony,1
livestreamed,1
thecentersd,1
facebook,1
rowling,1
witchy,1
fudging,1
undertake,1
hondurans,1
monster,1
mash,1
ghostbusters,1
oingo,1
bongo,1
street,1
dj,1
jazzy,1
jeff,1
prince,1
mj,1
somebody,1
rockwell,1
warp,1
boogie,1
kc,1
sunshine,1
maniac,1
sembello,1
potion,1
searchers,1
demon,1
screamin,1
jay,1
hawkins,1
werewolf,1
frantics,1
dusty,1
springfield,1
julie,1
driscoll,1
hungry,1
dinosaur,1
blinded,1
sour,1
candy,1
mix,1
dropbox,1
download,1
temporary,1
mixcoud,1
archive,1
housemusic,1
clubmix,1
hermosabeach,1
manhattanbeach,1
redondobeach,1
dancemusic,1
torrance,1
hearts,1
hotel,1
rooms,1
prompt,1
livestream,1
hii,1
nursingallied,1
parking,1
logistical,1
membership,1
kazu,1
technician,1
coordinator,1
flea,1
asst,1
prof,1
analytical,1
instrumental,1
motha,1
reach,1
vyepti,1
dointoomuch,1
zero,1
tolerance,1
satan,1
encourage,1
cuz,1
gqp,1
affiliation,1
thinks,1
beneath,1
oy,1
works,1
hyunjins,1
purchasing,1
latinas,1
booty,1
titties,1
hoeaphobe,1
allot,1
nervous,1
ruins,1
aspect,1
panicking,1
ability,1
participate,1
bothersome,1
policy,1
wear,1
metalheads,1
stereotypes,1
cheap,1
laughs,1
fitting,1
fits,1
drove,1
sleep,1
psychological,1
masculine,1
lgbtdocss,1
otedsummit,1
juggernaut,1
universities,1
embrace,1
hook,1
sinker,1
corporations,1
insightful,1
indigenoushealth,1
fam,1
bam,1
train,1
charity,1
raise,1
funds,1
trevor,1
meaning,1
officially,1
matrimonioigualitariosonora,1
manchin,1
leaving,1
households,1
dm,1
reminds,1
ah,1
sexualities,1
gunna,1
hashtag,1
visible,1
option,1
opinion,1
totally,1
ridiculous,1
chatted,1
surveys,1
frequently,1
collect,1
sogi,1
analyses,1
probability,1
matters,1
transhealthcare,1
dababy,1
plight,1
plights,1
futile,1
previewing,1
chiefstitans,1
nfl,1
weigh,1
gona,1
handled,1
bbb,1
ears,1
kath,1
tapastry,1
anglos,1
warfare,1
tradition,1
atheists,1
missionize,1
brainwash,1
delusions,1
stories,1
nonanglo,1
marginalization,1
talked,1
yonder,1
bobby,1
heptig,1
thankfully,1
bans,1
proposed,1
bajacalifornia,1
jalisco,1
puebla,1
guanajuato,1
ecosig,1
