singapore,191
india,168
singaporeans,163
people,151
even,134
say,128
work,126
come,118
like,117
one,111
many,100
also,94
us,93
want,92
pap,88
get,87
jobs,87
know,87
agreement,83
need,81
see,81
think,78
ep,74
mom,74
still,72
indians,70
indian,66
sg,66
go,65
well,63
good,62
job,61
said,58
s,55
way,53
time,53
much,52
already,51
right,50
country,50
got,48
ask,47
pass,47
back,46
â,46
let,46
problem,45
bring,45
really,44
point,44
govt,43
must,43
singaporean,43
cannot,43
ftas,43
movement,41
psp,41
give,40
government,40
take,40
issue,40
entry,40
make,39
unconditional,39
trade,38
years,37
better,37
workers,37
believe,37
data,36
ict,36
fuck,35
free,35
countries,34
companies,34
nothing,34
foreigners,34
low,33
company,33
understand,33
numbers,33
never,33
put,32
means,32
always,32
etc,32
public,32
first,31
locals,31
read,31
world,31
fta,31
fake,30
tell,30
debate,30
south,30
conditions,30
minister,30
coming,29
employment,29
dont,28
salary,28
instead,28
yes,28
whether,28
germany,27
maybe,27
allow,27
big,26
saying,26
would,26
policy,26
mean,26
anything,26
number,26
since,26
without,26
another,25
opposition,25
things,25
thing,25
question,25
parliament,24
enough,24
wrong,24
ong,24
long,24
use,24
citizens,24
oyk,24
working,23
foreign,23
hiring,23
trying,23
last,23
business,23
show,23
explain,23
open,23
high,22
hire,22
others,22
please,22
bad,22
something,22
whole,22
sure,22
clause,22
icts,22
every,21
fact,21
experience,21
village,21
apply,21
party,21
cbp,21
nationality,21
holders,21
trust,21
less,20
lol,20
agree,20
lot,20
hard,20
case,20
matter,20
immigration,20
focus,20
concern,20
guys,19
phd,19
white,19
least,19
services,19
criteria,19
real,19
getting,19
economic,19
u,19
asian,19
manpower,19
mr,19
statement,19
condition,19
happy,18
fucking,18
rather,18
true,18
look,18
new,18
mother,18
keep,18
talk,18
end,18
going,18
fair,18
part,18
given,18
best,17
around,17
could,17
chinese,17
post,17
prove,17
try,17
fault,17
nationals,17
complain,17
natural,17
thats,17
qualified,16
qualifications,16
may,16
actually,16
help,16
local,16
year,16
pr,16
answer,16
far,16
racist,16
level,16
talking,16
everyone,16
talents,16
permit,16
system,16
access,16
stop,16
policies,16
made,16
questions,16
persons,16
fcf,16
using,15
easier,15
passes,15
social,15
shows,15
covid,15
mbfc,15
professionals,15
proof,15
china,15
benefits,15
suit,15
easy,15
flow,15
fts,15
day,15
side,15
uni,15
requirements,15
certain,15
tech,15
restrict,15
figures,15
family,14
donâ,14
paid,14
pmet,14
useless,14
ft,14
hate,14
signed,14
facts,14
example,14
reason,14
live,14
million,14
words,14
set,14
itâ,14
continue,14
workforce,14
place,14
control,14
eyes,14
shit,14
information,14
degree,13
hope,13
able,13
support,13
normal,13
wp,13
ownself,13
education,13
benefit,13
lack,13
change,13
call,13
issues,13
everything,13
claim,13
park,13
common,13
paper,13
ye,13
kung,13
unconditionally,13
ministerial,13
tan,13
chapter,13
blame,13
discrimination,13
concerns,13
makes,12
care,12
admit,12
treaty,12
minimum,12
pay,12
telling,12
win,12
says,12
ah,12
course,12
away,12
start,12
uptron,12
ramesh,12
nobody,12
vote,12
via,12
race,12
terms,12
ica,12
miw,12
pressure,12
pm,12
ground,12
unnecessary,12
misrepresentation,12
earn,11
truth,11
stay,11
become,11
news,11
old,11
degrees,11
yet,11
move,11
wonder,11
name,11
play,11
man,11
hence,11
clear,11
evidence,11
living,11
difference,11
due,11
worse,11
skills,11
small,11
called,11
main,11
view,11
interpretation,11
wait,11
general,11
enter,11
comprehensive,11
tuesday,11
feel,11
problems,11
full,10
ok,10
certs,10
english,10
especially,10
sector,10
deal,10
kind,10
someone,10
families,10
bullshit,10
easily,10
roles,10
taken,10
friends,10
grab,10
comes,10
wont,10
yeah,10
money,10
import,10
caste,10
nationalities,10
hand,10
earlier,10
calling,10
today,10
home,10
otherwise,10
industry,10
affects,10
stats,10
however,10
sign,10
position,10
obviously,10
solve,10
quota,10
article,10
approved,10
ministers,10
address,10
temporary,10
agreed,10
san,10
jose,10
rate,10
lies,10
lee,10
die,9
quite,9
media,9
guy,9
else,9
anyone,9
little,9
edmw,9
study,9
worked,9
snakes,9
life,9
alot,9
canâ,9
brought,9
large,9
two,9
construction,9
racism,9
pmets,9
mods,9
black,9
practices,9
ib,9
accept,9
word,9
correct,9
interested,9
times,9
perhaps,9
mp,9
claimed,9
decide,9
employers,9
simply,9
cause,9
sectors,9
including,9
find,9
top,9
group,9
future,9
wants,9
person,9
visa,9
fill,9
done,9
hide,9
professions,9
across,9
chinamen,9
ever,9
sigh,9
national,9
different,9
claims,9
modi,9
approval,9
allowed,9
measures,9
economy,9
state,9
created,9
diplomatic,9
firm,9
route,9
zone,9
caused,9
speak,8
salaries,8
heard,8
standard,8
month,8
limit,8
heng,8
send,8
leh,8
chance,8
next,8
dr,8
gave,8
areas,8
run,8
argument,8
breakdown,8
lt,8
contrary,8
leong,8
figure,8
except,8
works,8
employ,8
mentioned,8
provide,8
dependents,8
making,8
guess,8
liao,8
past,8
market,8
personal,8
till,8
beneficial,8
love,8
left,8
population,8
seen,8
rest,8
simple,8
behind,8
sense,8
ministry,8
term,8
ability,8
cooperation,8
pmes,8
agreements,8
didnt,8
total,8
election,8
according,8
framework,8
global,8
influx,8
seems,8
increase,8
per,8
current,8
stupid,8
red,7
demand,7
food,7
dare,7
hr,7
higher,7
qualifying,7
raised,7
usa,7
thousands,7
account,7
cheaper,7
majority,7
cos,7
ensure,7
assume,7
lower,7
suck,7
exactly,7
hell,7
condo,7
entire,7
vs,7
anyway,7
lose,7
together,7
traitors,7
quote,7
face,7
situation,7
looking,7
ones,7
sorry,7
push,7
second,7
list,7
towards,7
based,7
professional,7
discriminatory,7
statements,7
investments,7
recent,7
available,7
unless,7
fire,7
affected,7
approve,7
uk,7
knowledge,7
visas,7
clauses,7
check,7
willing,7
japan,7
allowing,7
competition,7
transparency,7
cock,7
finance,7
international,7
came,7
reject,7
tea,7
transfer,7
half,7
millions,7
excuse,7
managers,7
permanent,7
prs,7
implies,7
ways,7
subject,7
leng,7
meet,7
noted,7
consideration,7
dependants,7
management,7
choose,7
reveal,7
statistics,7
mouth,7
create,7
wto,7
needs,7
governmentt,7
discriminated,7
happiest,7
minds,7
accused,7
oh,7
political,7
necessary,7
ie,7
effect,7
virus,7
single,6
earning,6
cant,6
german,6
boss,6
opportunities,6
possible,6
buy,6
self,6
citizenship,6
forward,6
recently,6
consider,6
replaced,6
b,6
fb,6
told,6
employed,6
reply,6
application,6
chennai,6
lost,6
compare,6
thinking,6
jhks,6
whose,6
malaysians,6
bunch,6
complaining,6
huge,6
wrote,6
details,6
aware,6
fine,6
speech,6
flooded,6
almost,6
likely,6
months,6
dumb,6
unfair,6
cover,6
banned,6
report,6
nation,6
overseas,6
found,6
attack,6
bother,6
impact,6
society,6
later,6
anyhow,6
entitled,6
expect,6
points,6
changi,6
knows,6
learn,6
happens,6
happen,6
goes,6
human,6
eg,6
pocket,6
paying,6
talent,6
singaporeâ,6
thought,6
research,6
service,6
regulate,6
health,6
clearly,6
tharman,6
transferees,6
basis,6
relevant,6
dependant,6
levy,6
sensitive,6
either,6
investment,6
thank,6
putting,6
related,6
allows,6
enclaves,6
highlighted,6
increased,6
valid,6
software,6
understood,6
nonindians,6
favored,6
lawsuit,6
alleged,6
explained,6
provided,6
quality,6
totally,6
asked,6
difficult,6
sulzberg,6
method,6
pinky,6
wow,5
snake,5
okay,5
masters,5
cert,5
type,5
trash,5
nus,5
c,5
candidates,5
institutions,5
experienced,5
applications,5
financial,5
eps,5
england,5
green,5
dollars,5
act,5
peasants,5
defend,5
dubious,5
standards,5
thanks,5
la,5
unlike,5
whatlar,5
voted,5
jhk,5
engineer,5
outside,5
idea,5
hsk,5
replace,5
often,5
highly,5
lots,5
eating,5
bs,5
cushy,5
happened,5
typical,5
result,5
land,5
waste,5
specifically,5
doubt,5
ready,5
gdp,5
edmwers,5
ibs,5
reality,5
used,5
argue,5
area,5
particular,5
thus,5
banking,5
pushing,5
topic,5
hub,5
lim,5
honest,5
various,5
jobless,5
giving,5
shut,5
avoid,5
wonâ,5
gone,5
taking,5
labour,5
property,5
senior,5
build,5
regarding,5
whatchlist,5
directly,5
definition,5
fellow,5
playing,5
line,5
days,5
complained,5
remember,5
british,5
medicine,5
failed,5
spass,5
break,5
students,5
happening,5
picture,5
gain,5
misunderstanding,5
previous,5
executives,5
progress,5
impose,5
facebook,5
goods,5
rejected,5
added,5
granted,5
herring,5
usual,5
ivory,5
myth,5
refer,5
order,5
among,5
korea,5
lets,5
conditional,5
forever,5
release,5
bank,5
probably,5
defined,5
stated,5
discriminate,5
workplace,5
treatment,5
visitor,5
mistake,5
culture,5
air,5
mainly,5
limitsquota,5
response,5
authorities,5
encourage,5
third,5
manner,5
might,5
conclusion,5
lie,5
private,5
needed,5
hear,5
commitments,5
toilet,5
allegations,5
explanation,5
following,5
overall,5
led,5
imagine,5
rise,5
asking,5
sales,5
meeting,5
cornelius,5
son,5
protecting,5
delta,5
gov,5
misrepresentations,5
lives,5
yrs,5
lesser,4
compared,4
survive,4
pattern,4
bto,4
everyday,4
meant,4
received,4
straight,4
period,4
ccs,4
employer,4
sgd,4
older,4
graduates,4
applicants,4
jealous,4
negative,4
opinion,4
born,4
rich,4
housing,4
joke,4
posted,4
worth,4
cry,4
definitely,4
amount,4
aside,4
head,4
though,4
thousand,4
road,4
lunch,4
court,4
strong,4
office,4
bit,4
fws,4
seeing,4
ordinary,4
selling,4
fw,4
mass,4
became,4
seriously,4
slowly,4
serious,4
waiting,4
fight,4
mps,4
pritam,4
equal,4
excuses,4
comments,4
cheap,4
longer,4
blind,4
attitude,4
reported,4
specific,4
expats,4
peoples,4
action,4
unhappy,4
prime,4
size,4
legal,4
turn,4
members,4
tean,4
transparent,4
price,4
australia,4
skill,4
sets,4
role,4
promote,4
fly,4
practice,4
agents,4
parties,4
contention,4
limits,4
unlimited,4
importing,4
guarantee,4
lead,4
negotiations,4
secure,4
cost,4
myanmar,4
colleagues,4
thin,4
interest,4
suddenly,4
four,4
doctors,4
short,4
ago,4
none,4
mind,4
losing,4
balance,4
despite,4
extent,4
laugh,4
universities,4
lacking,4
billions,4
stuck,4
six,4
dollar,4
fully,4
although,4
previously,4
unaccredited,4
funny,4
rice,4
rights,4
house,4
july,4
pact,4
stressed,4
law,4
flip,4
lying,4
letting,4
apeopleies,4
concentration,4
direct,4
tower,4
five,4
unfettered,4
advertise,4
requires,4
shall,4
staying,4
separate,4
growth,4
straitstimescom,4
faith,4
whatever,4
grant,4
refuse,4
load,4
key,4
drive,4
domestic,4
besides,4
rubbish,4
lhl,4
gst,4
helped,4
loves,4
bar,4
spread,4
moment,4
facilitate,4
challenge,4
barriers,4
final,4
border,4
review,4
hold,4
designed,4
supposedly,4
applying,4
perception,4
understanding,4
headquarters,4
ranks,4
started,4
west,4
liars,4
heart,4
unquote,4
ceo,4
lax,4
sake,4
rule,4
leg,4
wide,4
apeopleied,4
tsl,4
hopefully,4
setup,4
friend,4
drivers,4
verify,4
grc,4
singh,4
grow,4
leave,4
seem,4
interests,4
conclude,4
explaining,4
took,4
member,4
aim,4
properly,4
feels,4
airways,4
approving,4
ms,4
explanations,4
asians,4
hierarchy,4
fixing,4
scold,4
spoken,4
privileged,4
misrepresented,4
raise,4
hougang,4
soft,4
sch,4
flag,3
plenty,3
sell,3
legit,3
eat,3
hindi,3
website,3
pofma,3
invaded,3
pull,3
wages,3
opportunity,3
truly,3
requirement,3
qualify,3
print,3
suspect,3
immigrants,3
offer,3
damn,3
actual,3
proud,3
ns,3
hahaha,3
smart,3
existence,3
selfish,3
fresh,3
approves,3
incident,3
university,3
hole,3
certificates,3
scope,3
technology,3
bringing,3
soon,3
malaysia,3
shitty,3
therefore,3
follow,3
ses,3
plus,3
impression,3
covered,3
ban,3
mod,3
delusional,3
obvious,3
mere,3
denials,3
heck,3
bloody,3
exposed,3
certainly,3
presumptuous,3
drink,3
cow,3
urine,3
supported,3
blue,3
voters,3
deserve,3
solely,3
invest,3
everywhere,3
ignore,3
mess,3
lor,3
mun,3
wai,3
defending,3
forum,3
horrible,3
stand,3
sentence,3
training,3
epsp,3
sit,3
parents,3
parts,3
transfers,3
arrogant,3
spotted,3
saw,3
women,3
suppose,3
silicon,3
agencies,3
ps,3
thread,3
target,3
master,3
hatred,3
running,3
looks,3
visit,3
indirectly,3
citizen,3
event,3
hired,3
accounts,3
thatâ,3
skilled,3
respond,3
barking,3
security,3
neither,3
internet,3
msm,3
proper,3
issued,3
loophole,3
deny,3
operations,3
expand,3
force,3
positions,3
placed,3
subsequently,3
round,3
routes,3
reverse,3
repeat,3
misread,3
generation,3
ahead,3
produce,3
businesses,3
process,3
faster,3
dirty,3
effects,3
presence,3
felt,3
sometimes,3
disagree,3
posts,3
accounting,3
vast,3
scholars,3
groups,3
achieve,3
pure,3
loto,3
test,3
form,3
spoke,3
charge,3
employee,3
deep,3
root,3
decade,3
decision,3
prevent,3
hearsay,3
dragon,3
caught,3
title,3
engineers,3
staff,3
indiasingapore,3
affairs,3
important,3
spore,3
met,3
language,3
jul,3
hearing,3
intracompany,3
freely,3
creates,3
paragraph,3
bootlicking,3
intracorporate,3
prevailing,3
employees,3
residency,3
gives,3
explicitly,3
holder,3
wish,3
listed,3
annex,3
teach,3
truths,3
delivery,3
foreigner,3
hands,3
section,3
spouses,3
recruitment,3
agent,3
hot,3
nonindian,3
discriminating,3
enjoy,3
fundamental,3
inflow,3
confusing,3
misconception,3
matters,3
special,3
borders,3
supposed,3
closed,3
complaint,3
invested,3
singtel,3
married,3
net,3
cent,3
fucked,3
somewhat,3
glad,3
opening,3
incentive,3
cultural,3
meaning,3
individual,3
admitted,3
patrick,3
tay,3
close,3
strawman,3
worried,3
restricts,3
demands,3
quoted,3
false,3
percent,3
violation,3
within,3
individuals,3
kick,3
wife,3
smoke,3
restrictions,3
pussy,3
sleep,3
night,3
elite,3
walk,3
daily,3
betraying,3
father,3
throw,3
answers,3
mycareerfuture,3
sp,3
trick,3
collapse,3
abolish,3
loc,3
clarification,3
rules,3
choice,3
critical,3
item,3
front,3
articles,3
write,3
imported,3
week,3
gross,3
legs,3
realise,3
benefited,3
clarify,3
survival,3
spreading,3
spot,3
written,3
drop,3
cool,3
indiaâ,3
takeover,3
systemic,3
intervention,3
moving,3
globalization,3
laws,3
branch,3
visitors,3
encouraged,3
tune,3
continues,3
karma,3
disadvantages,3
cases,3
stopping,3
classified,3
development,3
programming,3
code,3
worst,3
inside,3
incompetent,3
airport,3
attend,3
questioning,3
questioned,3
leaders,3
performance,3
worry,3
trump,3
god,3
table,3
dancing,3
wanted,3
nature,3
dinner,3
manager,3
convince,3
contribute,3
clean,3
comment,3
variant,3
karnal,3
official,3
vaccinated,3
carpet,3
age,3
baseless,3
silence,3
traitor,3
clown,3
share,3
yesterday,3
pappies,3
votes,3
causing,3
presented,3
solution,3
ï¼,3
bone,3
japanese,3
president,3
seeker,3
preventing,2
expensive,2
meh,2
bus,2
affordable,2
meanwhile,2
hawker,2
community,2
protection,2
cv,2
core,2
deeply,2
nonsense,2
engineering,2
doubled,2
x,2
younger,2
double,2
k,2
powerful,2
messages,2
rupees,2
rape,2
dogs,2
cows,2
privilege,2
fat,2
supporting,2
depend,2
claiming,2
income,2
costs,2
abit,2
huh,2
studied,2
squeeze,2
median,2
department,2
quickly,2
bro,2
bread,2
certifications,2
enjoying,2
moe,2
becoming,2
thinks,2
epass,2
investigation,2
crap,2
abt,2
delhi,2
flood,2
apeoplees,2
spent,2
indeed,2
retirement,2
scheme,2
chee,2
threads,2
hang,2
negotiate,2
sided,2
worship,2
suffering,2
camping,2
hundred,2
mala,2
notices,2
skin,2
colour,2
sold,2
dorm,2
losers,2
yelling,2
chart,2
produced,2
cai,2
png,2
pinoys,2
gonna,2
tick,2
occupations,2
logic,2
dream,2
complete,2
boys,2
fella,2
stir,2
arrested,2
collar,2
naive,2
history,2
disappear,2
sees,2
class,2
classic,2
gang,2
bend,2
wise,2
package,2
safe,2
lousy,2
tried,2
repeating,2
present,2
differentiate,2
hundreds,2
building,2
educated,2
tfr,2
jump,2
quit,2
tend,2
wfh,2
intra,2
corporate,2
dependent,2
multiply,2
underestimated,2
bigger,2
hates,2
prc,2
valley,2
oblige,2
glcs,2
turning,2
blatant,2
multiversal,2
hating,2
throwing,2
discussing,2
courts,2
turned,2
migrant,2
brothers,2
sisters,2
suggest,2
surplus,2
refugees,2
fyi,2
american,2
objective,2
google,2
showed,2
redacted,2
populationâ,2
fear,2
trouble,2
anger,2
lar,2
denying,2
specified,2
attach,2
ops,2
arrangement,2
prnew,2
online,2
reconsider,2
affect,2
adversely,2
becomes,2
tree,2
permits,2
correlation,2
sack,2
heads,2
pc,2
hardware,2
technician,2
discuss,2
disrupted,2
engage,2
focusing,2
canada,2
declare,2
jail,2
argued,2
upon,2
villages,2
sooner,2
europe,2
skillset,2
relax,2
dispute,2
switch,2
perform,2
graduate,2
recruit,2
america,2
taiwan,2
recruiting,2
foriegn,2
hires,2
held,2
war,2
pick,2
whereas,2
personally,2
condos,2
concerned,2
latest,2
seemingly,2
quotas,2
problematic,2
multiple,2
major,2
add,2
ambiguity,2
settled,2
save,2
tactic,2
abolished,2
lump,2
went,2
agenda,2
knowing,2
ntu,2
sacrifice,2
grand,2
profit,2
regardless,2
politics,2
imh,2
lmw,2
landed,2
profile,2
factories,2
credibility,2
nurses,2
sengkang,2
mostly,2
draw,2
larger,2
greater,2
friction,2
swiss,2
highest,2
count,2
asia,2
behavior,2
precovid,2
adding,2
technical,2
early,2
polytechnic,2
accreditation,2
studies,2
handle,2
rein,2
usually,2
fingers,2
mix,2
disproportionate,2
banks,2
educational,2
wake,2
walkways,2
privately,2
wall,2
filled,2
promise,2
customers,2
tiger,2
deliver,2
researcher,2
terminated,2
dear,2
bound,2
length,2
bluff,2
bowl,2
user,2
falsehoods,2
highlight,2
shanmugam,2
file,2
sitting,2
relate,2
holding,2
somemore,2
peopleâ,2
surrender,2
offending,2
confused,2
nothingâ,2
pictures,2
corresponding,2
cross,2
mill,2
considered,2
somehow,2
network,2
literally,2
blank,2
magic,2
firms,2
dpm,2
strongest,2
advocates,2
idiots,2
deputy,2
chief,2
negotiator,2
debunked,2
misconceptions,2
quarters,2
myths,2
obliges,2
consistently,2
portal,2
parent,2
eight,2
states,2
category,2
partnership,2
contains,2
appendix,2
ranging,2
computer,2
consulting,2
provision,2
yoga,2
cuisine,2
classical,2
music,2
dance,2
composition,2
supeopley,2
origin,2
imports,2
faked,2
accusing,2
analogy,2
doesnâ,2
spouse,2
ltvp,2
changed,2
tricks,2
explosion,2
included,2
races,2
sucking,2
statistic,2
guessing,2
affecting,2
territory,2
f,2
iii,2
managing,2
properties,2
pawn,2
entering,2
traffic,2
btw,2
stuff,2
brightwork,2
analysis,2
demonstrated,2
villager,2
manipulation,2
era,2
sda,2
ambassadors,2
increasing,2
greatest,2
search,2
restricted,2
survey,2
mention,2
eligible,2
vouchers,2
nowhere,2
meaningless,2
peddle,2
alone,2
heading,2
risk,2
reminds,2
spam,2
pros,2
airtel,2
results,2
dbs,2
biggest,2
non,2
eye,2
image,2
reasons,2
aswhatlate,2
wpspep,2
views,2
places,2
markets,2
bollocks,2
regard,2
restricting,2
exist,2
uncommon,2
abuse,2
advantage,2
loopholes,2
binding,2
treaties,2
seek,2
reducing,2
stating,2
unquoted,2
shift,2
agrees,2
governments,2
holds,2
controls,2
wrongly,2
feeling,2
favourable,2
page,2
ent,2
owner,2
pretty,2
correctly,2
mislead,2
expected,2
orders,2
immune,2
relied,2
nc,2
marry,2
firmâ,2
countryâ,2
cloud,2
stories,2
revealed,2
loose,2
resulted,2
percentage,2
confirm,2
integrity,2
fulfilled,2
reports,2
til,2
incoming,2
block,2
path,2
forget,2
debating,2
linked,2
ya,2
interpret,2
responsible,2
haunt,2
experiences,2
converted,2
extra,2
imo,2
displaced,2
investigate,2
jlb,2
kinds,2
reserve,2
linkedin,2
board,2
smokebomb,2
smoking,2
heaven,2
versus,2
significant,2
divert,2
sftas,2
nullify,2
impair,2
accruing,2
daft,2
link,2
rd,2
ave,2
silent,2
nosy,2
chop,2
sliced,2
kids,2
facing,2
mothership,2
staffs,2
organisation,2
rush,2
theory,2
basically,2
dismissed,2
arguement,2
speaking,2
ensuring,2
sing,2
police,2
wholeheartedly,2
retire,2
cares,2
sleeping,2
bed,2
livelihood,2
summary,2
sdp,2
datas,2
logical,2
whoever,2
relies,2
portfolio,2
challenges,2
supports,2
contributed,2
arguments,2
fucker,2
courses,2
graduated,2
date,2
filthy,2
swines,2
serve,2
limited,2
resources,2
men,2
cancer,2
relatively,2
bare,2
enforcement,2
ftass,2
success,2
regards,2
oppositions,2
unique,2
select,2
itfinancial,2
powerhouse,2
anecdotal,2
established,2
documented,2
necessitated,2
publicadministrative,2
developing,2
propose,2
intent,2
liberalize,2
notice,2
fairly,2
define,2
task,2
effort,2
mistakes,2
essential,2
categories,2
host,2
protect,2
renew,2
showing,2
respect,2
note,2
request,2
cycle,2
lecture,2
strike,2
vital,2
poorly,2
several,2
source,2
signing,2
unfit,2
tier,2
colleges,2
wright,2
efficient,2
improve,2
pointing,2
calls,2
accountability,2
elected,2
hit,2
spends,2
annual,2
lazy,2
glitch,2
utter,2
flights,2
secret,2
exchange,2
clarifications,2
offices,2
nonsouth,2
didnâ,2
cutting,2
executive,2
angry,2
light,2
choosing,2
hardcore,2
possibly,2
moot,2
justify,2
shed,2
shared,2
judge,2
achievement,2
message,2
luck,2
decades,2
riots,2
maria,2
addressing,2
transferee,2
characteristics,2
chan,2
bloomberg,2
legacy,2
prompted,2
client,2
integrate,2
clients,2
changes,2
behaviour,2
eloquently,2
along,2
blur,2
stage,2
unhappiness,2
body,2
travel,2
lucky,2
loads,2
temp,2
supplier,2
machine,2
reasonable,2
expert,2
recognised,2
ears,2
birth,2
built,2
campaign,2
billion,2
reputable,2
wider,2
crazy,2
missing,2
imposed,2
protest,2
fix,2
backyard,2
peoplee,2
vaccine,2
door,2
bat,2
wave,2
fussy,2
covaxin,2
hsien,2
loong,2
anxious,2
misinformation,2
record,2
reside,2
importantly,2
acceptable,2
dad,2
intention,2
prepare,2
stepped,2
misrepresentationâ,2
rising,2
basic,2
sop,2
representation,2
ge,2
prata,2
secrets,2
lky,2
original,2
anymore,2
leader,2
sycophants,2
wording,2
prefer,2
raising,2
accountable,2
citizenships,2
weak,2
stayed,2
missed,2
average,2
balls,2
beautiful,2
jo,2
teo,2
trip,2
blaming,2
remedy,2
transparently,2
yeo,2
sweep,2
hiding,2
unconvincing,2
replies,2
implementations,2
circles,2
workpass,2
embrace,2
racial,2
ethnic,2
blanket,2
hdb,2
shoot,2
treating,2
unqualified,2
mo,2
step,2
dip,2
fish,2
cheapo,2
xi,2
spr,2
decisions,2
story,2
parliamentary,2
gun,2
mot,2
ramlesh,1
heshe,1
spicy,1
transportation,1
mrt,1
exp,1
encouraging,1
bachelor,1
tough,1
stayiing,1
prents,1
anywhere,1
curry,1
reach,1
secondly,1
endure,1
thriving,1
slap,1
lf,1
auto,1
confer,1
bought,1
fluently,1
corrupted,1
printed,1
professor,1
apeopleicant,1
revised,1
copied,1
young,1
september,1
december,1
correspondingly,1
remain,1
youngest,1
renewing,1
expiring,1
harvard,1
roadside,1
store,1
lessâ,1
goats,1
sheepâ,1
limitation,1
aka,1
cards,1
danger,1
toddlers,1
girls,1
ten,1
trashes,1
locally,1
expectations,1
socially,1
awkward,1
loser,1
bully,1
revolting,1
humans,1
talented,1
gg,1
transport,1
afford,1
allowance,1
slavery,1
odds,1
stacked,1
themself,1
eu,1
eur,1
hehehe,1
banker,1
awe,1
aura,1
bright,1
networth,1
hmmm,1
deserving,1
eng,1
germans,1
lathey,1
alreadythere,1
internal,1
competitionthey,1
threatening,1
le,1
asshole,1
backindia,1
great,1
fumbly,1
boycott,1
zyx,1
resume,1
reveresed,1
nice,1
offered,1
bond,1
tt,1
banglah,1
crumbs,1
studying,1
singporeans,1
discouraging,1
pinoy,1
sibei,1
snatch,1
driving,1
delivering,1
hawkers,1
phds,1
depressing,1
rubberstamping,1
exercise,1
toes,1
bum,1
germani,1
sucky,1
taught,1
hv,1
notâ,1
prospect,1
plane,1
design,1
realworld,1
superpower,1
advance,1
assuming,1
rental,1
depending,1
location,1
medical,1
coverage,1
packages,1
dependsif,1
juan,1
vivan,1
balakrisnan,1
flags,1
windows,1
japs,1
lop,1
ventures,1
spit,1
leechini,1
books,1
censor,1
prugbra,1
three,1
apartments,1
rented,1
gathered,1
sri,1
lankans,1
bangladeshis,1
pakistanis,1
mistaken,1
natures,1
visible,1
reaction,1
becausesame,1
deserved,1
extinct,1
infested,1
banglas,1
paging,1
noone,1
extend,1
visibility,1
completely,1
nothreaten,1
lacist,1
doddering,1
cp,1
operation,1
box,1
precisely,1
pisses,1
manning,1
retail,1
outlets,1
ai,1
terminate,1
offshore,1
leaks,1
retards,1
discordshould,1
summon,1
statistically,1
referring,1
generally,1
wage,1
cmio,1
percentages,1
overreact,1
tons,1
kpkb,1
philippines,1
cherry,1
picking,1
unfortunately,1
irony,1
foretold,1
ridden,1
loop,1
commend,1
certsbackground,1
passage,1
benefitng,1
adverse,1
nonsenseonly,1
wellare,1
clearoppo,1
discord,1
motherfucker,1
represent,1
kindly,1
infracted,1
pest,1
proopposition,1
welli,1
popcorns,1
wiggle,1
exceed,1
dist,1
ambassador,1
angst,1
hopeless,1
bent,1
wtf,1
pip,1
squeak,1
oppo,1
challenged,1
snakish,1
mutter,1
yellowbelly,1
scrutiny,1
wear,1
sleeve,1
shirts,1
merely,1
mrts,1
north,1
corridor,1
gosh,1
indianssure,1
constructions,1
somebody,1
minimal,1
grad,1
spoonfed,1
luxury,1
paperwork,1
hassle,1
factors,1
remote,1
silly,1
touches,1
confuse,1
digging,1
ditch,1
airconditioned,1
bats,1
max,1
surrounding,1
simei,1
tanah,1
merah,1
bedok,1
reservoir,1
practicing,1
resulting,1
escalation,1
resentment,1
forgetfor,1
malestill,1
reservist,1
daythat,1
himselfwho,1
color,1
themand,1
backwards,1
subdued,1
mohs,1
amdl,1
pramsbut,1
yellow,1
haired,1
eyed,1
wefie,1
condescendingly,1
pinkerton,1
syndrome,1
alive,1
pointed,1
okget,1
foror,1
permeated,1
logistics,1
prcs,1
bothered,1
tiny,1
refrain,1
admin,1
practise,1
unfounded,1
sweeping,1
associating,1
herrings,1
duly,1
insinuating,1
fairprice,1
supermarket,1
floods,1
innocent,1
discussions,1
lostbecause,1
proving,1
whyhe,1
misleading,1
realize,1
clan,1
hunt,1
ignorant,1
untalented,1
accommodate,1
proclaim,1
widely,1
sought,1
bulk,1
leechers,1
proxy,1
creating,1
unemployed,1
hulk,1
originally,1
organiser,1
twist,1
wriggling,1
blackramesh,1
defamation,1
cables,1
monitors,1
florescent,1
lights,1
victims,1
centre,1
replacing,1
vet,1
padded,1
dilute,1
weighted,1
stick,1
labeled,1
rahmesh,1
sue,1
vitriol,1
nameslike,1
fan,1
discussion,1
snuff,1
outand,1
gms,1
career,1
prospects,1
childrensâ,1
notno,1
electrician,1
analytics,1
beyond,1
positive,1
mindset,1
initiative,1
accomodate,1
proceed,1
unemployment,1
welfare,1
cruxâ,1
controversial,1
alrdyâ,1
discretion,1
applies,1
applied,1
howâ,1
checking,1
eaten,1
gaps,1
diversity,1
globe,1
tighten,1
facilities,1
background,1
birds,1
miracle,1
switching,1
diversified,1
hostage,1
slack,1
bullcrap,1
couched,1
relocation,1
specialisists,1
esp,1
females,1
havent,1
worshipping,1
whites,1
pricks,1
banglahs,1
suzhou,1
shld,1
breakeven,1
thereabout,1
capitaland,1
malls,1
mbs,1
lookalike,1
chongqing,1
campus,1
ignored,1
stance,1
sameie,1
oneif,1
guarantees,1
concession,1
contentious,1
intensive,1
fortune,1
teller,1
accede,1
indicated,1
immediately,1
rectify,1
coupled,1
intentions,1
uncomfortable,1
conventional,1
strive,1
shop,1
persist,1
forefront,1
noti,1
hahhaa,1
promiw,1
detract,1
late,1
shouldbe,1
rolled,1
warning,1
spikes,1
vision,1
mantra,1
optimisation,1
depends,1
beings,1
religion,1
phillipines,1
ugly,1
pot,1
hearted,1
helpful,1
unselfish,1
hahahah,1
labelled,1
margin,1
observation,1
lawyer,1
eloquent,1
desire,1
keenly,1
nowadays,1
conversely,1
attention,1
whichever,1
nationalityat,1
grew,1
manufacturingproduction,1
irk,1
foreignersnot,1
biotech,1
mouseover,1
loving,1
welcoming,1
treason,1
forced,1
invasion,1
celebrating,1
dedicated,1
mins,1
parade,1
converse,1
forumming,1
enjoyable,1
insults,1
attacks,1
threw,1
herecannot,1
quotesaying,1
vastly,1
universal,1
western,1
hospitals,1
gripe,1
carried,1
graduating,1
singaporeansor,1
majorityare,1
lagging,1
offend,1
sc,1
difficulty,1
plan,1
contesting,1
anywayâ,1
bookkeeping,1
arap,1
psychiatrists,1
mbbs,1
bee,1
kok,1
hamster,1
wheel,1
soundly,1
slower,1
pace,1
plays,1
quest,1
worklife,1
grows,1
lines,1
magnified,1
populationrelative,1
ranked,1
relaxed,1
usthey,1
facination,1
meritocracy,1
woody,1
quoting,1
failing,1
bias,1
tries,1
countrymen,1
trait,1
lite,1
foodcourt,1
listening,1
civilian,1
contingent,1
treacherous,1
sent,1
ranking,1
brainer,1
likewise,1
rushing,1
prequalify,1
technically,1
accredited,1
enrolling,1
unis,1
classmates,1
grades,1
cohorts,1
completed,1
scholarship,1
diploma,1
passing,1
strategies,1
lopsided,1
worsen,1
departments,1
meals,1
near,1
sites,1
platoon,1
dining,1
centers,1
amend,1
renegotiate,1
tip,1
chinse,1
stopped,1
equivalent,1
sec,1
n,1
cap,1
klk,1
cocksucker,1
lift,1
upgrades,1
sheltered,1
enlighten,1
worldclass,1
poly,1
inferior,1
enforce,1
cohort,1
strigent,1
selection,1
fund,1
hull,1
shophouse,1
schoollol,1
depended,1
regulations,1
circumvented,1
lame,1
sub,1
project,1
deadline,1
researchers,1
certification,1
notify,1
embarassment,1
doubting,1
capability,1
capable,1
compatriots,1
cheats,1
hearsayi,1
drawn,1
popcorn,1
excompany,1
coincidental,1
phoenix,1
disturb,1
laughing,1
faker,1
gold,1
tarnished,1
lament,1
telco,1
fibre,1
outsource,1
outages,1
connection,1
leakage,1
fuel,1
booted,1
leeching,1
id,1
wrightr,1
posting,1
clones,1
colleague,1
retains,1
residents,1
debunking,1
emphasise,1
underline,1
heels,1
motion,1
nonconstituency,1
june,1
livelihoods,1
avenuesbecause,1
everywhereand,1
flyers,1
salariesbut,1
stalling,1
worthlessnessi,1
jungle,1
faces,1
questionâ,1
congressional,1
liable,1
oath,1
reference,1
king,1
verified,1
magically,1
appear,1
youthe,1
cheque,1
ghani,1
suresh,1
matahari,1
reddest,1
component,1
interesting,1
strictly,1
buying,1
zoom,1
acknowleged,1
disproportional,1
muttered,1
series,1
generic,1
predicted,1
tangible,1
calculatable,1
posing,1
quantify,1
defensive,1
aggressive,1
formulating,1
uncensored,1
unmoderated,1
tv,1
careers,1
pretend,1
brethren,1
formerly,1
ussingapore,1
singaporeindia,1
inked,1
constituted,1
mycareersfuturesg,1
submitting,1
fulfil,1
additional,1
duration,1
eligibility,1
privileges,1
pertaining,1
residence,1
accompany,1
letter,1
consent,1
dependency,1
ratio,1
ceiling,1
subjected,1
listing,1
contained,1
influenced,1
outcome,1
chosen,1
competitive,1
complement,1
digital,1
netizens,1
faking,1
icaâ,1
hybrid,1
grouper,1
lah,1
st,1
fast,1
parrot,1
alternatives,1
swearing,1
merits,1
lolll,1
ball,1
gngtâ,1
mark,1
zukerberg,1
bitch,1
logicâ,1
united,1
sudden,1
mapletree,1
pasir,1
panjang,1
ibp,1
functions,1
moved,1
bravo,1
tourist,1
interview,1
flooding,1
published,1
openly,1
grabfoodfoodpanda,1
tied,1
definitionsâ,1
denied,1
accompanying,1
specialists,1
paragraphs,1
dominant,1
prospective,1
tenants,1
ecp,1
overhead,1
bridges,1
tells,1
cakes,1
sample,1
ass,1
forgot,1
causeway,1
malaysian,1
vehicles,1
johor,1
vehicular,1
fee,1
bored,1
penniless,1
schoolkid,1
helps,1
diff,1
depts,1
forcing,1
outetc,1
exposes,1
usbased,1
titled,1
internationally,1
growing,1
worldwide,1
villagers,1
kopi,1
nonconditional,1
fall,1
inline,1
gy,1
glorious,1
golden,1
iron,1
obligation,1
asymmetry,1
detailed,1
meaningfully,1
cloak,1
unavailable,1
temperature,1
takers,1
tray,1
coin,1
deepens,1
talkin,1
discounting,1
travelling,1
permission,1
tis,1
field,1
ashley,1
recycled,1
generous,1
easierbe,1
epplus,1
corroborate,1
belief,1
abroad,1
targets,1
smaller,1
lean,1
beat,1
cash,1
goodies,1
publish,1
embarrased,1
peddling,1
pray,1
gel,1
laughable,1
causation,1
obfuscation,1
lumped,1
attributable,1
infographic,1
meaningful,1
exposure,1
parked,1
profits,1
whacking,1
crypto,1
brag,1
insult,1
elderly,1
guard,1
insulted,1
portrayed,1
biasness,1
favour,1
baffles,1
info,1
graph,1
worrying,1
isnâ,1
eager,1
differenthe,1
girlif,1
quarterly,1
loss,1
excluding,1
quarter,1
ended,1
sept,1
released,1
rescue,1
lender,1
lowers,1
becone,1
closing,1
invisible,1
remains,1
virtual,1
coz,1
somewhere,1
august,1
wpsp,1
includes,1
officially,1
weather,1
substantiate,1
attractive,1
swept,1
rug,1
barrier,1
sadder,1
mandarin,1
gardens,1
agreeing,1
insofar,1
forgetting,1
tactics,1
shoes,1
moms,1
improvements,1
legally,1
trading,1
partners,1
unfairly,1
moevement,1
expediting,1
providing,1
complaning,1
se,1
concrete,1
professsional,1
polices,1
talked,1
exceptions,1
carveouts,1
taxation,1
partner,1
believes,1
unrest,1
uproar,1
retain,1
undermine,1
powers,1
strongly,1
prominently,1
preserved,1
protected,1
refusal,1
sorely,1
lacks,1
empathy,1
idealogy,1
irregardless,1
oyks,1
indiaspore,1
cutbacks,1
approvals,1
newspaper,1
insisting,1
compliance,1
responding,1
encourages,1
discourage,1
peoplefor,1
purpose,1
overestimate,1
intelligence,1
butt,1
quotaslimits,1
procedures,1
lord,1
phrase,1
limts,1
eitheror,1
overpromised,1
threatened,1
violating,1
pressureby,1
leverage,1
ministries,1
vacuum,1
ridiculous,1
ityou,1
lecturing,1
chpt,1
clued,1
northern,1
caucasians,1
confuseâ,1
neighbour,1
monkeysâ,1
grandparentsâ,1
knowingly,1
entrywhy,1
menial,1
labourers,1
cheques,1
handed,1
claimsâ,1
caucasian,1
plaintiff,1
seeks,1
classaction,1
statusâ,1
firing,1
informationtechnology,1
vioa,1
hides,1
beneath,1
dissipating,1
alibaba,1
snipe,1
photo,1
en,1
masse,1
prostitute,1
dick,1
hurdle,1
cpf,1
emplotment,1
e,1
ease,1
rejection,1
massage,1
whats,1
qns,1
secrecy,1
punggol,1
loh,1
overwhelmed,1
bypass,1
spu,1
recommendations,1
recommend,1
infamous,1
humongous,1
specially,1
mentally,1
currently,1
roaming,1
jogging,1
allegedly,1
istringent,1
screening,1
predates,1
isnt,1
divided,1
closelydirectlyindirectly,1
lapses,1
erode,1
craveout,1
punish,1
poke,1
practically,1
threaten,1
bowls,1
is,1
resolved,1
exerts,1
truthful,1
certified,1
selfpraised,1
unprofessional,1
counted,1
creative,1
disapprove,1
tafep,1
awhile,1
rubber,1
stamp,1
tribal,1
france,1
independent,1
consultants,1
startups,1
directors,1
svps,1
mystery,1
unconditioned,1
criterias,1
army,1
skillsets,1
pme,1
charged,1
plugged,1
rough,1
calculation,1
approximate,1
consistent,1
cesa,1
wondering,1
nulled,1
financially,1
clamped,1
ruling,1
partly,1
swamped,1
expense,1
likelihood,1
bootlickinging,1
rejects,1
types,1
speaker,1
reap,1
openness,1
replying,1
pyschology,1
pg,1
pdf,1
arises,1
activate,1
strawmen,1
singaporeanss,1
nisha,1
ida,1
maths,1
fail,1
enlightened,1
wasting,1
inc,1
whitening,1
kid,1
score,1
tongue,1
brain,1
straw,1
sucked,1
reset,1
scores,1
falls,1
injected,1
fortunately,1
subsidiary,1
custom,1
restriction,1
de,1
hype,1
morning,1
assertion,1
misuse,1
substance,1
objectivity,1
tide,1
receded,1
pants,1
badly,1
spare,1
argumentative,1
essays,1
jc,1
perfect,1
enemy,1
ties,1
shots,1
sort,1
abandoned,1
condemning,1
objectively,1
essay,1
sensitivitiesâ,1
shanmugamâ,1
crowd,1
kidding,1
creation,1
video,1
audio,1
perpetrators,1
abusive,1
email,1
witness,1
decent,1
appreciative,1
efficacy,1
comfortably,1
deliberately,1
exacerbate,1
suspicion,1
agreementi,1
exaggeration,1
opened,1
cheaply,1
gravity,1
implications,1
impacts,1
watching,1
racists,1
bull,1
lo,1
cotton,1
causes,1
harm,1
strict,1
tertiary,1
institute,1
skillfuture,1
resign,1
modern,1
attacking,1
substantie,1
hazel,1
passport,1
shenanigans,1
dumping,1
nations,1
careerfuture,1
quick,1
overview,1
spamming,1
kpi,1
heâ,1
whereâ,1
opinions,1
cna,1
shake,1
bedrock,1
purposes,1
faced,1
falsehoodsâ,1
reassuredâ,1
singaporeansâ,1
ofâ,1
influxâ,1
neutral,1
summarised,1
pspâ,1
objected,1
relation,1
explore,1
stageâ,1
insisted,1
commit,1
hey,1
alternatively,1
trusted,1
barisan,1
futures,1
smelly,1
cunt,1
identify,1
geez,1
smu,1
sim,1
suss,1
sutd,1
scholarships,1
leech,1
intelligent,1
clever,1
blend,1
obnoxious,1
lw,1
dead,1
games,1
lawyers,1
politicans,1
absolutely,1
zero,1
checks,1
lenientlax,1
effectively,1
opaque,1
lowfew,1
relative,1
exercised,1
emerging,1
primarily,1
roughly,1
feedback,1
continued,1
outwards,1
phenomenon,1
implementing,1
approach,1
tradeoffs,1
consist,1
consists,1
topics,1
handled,1
wtos,1
councils,1
committees,1
improving,1
emphasis,1
securing,1
offers,1
submitted,1
upgrading,1
click,1
lmia,1
objectives,1
effective,1
chose,1
nonanswer,1
courage,1
noting,1
mindless,1
govern,1
constrain,1
economics,1
override,1
tax,1
internally,1
straightforward,1
sidestepped,1
embarrrassment,1
breaking,1
repercussions,1
exert,1
robber,1
exerted,1
demanding,1
cane,1
extradite,1
sentenced,1
mha,1
insist,1
caning,1
relates,1
intracompanies,1
uruguay,1
scheduled,1
mode,1
largely,1
regarded,1
personnelâ,1
commercial,1
shortterm,1
gainfully,1
seeking,1
orderly,1
commitment,1
definitions,1
facilitation,1
definite,1
indefinitely,1
beggining,1
facilitated,1
qualifies,1
supeopleier,1
generationsï¼,1
jobsï¼,1
taste,1
drafted,1
afterall,1
deluded,1
etcand,1
bothers,1
im,1
shame,1
reckless,1
implemented,1
unreasonable,1
known,1
cast,1
enforced,1
incumbents,1
absence,1
conscience,1
atrocious,1
appease,1
essentially,1
transferring,1
pair,1
plants,1
poorer,1
studyâ,1
compiles,1
functionally,1
impacting,1
science,1
ecosystem,1
introducing,1
threeyearold,1
catch,1
upâ,1
aspiring,1
cto,1
cofounder,1
varun,1
aggarwal,1
antidiscrimination,1
ignoring,1
school,1
learning,1
invented,1
longoverdue,1
volume,1
illustrates,1
messâ,1
toothless,1
toughen,1
applaud,1
blindsided,1
swan,1
cbphow,1
rotten,1
rottenâ,1
systemâ,1
tens,1
product,1
miss,1
nuances,1
shoddy,1
glitchâ,1
everythingâ,1
heathrow,1
london,1
fuckings,1
reigned,1
grounded,1
passengers,1
airports,1
reputation,1
outsourced,1
maintenance,1
communicating,1
fulfill,1
label,1
pleased,1
coincidence,1
motive,1
titlelable,1
approximately,1
salsepeople,1
mindsâ,1
purported,1
troubles,1
weeks,1
female,1
nonindianâ,1
excluded,1
thereby,1
precluding,1
participating,1
conversations,1
portion,1
involving,1
groupâ,1
presentation,1
hour,1
rudely,1
interrupted,1
powerpoint,1
onâ,1
minutes,1
book,1
hotel,1
room,1
upcoming,1
sulzbergâ,1
involve,1
administrative,1
secretarial,1
responsibilitiesâ,1
receiving,1
vicepresident,1
conference,1
las,1
vegas,1
pursue,1
permitted,1
shedded,1
prior,1
contributing,1
relaxing,1
timing,1
winning,1
doubts,1
influence,1
shortfall,1
negotiates,1
leadership,1
acceding,1
requests,1
honestly,1
originate,1
goal,1
moves,1
informed,1
officials,1
outcomes,1
naively,1
intepretation,1
violated,1
limitquota,1
haha,1
expose,1
prevail,1
littleto,1
supervision,1
surprising,1
screw,1
shoulddo,1
andsue,1
vetting,1
tightening,1
shortage,1
outlet,1
longest,1
wordplay,1
standpoint,1
city,1
invent,1
port,1
slum,1
mankind,1
underestimate,1
value,1
quantity,1
disbalance,1
ethnicity,1
makeup,1
spend,1
gather,1
solved,1
sending,1
mighty,1
saved,1
pathetic,1
conceding,1
clueless,1
ageing,1
hermit,1
kingdom,1
veer,1
extremes,1
freedom,1
madman,1
hertogh,1
othman,1
wok,1
bloodshed,1
mmm,1
gates,1
attached,1
justification,1
collect,1
staffintracorporate,1
oversee,1
staffslocal,1
required,1
advertising,1
approx,1
indicators,1
penalties,1
overly,1
broad,1
tap,1
equally,1
kickstart,1
robot,1
valleyâ,1
proved,1
escape,1
rooted,1
persisting,1
notions,1
cnn,1
sam,1
knew,1
amiss,1
unexpectedly,1
indianheadquartered,1
indication,1
rating,1
levels,1
perspective,1
fixed,1
historically,1
societal,1
rank,1
occupation,1
dates,1
roots,1
hindu,1
scriptures,1
religious,1
communities,1
systems,1
particularly,1
africa,1
wherever,1
thenmozhi,1
soundararajan,1
director,1
equality,1
labs,1
brahmins,1
traditionally,1
priests,1
kshatriyas,1
warriors,1
rulers,1
vaishyas,1
merchants,1
traders,1
shudras,1
artisans,1
laborers,1
subcastes,1
divide,1
brahmin,1
painted,1
rosy,1
kinda,1
salespeople,1
fired,1
retained,1
salesman,1
goalsâ,1
generate,1
ongoing,1
revenue,1
afforded,1
benefitâ,1
streets,1
implement,1
shape,1
companyâ,1
harder,1
devil,1
defended,1
meets,1
weirddid,1
auddenly,1
selective,1
blindness,1
reversed,1
marketing,1
ride,1
darkest,1
ii,1
yep,1
attempt,1
numb,1
fielding,1
generals,1
onto,1
deaf,1
jt,1
worker,1
demanded,1
apology,1
absolute,1
unblinking,1
insolence,1
defiance,1
ideal,1
cancerous,1
destroy,1
swallow,1
pill,1
brighter,1
circumvent,1
returning,1
outbreak,1
jb,1
behaved,1
assure,1
stealing,1
iâ,1
grassroots,1
campaigning,1
installrepair,1
processing,1
shortlived,1
beneficiaries,1
dying,1
breath,1
beside,1
staffed,1
shady,1
phvs,1
gig,1
scare,1
elites,1
hahhaha,1
aggresive,1
pink,1
ic,1
competency,1
examples,1
periods,1
conferences,1
existing,1
processes,1
entrance,1
stops,1
evaluation,1
scabby,1
fas,1
moh,1
replacement,1
datathey,1
wesminster,1
latrines,1
toilets,1
ambitious,1
sanitation,1
aimed,1
pack,1
expedite,1
express,1
lane,1
soil,1
retard,1
wipe,1
planet,1
whater,1
reliable,1
machinery,1
innovator,1
producer,1
legitimacy,1
genuinity,1
mtf,1
needful,1
mapped,1
hoot,1
behave,1
borns,1
haizalways,1
commenting,1
selfentitlements,1
infection,1
immunity,1
wears,1
pfzier,1
useful,1
impactful,1
belongs,1
happily,1
baghdad,1
protesting,1
nincompoop,1
champion,1
farmerâ,1
lathicharge,1
farmersâ,1
haryanaâ,1
prohibitory,1
criminal,1
procedure,1
crpc,1
district,1
gatherings,1
severely,1
nogreen,1
zones,1
idiotsâ,1
reunion,1
bugger,1
offwe,1
busy,1
containment,1
tirade,1
ho,1
ching,1
cc,1
shamugan,1
track,1
recognise,1
justice,1
setting,1
donkeys,1
coercion,1
welcomed,1
roll,1
aint,1
brother,1
entitlement,1
overwhelming,1
clowns,1
treat,1
worldâ,1
shout,1
colours,1
fuckers,1
lehâ,1
ftrash,1
greedy,1
russia,1
goodbye,1
brainless,1
lately,1
hc,1
hinting,1
accepted,1
negligible,1
greenlane,1
snatched,1
super,1
zerg,1
island,1
singapoo,1
wehaveatogether,1
return,1
stranded,1
reunite,1
diseased,1
wiping,1
hotspot,1
belong,1
addressed,1
servant,1
relationship,1
pantry,1
boy,1
treated,1
masterâ,1
accuse,1
sound,1
factual,1
crucial,1
leading,1
thanked,1
officers,1
negotiating,1
laid,1
importance,1
pacts,1
immigrationrelated,1
elements,1
swee,1
keat,1
rebut,1
rose,1
compelled,1
pertains,1
criticisms,1
paving,1
amovement,1
bargaining,1
chip,1
believed,1
chapters,1
signs,1
occurence,1
shitca,1
unbearable,1
noisy,1
everybody,1
phv,1
outraging,1
downgrading,1
tonight,1
clowning,1
crowning,1
punished,1
forth,1
prettier,1
ganges,1
river,1
mystified,1
walkabout,1
fit,1
waffle,1
plain,1
alr,1
stake,1
outsiders,1
stolen,1
believer,1
obviouslyloss,1
controlship,1
steer,1
rocks,1
steerer,1
star,1
boardand,1
sir,1
arise,1
emperor,1
dodge,1
arrogantly,1
acknowledging,1
currency,1
century,1
commented,1
noticed,1
idiot,1
characterisation,1
unnecessaryâ,1
sufficient,1
elevated,1
consciousness,1
pertinent,1
exists,1
insufficient,1
clarity,1
blanks,1
civil,1
servants,1
puzzle,1
helper,1
floor,1
dusty,1
replied,1
feet,1
afterwards,1
contract,1
ends,1
leaving,1
veryx,1
jester,1
liang,1
popo,1
heinous,1
sinovac,1
pfizer,1
moderna,1
infected,1
homeland,1
roi,1
pour,1
sia,1
decries,1
speculations,1
rife,1
organizationâ,1
settlement,1
imperative,1
natives,1
rapidly,1
otherwiseâ,1
misconceptionsâ,1
stirred,1
oppositionsâ,1
realityâ,1
singing,1
praisesâ,1
misrepresent,1
misrepresention,1
divulge,1
electorate,1
withhold,1
conclusions,1
sissy,1
rightly,1
brave,1
contribution,1
plucking,1
unite,1
needing,1
declines,1
mood,1
turd,1
surely,1
traded,1
gate,1
openâ,1
press,1
xenophobic,1
card,1
labor,1
failure,1
resultsfake,1
assaulted,1
doomed,1
remove,1
serving,1
vigorous,1
debates,1
unknown,1
ratification,1
hated,1
siblings,1
liked,1
interact,1
instances,1
anyâ,1
lotâ,1
misinterpretation,1
undue,1
induced,1
misunderstandings,1
cons,1
east,1
coast,1
fell,1
overdramatic,1
folded,1
sides,1
isubject,1
immigrations,1
insurance,1
pensioner,1
boomers,1
fking,1
replaces,1
tone,1
speaks,1
grandmother,1
sheep,1
retired,1
retraining,1
teaching,1
convincing,1
supporters,1
easiest,1
bump,1
productivity,1
indranee,1
revisingreviewing,1
nirc,1
watch,1
policeman,1
asks,1
town,1
burning,1
irrelevant,1
sister,1
publicly,1
condemned,1
shameless,1
misbehave,1
misrepresenting,1
immortals,1
towers,1
mortal,1
worlds,1
dp,1
dpapprovedtowork,1
indiaorigin,1
nontech,1
condemn,1
aiyahtalk,1
cure,1
plunge,1
drastically,1
song,1
apologies,1
pwned,1
evidencebased,1
raises,1
xenophobia,1
skewed,1
safeguards,1
enforcing,1
repeatedly,1
tears,1
petsalready,1
bow,1
monopolise,1
consolidate,1
mercy,1
removing,1
untruthful,1
protective,1
toy,1
debunk,1
blames,1
engineeer,1
oops,1
pinkys,1
grandparents,1
children,1
muthu,1
nearby,1
constantly,1
blindly,1
trusting,1
bollywood,1
walking,1
nostril,1
papa,1
sezs,1
doesnt,1
negate,1
determine,1
aligned,1
vie,1
puke,1
contest,1
smc,1
incapable,1
accusatory,1
folk,1
resort,1
taxi,1
safety,1
milk,1
powder,1
ballot,1
confusedâ,1
contests,1
stronghold,1
seat,1
goalpost,1
spinning,1
dishonourable,1
dog,1
osa,1
uzbekistan,1
kazakhstan,1
mongolia,1
exotic,1
headcount,1
boosting,1
cheeks,1
saga,1
importantwho,1
wisely,1
actions,1
preposterous,1
quipped,1
bestest,1
deutsche,1
jp,1
morgan,1
stanchart,1
bnp,1
paribas,1
loaded,1
voluntarily,1
concerning,1
shamu,1
defense,1
revealing,1
ward,1
appropriately,1
debated,1
multilevel,1
screwup,1
savings,1
tanjong,1
pagar,1
connector,1
scenary,1
kindergarten,1
teachers,1
netter,1
utilisied,1
mistakesshortcoming,1
mastermind,1
negotiators,1
diverting,1
issuesâ,1
insensitive,1
cold,1
touch,1
sentiment,1
echo,1
voice,1
appears,1
lowest,1
rates,1
happiness,1
index,1
wild,1
musingsâ,1
ups,1
guesswork,1
spouting,1
supermarkets,1
condominiums,1
stubborn,1
downfall,1
ascend,1
throne,1
heartless,1
emperorï¼,1
manage,1
governmentinexile,1
recognises,1
dealings,1
nigh,1
taxes,1
finally,1
digest,1
sensitivities,1
initiated,1
predecessor,1
lao,1
goh,1
ccp,1
supporter,1
george,1
negotiated,1
stroke,1
announced,1
urged,1
monday,1
aug,1
infocomm,1
followup,1
goals,1
investing,1
impart,1
praises,1
layman,1
leftout,1
publishing,1
version,1
prince,1
achieved,1
pin,1
stirring,1
tension,1
eip,1
forming,1
hdbs,1
estates,1
oppose,1
opposing,1
worms,1
finely,1
doors,1
tipped,1
harmony,1
sentiments,1
heavily,1
loopsided,1
medias,1
brainwashing,1
damage,1
doneï¼,1
scships,1
mnd,1
frictions,1
educating,1
msf,1
couples,1
babies,1
supplement,1
hordes,1
parks,1
ministar,1
saf,1
cs,1
rub,1
salt,1
wound,1
targeted,1
blamed,1
oppie,1
unthinkingundiscerning,1
fools,1
grateful,1
suspected,1
assumptions,1
smother,1
headline,1
govts,1
releasing,1
shocking,1
damning,1
certificationwork,1
circle,1
moeâ,1
numbersâ,1
askedâ,1
nusntusmu,1
dispel,1
thisâ,1
sensitivityâ,1
irks,1
cheapened,1
perceived,1
degreesâ,1
purveyor,1
perverted,1
disadvantageous,1
noise,1
dozen,1
spin,1
distractions,1
speeches,1
holy,1
brainlessly,1
suffer,1
region,1
timers,1
fishy,1
pwn,1
unlessyou,1
gan,1
thiam,1
poh,1
underpay,1
yup,1
translators,1
exploit,1
unfairness,1
recognize,1
patriotic,1
join,1
nevermind,1
leaning,1
exact,1
perogative,1
embracing,1
finding,1
stall,1
insists,1
boneless,1
throat,1
sore,1
pokes,1
looked,1
mirror,1
forehead,1
consume,1
thoughts,1
everytime,1
manso,1
sick,1
worthless,1
hi,1
targetted,1
jurong,1
quiet,1
respectful,1
hardworking,1
skillful,1
kt,1
jap,1
prsc,1
unverified,1
drunk,1
whack,1
pandemic,1
wan,1
jab,1
asap,1
somalia,1
ungrateful,1
infrastructure,1
cntry,1
fees,1
pte,1
picked,1
banes,1
boons,1
space,1
obama,1
kim,1
abe,1
intact,1
overpaid,1
withheld,1
comeâ,1
booming,1
edge,1
politician,1
headache,1
annoyed,1
ticking,1
bomb,1
exported,1
deter,1
mia,1
facepalm,1
laptops,1
architects,1
developers,1
remotely,1
chinafor,1
corporations,1
refusing,1
handover,1
notable,1
products,1
outsourcing,1
desk,1
centres,1
develop,1
cheating,1
fakery,1
dumbfucks,1
largest,1
fdi,1
investor,1
rojak,1
mentality,1
deflecting,1
amending,1
constitution,1
reserved,1
presidency,1
reskill,1
upgrade,1
transform,1
highway,1
raw,1
rely,1
easing,1
wong,1
base,1
pressured,1
insignificant,1
fancy,1
regular,1
interpretations,1
fudge,1
smudge,1
obfusticate,1
parallel,1
universe,1
overthinking,1
blown,1
drinking,1
beer,1
void,1
deck,1
washing,1
cars,1
carpark,1
ahtc,1
scenario,1
grounds,1
dishonest,1
destructive,1
castebased,1
coexist,1
values,1
cultures,1
granting,1
merit,1
realised,1
earned,1
economyworkforce,1
bigheaded,1
estate,1
endless,1
admitting,1
problemâ,1
compromise,1
involved,1
mtiâ,1
momâ,1
moral,1
govtâ,1
shown,1
describe,1
ncmps,1
undone,1
educationskills,1
