like,144
people,142
one,87
also,81
s,80
say,70
many,66
go,64
â,61
think,59
get,59
fuck,54
see,52
got,52
gender,52
sexual,52
need,51
know,48
want,45
sex,44
us,42
time,41
singapore,40
dont,39
even,39
support,38
ok,36
cannot,35
come,34
students,34
never,33
right,32
lol,32
q,32
straight,31
means,30
must,30
make,29
wrong,29
society,29
still,29
victim,28
said,28
really,28
always,27
kids,27
men,26
better,26
someone,26
good,26
mental,26
let,26
christians,26
would,25
life,25
race,25
actually,24
yes,24
another,24
boy,24
help,23
person,23
mfa,23
things,22
normal,22
long,22
well,22
please,22
since,21
already,21
world,21
man,21
chin,21
schools,21
use,20
sjws,20
read,20
school,20
rights,20
ask,20
love,20
others,19
give,19
singaporean,19
sjw,19
tell,19
group,19
much,18
way,18
young,18
social,18
choice,18
mean,18
identity,18
take,18
god,18
old,17
thing,17
adopt,17
pedo,17
accept,17
maybe,17
sg,17
look,17
police,17
trans,17
fucking,17
issues,16
may,16
saying,16
crazy,16
htut,16
new,16
parents,16
transgender,16
discrimination,16
religious,16
friends,15
donâ,15
cock,15
act,15
agenda,15
media,15
girl,15
name,15
end,15
first,15
last,15
change,15
post,15
believe,15
back,15
conversion,15
needs,15
embassy,15
problem,14
complain,14
sick,14
born,14
guys,14
thats,14
court,14
jail,14
law,14
ns,14
education,14
white,14
special,14
feel,14
force,14
everyone,14
orientation,14
call,14
big,14
issue,14
groups,14
public,13
different,13
two,13
live,13
find,13
age,13
could,13
real,13
wanna,13
become,13
days,13
church,13
open,13
happy,13
racism,13
around,13
women,13
guy,13
done,13
fat,12
preference,12
kind,12
keep,12
ones,12
boys,12
enough,12
homosexuality,12
best,12
trying,12
rather,12
understand,12
male,12
serve,12
shit,12
pride,12
something,12
child,12
protest,12
aware,12
news,12
sometimes,12
moe,12
sure,11
true,11
community,11
anyone,11
human,11
made,11
affirming,11
stupid,11
religion,11
bisexual,11
every,11
case,11
high,11
indian,11
chinese,11
ministry,11
fake,11
side,11
edmw,10
usa,10
female,10
inclusive,10
might,10
put,10
children,10
attracted,10
consent,10
instead,10
getting,10
nothing,10
toilet,10
nature,10
etc,10
cause,10
oh,10
less,10
mother,10
today,10
sps,10
pronouns,10
anything,9
thought,9
pretty,9
girls,9
ts,9
correct,9
pedos,9
control,9
year,9
stop,9
talk,9
woman,9
door,9
next,9
including,9
chance,9
therapy,9
virus,9
nice,9
individuals,9
personal,9
going,9
minority,9
nowadays,9
watch,9
reddit,9
webinar,9
risk,9
humans,9
mind,9
ceca,9
interfere,9
yeah,8
respect,8
used,8
terms,8
hate,8
wants,8
disorder,8
illness,8
hard,8
day,8
preferences,8
movement,8
coming,8
jailed,8
months,8
least,8
seems,8
online,8
noted,8
lgb,8
safe,8
staircase,8
landing,8
private,8
due,8
judge,8
poke,8
closet,8
bring,8
else,8
type,8
spread,8
marriage,8
choices,8
short,8
quite,8
racist,8
seen,8
bunch,8
looks,8
arrest,8
turn,8
lot,8
without,8
married,8
hair,8
everything,8
family,8
singaporeans,8
try,8
agree,8
arrested,8
competition,7
loser,7
faggot,7
small,7
eat,7
promote,7
lives,7
views,7
sexuality,7
beliefs,7
thinking,7
target,7
itâ,7
homophobic,7
younger,7
definitely,7
together,7
power,7
wonder,7
hand,7
hope,7
card,7
app,7
money,7
added,7
matter,7
culture,7
follow,7
show,7
identify,7
met,7
local,7
wait,7
army,7
declare,7
shows,7
unless,7
work,7
simple,7
disgusting,7
called,7
probably,7
choose,7
country,7
kid,7
care,7
organisation,7
neutral,7
christian,7
psychological,7
practices,7
holding,7
loving,7
nonsense,7
created,7
daughter,7
norm,7
naive,7
whether,7
environment,7
taiwan,6
usually,6
little,6
claim,6
free,6
sexually,6
thatâ,6
point,6
able,6
chop,6
top,6
either,6
concerned,6
soon,6
part,6
catch,6
phone,6
engaged,6
dating,6
grindr,6
began,6
posted,6
whatever,6
years,6
citizen,6
transphobic,6
fight,6
catholic,6
data,6
supporters,6
statement,6
reason,6
youth,6
interest,6
statements,6
inside,6
touch,6
ban,6
homosexuals,6
covid,6
suddenly,6
saf,6
course,6
making,6
questioning,6
living,6
considered,6
majority,6
prefer,6
wakeupsg,6
example,6
suck,6
vs,6
makes,6
movies,6
policies,6
student,6
spend,6
freedom,6
pm,6
genders,6
animal,6
psychologists,6
worry,6
based,6
business,6
matters,6
include,6
behaviour,6
woke,6
illegal,6
certain,6
domestic,6
foreign,6
reuters,6
gina,6
perverts,6
raised,6
provide,6
studentsâ,6
males,5
likely,5
interested,5
socially,5
awkward,5
acting,5
alot,5
yet,5
adam,5
lambert,5
thread,5
times,5
fact,5
hell,5
brain,5
knows,5
ironic,5
create,5
pedophilia,5
ah,5
goes,5
full,5
cure,5
america,5
sin,5
bad,5
minorities,5
ever,5
went,5
whats,5
openly,5
phyo,5
guilty,5
heard,5
gave,5
confused,5
sounds,5
learn,5
liberal,5
lead,5
face,5
countries,5
attraction,5
biological,5
hit,5
report,5
former,5
general,5
later,5
pair,5
baby,5
saw,5
found,5
term,5
abuse,5
play,5
drama,5
normally,5
useless,5
obviously,5
attention,5
doctor,5
couple,5
section,5
balls,5
physically,5
females,5
struggling,5
code,5
simply,5
medical,5
imagine,5
die,5
cos,5
enjoy,5
word,5
politics,5
relationships,5
exactly,5
cool,5
confirm,5
single,5
muslim,5
otherwise,5
allow,5
government,5
nobody,5
blame,5
toilets,5
teachers,5
queer,5
creating,5
project,5
workshop,5
nik,5
discussion,5
building,5
half,5
body,5
identities,5
convert,5
stand,5
population,5
edmwers,5
fabric,5
values,5
start,5
moral,5
remember,5
lifestyle,5
minded,5
vote,5
sissy,5
disturb,5
bto,5
animals,5
buy,5
violence,5
though,5
meant,5
basic,5
perversion,5
india,5
obvious,5
son,5
challenges,5
gym,5
adjustments,5
personally,4
feminism,4
impose,4
scientific,4
discriminate,4
low,4
oppressed,4
path,4
pushing,4
naturally,4
far,4
great,4
posts,4
comment,4
gives,4
straights,4
supportive,4
minor,4
realise,4
lucky,4
defence,4
seek,4
handsome,4
becoming,4
mobile,4
apeopleication,4
wai,4
friday,4
charge,4
three,4
charges,4
taken,4
sentencing,4
told,4
giving,4
home,4
left,4
state,4
came,4
light,4
plain,4
given,4
burmese,4
mouth,4
shares,4
experiences,4
asia,4
fap,4
teach,4
damn,4
west,4
bigot,4
push,4
ready,4
date,4
dick,4
wear,4
kick,4
reports,4
states,4
claimed,4
american,4
war,4
kicked,4
job,4
blued,4
duo,4
agreed,4
chat,4
engaging,4
parts,4
officer,4
upon,4
lawyer,4
older,4
appear,4
thereâ,4
evidence,4
somemore,4
hole,4
send,4
heterosexual,4
touching,4
taking,4
brother,4
cases,4
homosexual,4
bi,4
account,4
masculine,4
honestly,4
hear,4
tough,4
category,4
hidden,4
indians,4
liked,4
transphobia,4
transwoman,4
la,4
haha,4
marry,4
car,4
honest,4
black,4
asking,4
complex,4
leftist,4
misgendering,4
words,4
supporting,4
among,4
till,4
han,4
mentally,4
pay,4
recent,4
away,4
non,4
u,4
hypocrites,4
mrt,4
communities,4
muslims,4
important,4
story,4
spirit,4
intersex,4
spaces,4
thursday,4
forever,4
list,4
deeply,4
professional,4
focus,4
drag,4
especially,4
answer,4
concerns,4
sad,4
talking,4
hurt,4
national,4
threads,4
cant,4
naked,4
rest,4
science,4
religions,4
towards,4
main,4
blind,4
kill,4
spreading,4
okay,4
china,4
sense,4
iâ,4
pronoun,4
learning,4
feelings,4
swimming,4
kirsten,4
funny,4
influenced,4
events,4
jobs,4
generation,4
studies,4
deal,4
condition,4
paedophile,4
warn,4
question,4
fix,4
chua,4
threatening,4
dismissed,4
instagram,4
consider,4
breed,4
quality,4
outside,4
loh,4
counselling,4
edmwer,3
pda,3
mentality,3
vegan,3
idea,3
hot,3
folk,3
anyhow,3
poloboiboi,3
number,3
imposing,3
feminine,3
ur,3
shock,3
iq,3
closeted,3
figure,3
pedophile,3
adults,3
thoughts,3
bait,3
actively,3
hardcore,3
accepted,3
wired,3
debate,3
eventually,3
happens,3
forward,3
asian,3
forms,3
suggest,3
uncle,3
harm,3
hollywood,3
turns,3
willing,3
consenting,3
difference,3
whatâ,3
acceptance,3
hands,3
rainbow,3
related,3
acts,3
underage,3
pleaded,3
penetration,3
consideration,3
sim,3
asked,3
various,3
bedroom,3
crimes,3
sought,3
regardless,3
advance,3
interesting,3
surname,3
link,3
glad,3
paper,3
third,3
secretary,3
buttigieg,3
babies,3
weak,3
homophobia,3
run,3
exclusive,3
lbgt,3
samesex,3
liao,3
ago,3
conservative,3
multiple,3
united,3
vatican,3
networking,3
seven,3
wednesday,3
august,3
exploitation,3
peopleâ,3
association,3
originally,3
lost,3
held,3
january,3
conversation,3
turned,3
activity,3
bottle,3
oil,3
lubricants,3
reveal,3
accused,3
meeting,3
dodwell,3
wanted,3
alone,3
initially,3
felt,3
stay,3
house,3
intrusive,3
involved,3
contact,3
tan,3
believed,3
easily,3
trust,3
video,3
gross,3
details,3
anyway,3
prison,3
sleep,3
round,3
officers,3
mdc,3
butt,3
likes,3
ramlee,3
soldiers,3
prove,3
usual,3
hiv,3
vocations,3
unwanted,3
hearsay,3
fit,3
dress,3
offer,3
ord,3
secret,3
avoid,3
chopped,3
f,3
surprised,3
version,3
bro,3
whose,3
discriminated,3
tranny,3
partner,3
apps,3
none,3
privilege,3
tomorrow,3
experience,3
races,3
heng,3
rape,3
similar,3
insert,3
individual,3
pap,3
lky,3
behind,3
rubbish,3
leader,3
internet,3
model,3
poor,3
content,3
comments,3
attack,3
seriously,3
chooses,3
preferred,3
applies,3
questioned,3
sorry,3
picture,3
wearing,3
arts,3
decide,3
label,3
clear,3
repeal,3
health,3
align,3
status,3
shut,3
turning,3
organization,3
banned,3
androgynous,3
asexual,3
communityâ,3
join,3
theythem,3
questions,3
grow,3
maintaining,3
flag,3
retarded,3
stuff,3
apart,3
higher,3
ownself,3
trueloveis,3
therapies,3
mps,3
therapyâ,3
registered,3
includes,3
however,3
research,3
truelove,3
members,3
original,3
kingdom,3
heaven,3
cut,3
hmm,3
believing,3
ideology,3
happened,3
throat,3
basis,3
discuss,3
information,3
problems,3
natural,3
treatment,3
worked,3
zero,3
nazi,3
rich,3
libtards,3
buddhism,3
putting,3
serious,3
self,3
view,3
lim,3
birth,3
lah,3
break,3
gendered,3
eg,3
common,3
thanks,3
beating,3
pikasaurus,3
reply,3
delta,3
anti,3
faggots,3
imposed,3
jolovan,3
roy,3
previously,3
thank,3
eyes,3
expect,3
character,3
stir,3
equal,3
prices,3
skyrocket,3
laws,3
youre,3
kinda,3
looking,3
front,3
changed,3
nurturing,3
drive,3
hetero,3
boobs,3
policy,3
reproduce,3
topic,3
abusers,3
genetic,3
dog,3
pink,3
toxic,3
following,3
affairs,3
reminded,3
missions,3
political,3
remind,3
dare,3
apply,3
americans,3
adoption,3
wishes,3
backside,3
anime,3
result,3
judges,3
action,3
sherlock,3
holmes,3
cubicle,3
adopting,3
history,3
lists,3
dads,3
disease,3
committed,3
educators,3
perverted,3
place,3
imprinting,3
wanting,3
negatively,3
assembled,3
schoolsâ,3
wellbeing,3
checking,3
norms,3
uniform,3
accommodations,3
everybody,3
math,3
lesser,2
almost,2
everyday,2
mostly,2
forced,2
strange,2
conservatives,2
liberals,2
telling,2
gene,2
authority,2
dream,2
typical,2
pro,2
homophobes,2
tend,2
denial,2
totally,2
tolerated,2
pedophiles,2
urges,2
headline,2
curb,2
desires,2
impact,2
cross,2
biologically,2
letâ,2
brought,2
unable,2
proper,2
condemned,2
simu,2
liu,2
wisdom,2
famous,2
fts,2
laughing,2
qp,2
dumb,2
underaged,2
style,2
burn,2
represent,2
asians,2
hypocrite,2
persons,2
happening,2
resist,2
compared,2
birds,2
feather,2
roman,2
gaining,2
anytime,2
yea,2
argument,2
admit,2
pedobear,2
buying,2
prepaid,2
sept,2
teenager,2
order,2
protect,2
deputy,2
prosecutor,2
dpp,2
koh,2
downloaded,2
communicating,2
conversations,2
services,2
using,2
april,2
meet,2
sending,2
address,2
text,2
message,2
boyâ,2
monthsâ,2
confuse,2
conned,2
cocks,2
rear,2
makeup,2
fucked,2
earth,2
yo,2
supporter,2
spotted,2
sporean,2
teen,2
sector,2
ed,2
protections,2
equity,2
unlike,2
propaganda,2
wash,2
terry,2
xu,2
ahead,2
transport,2
pete,2
husband,2
bigger,2
coz,2
takes,2
opposition,2
pushed,2
cellphone,2
blog,2
priests,2
levels,2
published,2
late,2
month,2
second,2
claims,2
devices,2
within,2
areas,2
powerful,2
pope,2
francis,2
caught,2
earlier,2
count,2
employee,2
trial,2
faced,2
decade,2
residence,2
procure,2
vaseline,2
compromising,2
position,2
facts,2
pulled,2
chinâ,2
client,2
furthermore,2
lied,2
lie,2
manner,2
indicative,2
rude,2
decided,2
allegedly,2
desire,2
leave,2
beginning,2
dark,2
influence,2
claiming,2
dj,2
ruled,2
participated,2
encounter,2
release,2
downloading,2
activities,2
bunk,2
seem,2
benefit,2
music,2
company,2
clerk,2
civil,2
fierce,2
depends,2
sign,2
combat,2
somehow,2
joke,2
innocent,2
estrogen,2
unit,2
aids,2
homos,2
large,2
percentage,2
entire,2
classification,2
frown,2
hahahaha,2
tiny,2
forum,2
laugh,2
interview,2
defending,2
prey,2
profile,2
vocation,2
australia,2
puthucheary,2
several,2
mentioned,2
lots,2
ensure,2
specific,2
unitsvocations,2
desired,2
trigger,2
finger,2
previous,2
accident,2
sing,2
coy,2
often,2
cat,2
forces,2
stated,2
became,2
conclusion,2
discriminating,2
chicken,2
tinder,2
destroy,2
check,2
rsingapore,2
move,2
plus,2
hairy,2
bottom,2
muscular,2
scream,2
persecution,2
introduce,2
sexism,2
party,2
pass,2
wusg,2
moment,2
sharvesh,2
wing,2
ryan,2
giggs,2
peak,2
angry,2
speech,2
maintain,2
game,2
practise,2
calling,2
gets,2
response,2
halimah,2
malay,2
superior,2
malays,2
roots,2
lee,2
perhaps,2
camera,2
iss,2
anot,2
overboard,2
cancelled,2
faps,2
isd,2
entitled,2
express,2
stage,2
racists,2
malaysia,2
reject,2
sexist,2
preferring,2
ball,2
runs,2
across,2
choosing,2
feels,2
pwn,2
bros,2
comes,2
intimate,2
accuse,2
shoot,2
ministers,2
bloody,2
wake,2
alleged,2
train,2
straitstimescom,2
pork,2
expected,2
north,2
hacker,2
hackers,2
room,2
bye,2
bullying,2
recommended,2
penal,2
censor,2
migrant,2
spouses,2
housing,2
primary,2
basically,2
set,2
computer,2
items,2
forget,2
factors,2
system,2
recommend,2
definitions,2
collaboration,2
upcoming,2
virtual,2
registration,2
register,2
via,2
zoom,2
gsa,2
coordinator,2
framework,2
space,2
service,2
sensitive,2
nonbinary,2
passionate,2
facilitating,2
university,2
responsible,2
workshops,2
workplaces,2
potential,2
partners,2
resources,2
inclusion,2
cow,2
binary,2
huh,2
explain,2
disagree,2
difficult,2
amongst,2
tumblr,2
total,2
handicap,2
confusing,2
describe,2
gonna,2
dysphoria,2
concernedâ,2
reaction,2
advocacy,2
passed,2
dialogue,2
wrote,2
queers,2
denied,2
changing,2
encourage,2
voluntary,2
evidencebased,2
treating,2
exploring,2
societal,2
pressures,2
stress,2
wellbeingâ,2
offend,2
wong,2
current,2
behalf,2
controversial,2
rebel,2
secular,2
recruiting,2
friend,2
jesus,2
outcast,2
havenâ,2
places,2
equate,2
peoplee,2
belief,2
stone,2
killed,2
smite,2
observation,2
pervert,2
sunday,2
invisible,2
educated,2
speaking,2
opposed,2
genocide,2
neighbour,2
upholding,2
effects,2
stance,2
strong,2
proven,2
citizens,2
leak,2
publically,2
comfort,2
anonymity,2
righteous,2
porn,2
masturbate,2
spa,2
gong,2
watching,2
bully,2
allowing,2
condemning,2
hatred,2
evil,2
standards,2
environmental,2
caused,2
eye,2
denying,2
finding,2
option,2
merits,2
according,2
meaning,2
primitive,2
although,2
infiltrate,2
ultimate,2
fb,2
disagreeing,2
brains,2
major,2
upset,2
king,2
thinks,2
beings,2
wrongly,2
recall,2
teachings,2
hostile,2
imposes,2
says,2
modern,2
quote,2
bother,2
literally,2
seditious,2
careful,2
wont,2
happen,2
hey,2
cisgender,2
expression,2
mx,2
emotional,2
surgery,2
weâ,2
notice,2
viral,2
solidarity,2
priest,2
cum,2
helicopter,2
cares,2
draw,2
line,2
spot,2
pools,2
clementi,2
along,2
condemn,2
numbers,2
increasing,2
super,2
heavily,2
gen,2
wouldnt,2
excuses,2
wham,2
ngerng,2
steal,2
dicks,2
pool,2
artistes,2
ya,2
bts,2
import,2
quick,2
definite,2
doesnâ,2
senko,2
waifu,2
pillow,2
noticed,2
wise,2
caring,2
nope,2
meh,2
quo,2
wish,2
growth,2
yup,2
standpoint,2
neither,2
bothered,2
harmed,2
luck,2
movements,2
close,2
fair,2
mainly,2
react,2
stating,2
tendencies,2
hahaha,2
begin,2
oppie,2
impressionable,2
sickening,2
movie,2
homo,2
vagina,2
beyond,2
species,2
soâ,2
drug,2
continue,2
undergo,2
hormone,2
available,2
wife,2
suicide,2
reasons,2
generally,2
champion,2
lack,2
survive,2
fear,2
rapist,2
bodies,2
hormones,2
obsessed,2
smell,2
divorce,2
determine,2
pls,2
arrangement,2
opposite,2
rice,2
downstairs,2
doggy,2
clearly,2
hunt,2
father,2
generations,2
holier,2
thou,2
narrow,2
reminds,2
mattersthis,2
dealt,2
oogachaga,2
stern,2
whack,2
busy,2
bringing,2
ideas,2
biden,2
welcome,2
island,2
build,2
fast,2
realize,2
hold,2
screwup,2
appoints,2
journalist,2
executive,2
editor,2
protected,2
fellow,2
institutions,2
congrats,2
hk,2
western,2
scmp,2
immediately,2
interests,2
threatened,2
seeing,2
ms,2
skin,2
woof,2
manga,2
apr,2
hanif,2
mar,2
closely,2
commented,2
oppressive,2
torture,2
dropped,2
dr,2
watson,2
diversity,2
color,2
moon,2
chances,2
dad,2
hungry,2
grooming,2
display,2
manly,2
staring,2
camps,2
acknowledge,2
raising,2
allowed,2
hdb,2
ikea,2
guarantee,2
suspect,2
perversions,2
head,2
fancy,2
polite,2
spots,2
hong,2
blood,2
em,2
activist,2
clone,2
step,2
dangerous,2
predator,2
period,2
fishy,2
mannerisms,2
vicious,2
cycle,2
defective,2
electronic,2
habit,2
included,2
causes,2
affect,2
particularly,2
disciplinary,2
moerun,2
access,2
tay,2
working,2
discriminatory,2
autonomy,2
policing,2
hbl,2
concrete,2
stressed,2
urgent,2
apologise,2
protests,2
legal,2
pc,2
phobia,2
risking,2
steps,2
compassionate,2
affected,2
wheelchair,2
tolerance,2
inclusivity,2
drawing,2
happily,2
wheelchairs,2
average,1
types,1
freak,1
loudly,1
flashy,1
disruptive,1
surf,1
colleague,1
trolls,1
ib,1
placeschina,1
onto,1
veggies,1
street,1
meatlovers,1
genderequality,1
misandry,1
matriarchy,1
selective,1
intro,1
leaving,1
understood,1
skeptical,1
bigoted,1
folks,1
overcompensation,1
cover,1
betamaleness,1
forcing,1
equality,1
thinkers,1
changedi,1
knowwell,1
adapteventually,1
translady,1
myselfand,1
notactually,1
womenswordfight,1
quitehehehehlike,1
electric,1
accurate,1
executed,1
victims,1
perverse,1
tells,1
tries,1
truly,1
lowered,1
unfortunate,1
sexualizing,1
premise,1
follows,1
aheadâ,1
fault,1
subsequently,1
brand,1
speaks,1
sicker,1
slope,1
slippery,1
retard,1
societial,1
suppress,1
sickness,1
actor,1
stepped,1
heâ,1
canadianâ,1
asiancanadian,1
unforgivable,1
eternal,1
revisit,1
diff,1
hellfire,1
adult,1
sensible,1
ephebophile,1
infamous,1
charged,1
regress,1
bugger,1
struck,1
dsm,1
foreseeably,1
punishable,1
burning,1
stake,1
decriminalizing,1
victimless,1
vr,1
succeeding,1
bode,1
temporary,1
setback,1
childrendamn,1
prevents,1
biblical,1
sodom,1
bastion,1
hasnâ,1
apologised,1
coward,1
exchange,1
befriended,1
named,1
emily,1
popular,1
strangers,1
learnt,1
earn,1
providing,1
needed,1
subscriber,1
module,1
return,1
replied,1
wantedâ,1
arranged,1
bought,1
convenience,1
store,1
changi,1
airport,1
headed,1
performed,1
afterwards,1
documents,1
crime,1
victimâ,1
ostensibly,1
endorsed,1
positive,1
lacked,1
requisite,1
maturityâ,1
fined,1
punished,1
pronounce,1
hut,1
tut,1
fut,1
sucking,1
simultaneously,1
banged,1
lipstick,1
waiâ,1
acrossâ,1
hu,1
covinced,1
joins,1
vietcong,1
vietlast,1
joker,1
myanmar,1
listen,1
suited,1
practical,1
demo,1
filling,1
filth,1
flush,1
pipes,1
hi,1
peopleboobs,1
toc,1
helping,1
warriors,1
cabinet,1
member,1
spouse,1
chasten,1
washington,1
july,1
privileges,1
racereligion,1
fish,1
fry,1
walk,1
therefore,1
precedence,1
sincerely,1
feedback,1
welcomed,1
purposes,1
recognised,1
organisations,1
alliance,1
hat,1
shirt,1
parade,1
rapid,1
succession,1
analyses,1
obtained,1
seemed,1
hierarchy,1
hookup,1
led,1
resignation,1
monsignor,1
jeffrey,1
burrill,1
bishopsâ,1
conference,1
unnamed,1
unspecified,1
rectories,1
archdiocese,1
newark,1
jersey,1
emitted,1
signals,1
city,1
offlimits,1
tourists,1
pillar,1
unnerved,1
leadership,1
introduced,1
potentially,1
weapon,1
critics,1
users,1
assume,1
unavailable,1
romanists,1
khai,1
shong,1
pleading,1
midway,1
amended,1
attempted,1
procuring,1
commission,1
obscene,1
nearly,1
sat,1
hour,1
returned,1
waiting,1
apeopleied,1
hurriedly,1
shorts,1
alfred,1
explore,1
millennialway,1
datingâ,1
studying,1
polytechnic,1
revised,1
chatting,1
scene,1
disposition,1
certainly,1
knowledge,1
exploration,1
actionâ,1
mitigation,1
plea,1
looked,1
picturesâ,1
discourteous,1
inform,1
showed,1
explicit,1
videos,1
expressed,1
suggested,1
parting,1
ways,1
retrieve,1
amutual,1
submitting,1
six,1
luring,1
misleading,1
save,1
significantly,1
matrix,1
misled,1
coerce,1
cajole,1
liaisons,1
mutual,1
endâ,1
benjamin,1
samyathan,1
eight,1
skinonskin,1
ordinarily,1
warranted,1
significant,1
district,1
luke,1
messages,1
submitted,1
regarded,1
purported,1
parties,1
aboutâ,1
entirely,1
passive,1
roleâ,1
voluntarily,1
consensual,1
omg,1
lolfrom,1
pa,1
screw,1
assholethe,1
wahsend,1
demand,1
applied,1
locked,1
rubbin,1
genitals,1
nowâ,1
disclosed,1
fbi,1
doubt,1
prepare,1
lubricant,1
excited,1
declared,1
instructor,1
infect,1
deadlier,1
yesh,1
thinked,1
beneficial,1
understudy,1
warned,1
limits,1
stopped,1
serves,1
petdog,1
tooonce,1
warrant,1
campcan,1
touched,1
soldier,1
ps,1
wow,1
platoonmates,1
clubs,1
welfare,1
touchy,1
feely,1
disguised,1
prank,1
pretended,1
bathing,1
pills,1
letter,1
cmpb,1
bed,1
youo,1
intercourse,1
disproportionately,1
transmission,1
classifications,1
ancient,1
hello,1
survived,1
ocs,1
afaik,1
training,1
administrative,1
dancer,1
works,1
stupidity,1
panties,1
associate,1
dirty,1
sanctity,1
youâ,1
established,1
recover,1
godintended,1
mate,1
noncombat,1
consolation,1
prize,1
serving,1
saving,1
email,1
guess,1
verifications,1
talents,1
depending,1
severity,1
disabled,1
handed,1
industrial,1
broke,1
leg,1
healed,1
properly,1
besides,1
scdf,1
matching,1
pes,1
detailed,1
subcategories,1
classify,1
personnel,1
armed,1
transvestites,1
paedophiles,1
confidential,1
directive,1
molesting,1
encountered,1
girly,1
units,1
deemed,1
arrive,1
mathematic,1
steams,1
whens,1
bathings,1
fussy,1
scandal,1
geylang,1
desker,1
rd,1
massage,1
difficut,1
lolol,1
cmb,1
mens,1
vanilla,1
chocolate,1
ice,1
cream,1
idiots,1
wakeup,1
supremacy,1
critical,1
theory,1
hive,1
subs,1
accounts,1
losers,1
bang,1
waste,1
alr,1
tops,1
wan,1
smooth,1
btm,1
asks,1
jump,1
occupation,1
ageism,1
elitism,1
disparaging,1
remarks,1
voices,1
chiefs,1
enjoying,1
bet,1
vigorously,1
rightist,1
delay,1
david,1
beckham,1
team,1
retardation,1
twitter,1
meaningless,1
teenagers,1
liberally,1
colloquial,1
formal,1
steady,1
stream,1
absurd,1
fine,1
sweet,1
corn,1
bs,1
tactics,1
rid,1
toxicity,1
nrics,1
holidays,1
vesak,1
celebrated,1
ignorance,1
overflows,1
ashamed,1
yacob,1
certified,1
isnt,1
selfentitled,1
prick,1
sean,1
leatchmanan,1
parroting,1
selfcentred,1
bigoty,1
bullcrap,1
bold,1
economist,1
tensions,1
simmered,1
decades,1
chauvinism,1
deep,1
watered,1
kuan,1
yew,1
singaporeâ,1
prime,1
minister,1
remained,1
influential,1
death,1
shown,1
reflect,1
cumming,1
omegle,1
racisms,1
mothers,1
calleds,1
selfs,1
entitleds,1
uglys,1
everyones,1
rub,1
faces,1
land,1
brave,1
putin,1
nemesis,1
wakesg,1
canâ,1
shed,1
saga,1
hahahahahahahahahha,1
worldview,1
models,1
reality,1
runway,1
strut,1
failingly,1
wikipedia,1
definition,1
perpetuated,1
causeway,1
automatically,1
oppressing,1
malaysian,1
thai,1
level,1
ugly,1
mods,1
rsg,1
deny,1
lived,1
lame,1
midfielder,1
winger,1
suggests,1
explosive,1
pace,1
dribbling,1
excellence,1
technical,1
garrincha,1
marc,1
overmars,1
luis,1
figo,1
robert,1
pires,1
thierry,1
henry,1
damien,1
duff,1
arjen,1
robben,1
andrei,1
kanchelskis,1
cristiano,1
ronaldo,1
ronaldinho,1
proindividualism,1
thrive,1
collectivism,1
invoke,1
class,1
struggle,1
aka,1
communist,1
bastards,1
hurtful,1
deaf,1
mute,1
beggars,1
page,1
landlords,1
tenant,1
cards,1
flashing,1
preferance,1
yrs,1
sammyboy,1
dome,1
stables,1
problematic,1
glass,1
heart,1
datefuck,1
forging,1
atbs,1
vietnamese,1
minah,1
familiar,1
toward,1
prejudiced,1
vaccine,1
josephine,1
teo,1
shanmugam,1
swee,1
keat,1
theyâ,1
csi,1
running,1
racial,1
beautiful,1
june,1
beef,1
cows,1
scum,1
marxists,1
groom,1
bathe,1
americas,1
europe,1
drugs,1
bumping,1
flattering,1
cold,1
hoodie,1
glasses,1
oops,1
disservice,1
degree,1
hack,1
smoke,1
reds,1
faster,1
cancer,1
individualism,1
episode,1
labels,1
phobic,1
tackled,1
nonconfirming,1
establish,1
guidelines,1
qaffirming,1
sexualitybased,1
reiterated,1
contribute,1
stigma,1
selfesteem,1
proposes,1
citizenship,1
accessible,1
eligiveility,1
criteria,1
visit,1
transparent,1
backfire,1
bullies,1
harder,1
elicit,1
stirring,1
official,1
recognition,1
study,1
mainstream,1
jolly,1
conform,1
attire,1
regulations,1
customisation,1
hoot,1
petitions,1
demands,1
suggestions,1
lonely,1
phs,1
weekends,1
rolls,1
arr,1
i,1
reset,1
parent,1
internal,1
auditor,1
calls,1
prohibit,1
screwed,1
narrative,1
retards,1
spinster,1
puberty,1
bizarre,1
participants,1
tangivele,1
actionable,1
provision,1
encourages,1
appreciates,1
participate,1
basset,1
cancerian,1
cowboyadjacent,1
carving,1
platforms,1
centering,1
margins,1
everyseeker,1
experimental,1
festival,1
prairies,1
treaty,1
territories,1
moved,1
kjipuktuk,1
miâ,1
kmaâ,1
ki,1
halifax,1
completing,1
windsor,1
traumainformed,1
personcentered,1
antioppressive,1
willingness,1
excitement,1
organizing,1
province,1
developing,1
curriculum,1
consulting,1
organizations,1
implementing,1
preparing,1
nova,1
scotia,1
barristersâ,1
cowboy,1
adjacent,1
offended,1
phillipines,1
hahahahahahahahahahahahahahahahahahahahahahahahahahahahahahahahahahahahahahahahahahahahahahahahahahahahahahahahahahahahahahahahahahahahahahahahahahahahahahahahahahahahahahahahahahahahahahahahahahahahahahahahahahahahahahahahahahahahahahahahahahahahahahahahahahahahahahahahahahahahahahahahahahahahahahahahahahahahahahahahahahahahahahahahahahahahahahahahahahahahahahahahahahahahahahahahahahahahahahahahahahahahahahahahahahahahahahahahahahahahahahahahahahahahahahahahahahahahahahahahahahahahahahahahahahahahahahahahahahahahahahahahahahahahahahahahahahahahahahahahahahahahahahahahahahahahahahahahahahahahahahahahahahahahahahahahahahahahahahahaha,1
expanded,1
adding,1
letters,1
lor,1
wall,1
wonderingâ,1
rate,1
unlimited,1
currently,1
listed,1
alphabetically,1
description,1
pokemon,1
unowns,1
millennia,1
institute,1
unown,1
triple,1
nuked,1
sent,1
sun,1
design,1
alien,1
twospiritâ,1
refers,1
identifies,1
indigenous,1
spiritual,1
stroke,1
showing,1
canadaâ,1
linked,1
robinson,1
road,1
five,1
known,1
reacted,1
canadian,1
bill,1
banning,1
released,1
ideologicalpolitical,1
troublingâ,1
consistently,1
adversity,1
targets,1
outreach,1
programs,1
widely,1
discredited,1
method,1
oneâ,1
consentbased,1
nonaffirmingâ,1
comprises,1
week,1
orientations,1
clients,1
andor,1
orientationidentity,1
assumptions,1
goals,1
originated,1
managing,1
promoting,1
appeared,1
efforts,1
socalled,1
unfairly,1
painting,1
practicing,1
truthâ,1
described,1
shared,1
unqualifiedâ,1
jason,1
helms,1
spoke,1
regrettably,1
committee,1
highly,1
farreaching,1
implicationsâ,1
hosted,1
february,1
quentin,1
van,1
meter,1
transgenderism,1
ie,1
inner,1
rise,1
evangelical,1
churches,1
pre,1
thousands,1
fill,1
hall,1
overcome,1
godfearing,1
figures,1
closetâ,1
himher,1
reglious,1
profess,1
monitor,1
form,1
hurting,1
thus,1
sinless,1
sinned,1
cast,1
consulted,1
enter,1
gods,1
havoc,1
wars,1
omnipotent,1
creator,1
roam,1
rampant,1
crap,1
molestors,1
shepards,1
throw,1
atheist,1
upskirt,1
tattoo,1
druggie,1
scammer,1
seldom,1
rare,1
assessments,1
supposedly,1
suffering,1
delusions,1
genocidal,1
deities,1
evaluate,1
amazing,1
sitting,1
admits,1
targeting,1
psychs,1
fire,1
equilibrium,1
unbalanced,1
abused,1
rebels,1
taliban,1
afghanistan,1
thy,1
cheek,1
morale,1
loudest,1
talks,1
cheating,1
viewpoint,1
wana,1
adverse,1
casting,1
judgment,1
controlled,1
hypocritical,1
incorrect,1
foreigner,1
pic,1
op,1
bus,1
grab,1
sniffing,1
whilst,1
rubbing,1
bum,1
actual,1
physical,1
injuries,1
lifetime,1
nonvoting,1
dictating,1
impersonal,1
shouldnâ,1
oppose,1
credit,1
baseless,1
sic,1
bjj,1
bwj,1
info,1
desert,1
scripture,1
coin,1
allah,1
preach,1
kong,1
hee,1
fai,1
choi,1
dug,1
hide,1
psychology,1
psychologist,1
diagnose,1
prescribe,1
medicine,1
tests,1
subjective,1
gone,1
ratio,1
parliament,1
diverse,1
lean,1
jackpot,1
direct,1
boss,1
opens,1
flood,1
gates,1
wishywashy,1
amassing,1
antichrist,1
likeand,1
breeds,1
authoritarian,1
regimes,1
corruption,1
echelons,1
double,1
greed,1
lowest,1
hanging,1
fruit,1
dreams,1
ainâ,1
needing,1
funding,1
excluded,1
polarizes,1
easy,1
hijacked,1
expert,1
quarrel,1
sinful,1
believer,1
evolve,1
latest,1
courses,1
scams,1
pofma,1
biggie,1
emphasize,1
improved,1
market,1
deprive,1
vulnerable,1
democracy,1
injustice,1
paints,1
paint,1
outright,1
managed,1
tame,1
ascetic,1
ï¼,1
realised,1
struggled,1
goal,1
emphasis,1
reckless,1
wild,1
heap,1
pseudo,1
damaged,1
heads,1
ten,1
gt,1
guard,1
feminists,1
tong,1
hai,1
convinced,1
image,1
batman,1
comics,1
focusing,1
concern,1
pure,1
devil,1
corrupt,1
bedrooms,1
mums,1
dadsand,1
triggered,1
conflict,1
chilled,1
pushy,1
sweeping,1
behaviors,1
unique,1
equally,1
capable,1
compromise,1
alongside,1
premarital,1
bible,1
forbidden,1
unnatural,1
neeed,1
fantasy,1
stories,1
affecting,1
millions,1
leviticus,1
bethlehem,1
exact,1
lines,1
believerwhy,1
freewill,1
abusing,1
interpretation,1
tool,1
entity,1
abrahamic,1
misgender,1
attribute,1
intentionally,1
uses,1
language,1
ladiesâ,1
allosexism,1
allosexual,1
ally,1
asexualish,1
bigender,1
biphobia,1
butch,1
cishet,1
cissexism,1
crossdresser,1
demisexual,1
queen,1
nonconforming,1
genderfluid,1
grey,1
asexuality,1
heteronormativity,1
heterosexism,1
microaggression,1
monosexism,1
monosexual,1
ne,1
nim,1
nir,1
pansexual,1
romantic,1
reassignment,1
sexualish,1
transition,1
vem,1
vir,1
xe,1
xem,1
xyrs,1
zie,1
hir,1
updated,1
glossary,1
explained,1
heckin,1
unicorn,1
topics,1
fret,1
compiled,1
huge,1
qrelated,1
concepts,1
heckinunicorncom,1
satki,1
sparked,1
activism,1
sexi,1
cheers,1
hiring,1
liability,1
drawer,1
flying,1
approval,1
imply,1
triggers,1
multisexual,1
tyrannosaurus,1
rex,1
lord,1
cringe,1
situations,1
simplifies,1
avoids,1
bush,1
slapping,1
imaginary,1
straighten,1
wordfaggot,1
gyms,1
fests,1
swim,1
nightmares,1
simps,1
moron,1
scary,1
worrying,1
upward,1
trend,1
uncontainable,1
exists,1
backfires,1
assault,1
murder,1
emdw,1
woooo,1
publicly,1
shadow,1
bone,1
started,1
kissing,1
note,1
wingman,1
guysthey,1
ill,1
sicko,1
sickoâ,1
lockdown,1
activists,1
kokila,1
alfian,1
saat,1
compete,1
olympic,1
games,1
worried,1
dignity,1
pussies,1
settle,1
sausage,1
tiktok,1
hiding,1
propagate,1
stared,1
challenger,1
yesterday,1
creeps,1
powers,1
everydaysure,1
flamboyant,1
daring,1
carpark,1
beside,1
subaru,1
distinguish,1
creepy,1
stare,1
faggotâ,1
replace,1
lower,1
rates,1
nono,1
took,1
sdp,1
wonâ,1
partake,1
object,1
affair,1
abstent,1
event,1
fluids,1
mediacorpse,1
apologize,1
depicting,1
nah,1
esp,1
prepared,1
permaban,1
fondling,1
otherâ,1
disturbing,1
fighters,1
wedding,1
bookings,1
longer,1
challenge,1
qia,1
btos,1
whole,1
normalize,1
representation,1
ditto,1
cancerous,1
unproductive,1
counterproductive,1
destructive,1
achieve,1
healthy,1
annoying,1
helps,1
drawback,1
culprit,1
defensive,1
supposed,1
disadvantaged,1
legally,1
abolish,1
conscription,1
nosy,1
nonsensical,1
libtard,1
shy,1
overuse,1
defend,1
conversely,1
disrupted,1
lifestyles,1
showcase,1
loud,1
influencing,1
hunted,1
herethey,1
livesthey,1
nasty,1
distinction,1
consult,1
daze,1
knew,1
befriend,1
partly,1
excessively,1
forceful,1
marginalised,1
bah,1
prideful,1
accepting,1
unfriend,1
noooooo,1
jealous,1
repel,1
neutralâ,1
ass,1
reach,1
maturity,1
erection,1
inconclusive,1
debatable,1
determined,1
nurtured,1
leaning,1
juz,1
bigots,1
evything,1
concerts,1
approve,1
songs,1
overbearing,1
empathise,1
receptive,1
hopefully,1
recognise,1
delivered,1
shorter,1
stick,1
merry,1
inflate,1
suit,1
embrace,1
sexes,1
cancel,1
implications,1
signed,1
cert,1
impacts,1
economy,1
opinion,1
affects,1
functioning,1
organism,1
areâ,1
wuhan,1
isâ,1
attaining,1
tertiary,1
signing,1
pmet,1
addiction,1
likewise,1
robbery,1
rob,1
bank,1
disorders,1
unhealthy,1
genuine,1
imbalance,1
treatments,1
hippie,1
fad,1
whathever,1
brainwashing,1
peer,1
toso,1
abalone,1
nutur,1
perceive,1
lamborghini,1
massacre,1
raping,1
dead,1
drunk,1
worldly,1
torn,1
necessity,1
constant,1
terror,1
uncommon,1
unnaturalâ,1
natureâ,1
inject,1
operation,1
voice,1
considering,1
nominated,1
piece,1
choiceâ,1
nuture,1
indicator,1
scientifically,1
spared,1
paranoia,1
seemingly,1
funday,1
confirmed,1
max,1
weight,1
bear,1
selection,1
presumed,1
raped,1
proof,1
compare,1
cannibalize,1
anger,1
nubitol,1
approach,1
respectful,1
occurred,1
dictates,1
prefered,1
absent,1
fatherly,1
inmates,1
duck,1
variance,1
skinny,1
tall,1
meek,1
dominant,1
missionary,1
solid,1
labelled,1
packs,1
witch,1
shame,1
sjwfuck,1
extremely,1
cohosting,1
notes,1
regret,1
cohosted,1
scared,1
warnings,1
manage,1
liaoâ,1
dear,1
noses,1
supply,1
att,1
interference,1
fart,1
master,1
miws,1
sanction,1
assets,1
ibs,1
glassheart,1
discussing,1
intolerance,1
evenly,1
clowns,1
biggest,1
sleepy,1
nation,1
reminder,1
sharp,1
elbow,1
variant,1
kamala,1
naval,1
ships,1
repairs,1
servicing,1
military,1
base,1
strategic,1
location,1
map,1
accusing,1
misdirection,1
magician,1
lolâ,1
snakes,1
cowboys,1
petty,1
capability,1
scenes,1
foresee,1
cyberattack,1
jurisdictions,1
johor,1
holds,1
convention,1
legalise,1
advise,1
migrate,1
fearing,1
addicts,1
conventions,1
reddot,1
vaccines,1
priority,1
didnâ,1
everybodyâ,1
priorities,1
articulate,1
permits,1
sigh,1
roundwhat,1
karma,1
bitch,1
nephew,1
somebody,1
ashes,1
afterall,1
peace,1
cent,1
worth,1
shemale,1
employers,1
capabilities,1
transexual,1
chicago,1
columbia,1
flooding,1
shores,1
qualifications,1
shady,1
sheâ,1
hongkee,1
pokes,1
divorced,1
concept,1
posting,1
blocked,1
user,1
diaspora,1
companies,1
abnormality,1
deviant,1
depravity,1
aggressive,1
box,1
starhub,1
singtel,1
transformation,1
transit,1
hoping,1
transistor,1
ranks,1
pr,1
qualified,1
appointed,1
relevant,1
disappointing,1
hurl,1
slurs,1
accusations,1
agendaâ,1
highvalue,1
unwilling,1
backsides,1
eunuch,1
transgenders,1
congratulations,1
healthily,1
energy,1
positively,1
credentials,1
colour,1
arm,1
meritocracy,1
handpap,1
wairing,1
sax,1
brainwashed,1
cultural,1
hegemony,1
collar,1
lil,1
amount,1
faggotry,1
poison,1
bullshit,1
fiction,1
desc,1
discrimnated,1
entering,1
assigned,1
lololol,1
inciting,1
crimin,1
criminalises,1
muhammad,1
mohamed,1
huzairi,1
counts,1
incitement,1
communication,1
servant,1
justice,1
kee,1
oon,1
upheld,1
constitutional,1
mounted,1
verdict,1
issued,1
expressing,1
disappointment,1
disappointed,1
replaced,1
threats,1
incitements,1
deadass,1
boomer,1
maintained,1
legalisation,1
price,1
instastory,1
night,1
corrupted,1
crumble,1
breaking,1
djkopikat,1
click,1
expand,1
nopork,1
diet,1
violent,1
solidary,1
cell,1
poked,1
dropping,1
soap,1
resident,1
imam,1
twenty,1
netflix,1
irregular,1
shoved,1
forcefully,1
nasa,1
budget,1
highlight,1
highlighted,1
disney,1
partially,1
portray,1
buzzword,1
showbiz,1
decadence,1
nations,1
paging,1
loo,1
alpha,1
arses,1
latino,1
eastern,1
aso,1
yr,1
rot,1
starts,1
tim,1
cook,1
refering,1
highsociety,1
tree,1
bark,1
islam,1
pakistan,1
holy,1
prosecuted,1
stoned,1
tutor,1
meanthis,1
rejected,1
lose,1
gals,1
snot,1
aggressively,1
afford,1
strip,1
pee,1
urine,1
sniping,1
gf,1
destination,1
behavioural,1
sink,1
plugs,1
sockets,1
multiplugs,1
sayeven,1
onealso,1
awesome,1
youwould,1
gather,1
squat,1
station,1
arse,1
trendy,1
suppressed,1
finally,1
im,1
hours,1
neighbor,1
acquaintances,1
ff,1
outlet,1
lock,1
opened,1
slammed,1
applying,1
rosy,1
cheeks,1
grinder,1
boyfriend,1
widespread,1
areeducation,1
motherland,1
hes,1
thinkin,1
isnâ,1
campaigns,1
thingsall,1
closets,1
feeling,1
liberated,1
contemplating,1
assessment,1
inherit,1
wealth,1
traditional,1
slaves,1
quietly,1
struggles,1
grew,1
grandchildren,1
poly,1
throuple,1
certificate,1
motives,1
molested,1
daily,1
gangbang,1
milk,1
motive,1
judged,1
individually,1
mold,1
mature,1
horrible,1
tampines,1
terrible,1
parenting,1
affluent,1
preferable,1
stuck,1
poverty,1
affection,1
flock,1
functional,1
photos,1
fathers,1
moms,1
annoyed,1
preschool,1
kindergarten,1
committing,1
tons,1
google,1
offences,1
capacity,1
socialise,1
shocking,1
reported,1
covered,1
ignored,1
forgotten,1
embarrassment,1
differ,1
progressive,1
carer,1
sandwiches,1
kitchen,1
judgement,1
bias,1
fashion,1
mindset,1
meat,1
vegetarian,1
harping,1
orgies,1
protection,1
seduced,1
sq,1
tcs,1
advances,1
behave,1
versus,1
bluntly,1
unconvinced,1
saunas,1
cruising,1
park,1
speakers,1
corner,1
overall,1
akin,1
surrogates,1
depend,1
adpot,1
genuinely,1
final,1
coa,1
favour,1
custody,1
peverts,1
possible,1
anal,1
madness,1
loves,1
principles,1
deem,1
reading,1
forth,1
wiped,1
predators,1
deviants,1
chose,1
imprinted,1
growing,1
newspaper,1
publications,1
confident,1
asset,1
challenging,1
hence,1
hypocrisy,1
groomer,1
playthings,1
define,1
ispend,1
household,1
flaw,1
loophole,1
finances,1
adequately,1
stable,1
financially,1
sperm,1
surrogacy,1
quantify,1
overrated,1
hypothetical,1
allows,1
spoil,1
orphanage,1
objectively,1
pervs,1
shapes,1
sizes,1
woody,1
allen,1
stereotyping,1
successfuly,1
discredit,1
explaining,1
nickname,1
catty,1
hbo,1
lump,1
couples,1
traumatized,1
unto,1
completely,1
paedophilia,1
unnecessarily,1
unbelievable,1
messy,1
coverage,1
accuser,1
admiring,1
respecting,1
mistakening,1
worshipping,1
hero,1
loveand,1
needle,1
alignmentand,1
remains,1
calibration,1
memory,1
childhood,1
cars,1
driver,1
auto,1
tune,1
highway,1
jurong,1
emotionally,1
repealed,1
slowly,1
correlation,1
attract,1
drew,1
definitively,1
learned,1
behavior,1
hormonal,1
exposure,1
sâ,1
pore,1
urging,1
tuesday,1
evening,1
junior,1
college,1
interfered,1
replacement,1
hrt,1
lune,1
shethey,1
subjected,1
violenceâ,1
range,1
regulating,1
hairstyles,1
uniforms,1
prevention,1
alumni,1
returning,1
discriminationâ,1
hoped,1
seat,1
tableâ,1
attend,1
nongovernmental,1
founder,1
elijah,1
assembly,1
systems,1
themâ,1
leaders,1
forefront,1
promise,1
severely,1
lacking,1
deserve,1
betterâ,1
fighting,1
bare,1
minimumâ,1
harassment,1
longstanding,1
damages,1
denies,1
educationâ,1
counsellors,1
professionals,1
undermining,1
privacy,1
bodily,1
limited,1
controlling,1
clothes,1
match,1
clothing,1
checks,1
examining,1
underclothes,1
prohibiting,1
punishing,1
shaming,1
treats,1
disrespecting,1
confidentiality,1
outing,1
excluding,1
homebased,1
offered,1
circumstances,1
refusing,1
requested,1
censoring,1
mention,1
disciplining,1
continuing,1
context,1
informing,1
sexed,1
deems,1
conduct,1
failing,1
reproductive,1
criticised,1
acknowledged,1
actions,1
alleviate,1
harmâ,1
merely,1
abundantly,1
testimonies,1
notâ,1
invested,1
role,1
civic,1
lessons,1
instruct,1
othersâ,1
practice,1
reinforce,1
practicesâ,1
urged,1
explicitly,1
commit,1
implement,1
existing,1
expertiseâ,1
edit,1
article,1
attributed,1
network,1
conveyed,1
error,1
lazy,1
mom,1
staff,1
dissidents,1
bit,1
deport,1
manpower,1
summarise,1
standard,1
sop,1
raid,1
homes,1
confiscate,1
records,1
fomenting,1
unrest,1
protesters,1
weirdos,1
fully,1
cardboard,1
smile,1
jokers,1
eu,1
tldr,1
freaks,1
deported,1
sue,1
witnessing,1
diplomacy,1
incident,1
pressing,1
enhance,1
punishment,1
ages,1
duplicate,1
disgustingpuke,1
bail,1
reeducation,1
minds,1
win,1
tqqiaap,1
noisy,1
morons,1
wondering,1
permit,1
buggers,1
deterrent,1
record,1
infected,1
politically,1
inappropriately,1
joe,1
recently,1
propose,1
punish,1
quickly,1
goot,1
staging,1
headquarters,1
buona,1
vista,1
dhany,1
osman,1
yahoo,1
thrown,1
knowing,1
truth,1
acknowledging,1
illnesses,1
agendadriven,1
normalisation,1
preventing,1
suffer,1
seeking,1
opportunity,1
predatory,1
recruitment,1
successfully,1
wool,1
wellmeaning,1
poorly,1
informed,1
fooled,1
documented,1
evidences,1
deceptive,1
behaviours,1
gain,1
advantages,1
apeopleicable,1
gratification,1
exception,1
bunched,1
stands,1
associated,1
latter,1
greedy,1
worlds,1
warning,1
demonstrated,1
controversy,1
valid,1
request,1
length,1
per,1
chosen,1
fourth,1
youths,1
discipline,1
differences,1
compassion,1
logic,1
principle,1
herehere,1
advantage,1
situation,1
humanity,1
shine,1
pandemic,1
chemical,1
inbalance,1
sort,1
medication,1
ought,1
satisfied,1
trained,1
past,1
articles,1
competing,1
sporting,1
attending,1
negative,1
arent,1
trusted,1
counsellor,1
attempt,1
testosterone,1
reasoning,1
bombers,1
greater,1
sacrifice,1
invading,1
enabling,1
treated,1
braille,1
bound,1
flight,1
stairs,1
unaided,1
fyi,1
accommodate,1
handful,1
requires,1
restaurant,1
worm,1
privillege,1
red,1
herring,1
book,1
abigail,1
shrier,1
points,1
intentions,1
intensions,1
measures,1
stressful,1
classes,1
mathematician,1
nurture,1
similarly,1
genes,1
tug,1
tussle,1
wider,1
ground,1
yellow,1
bridges,1
entrances,1
ramps,1
framed,1
frame,1
test,1
water,1
budge,1
inch,1
fall,1
bolder,1
regarding,1
ponder,1
secondary,1
essay,1
bend,1
backwards,1
buck,1
shutting,1
opposing,1
adjust,1
oblivious,1
pain,1
buttsex,1
meanwhile,1
pillage,1
opium,1
enemies,1
sissies,1
tofu,1
players,1
gatekeeper,1
gate,1
ges,1
