singaporeans,73
also,72
like,69
singapore,62
singaporean,61
one,57
sg,56
many,55
people,52
get,47
even,46
years,45
us,44
still,43
bank,43
jobs,42
got,39
good,39
know,38
u,38
already,37
pap,36
see,34
need,34
india,33
think,33
local,32
take,31
make,30
kids,28
job,28
well,27
country,27
park,25
say,25
another,24
time,24
indian,23
year,23
home,22
condo,22
long,22
land,21
go,21
better,21
dont,21
scb,21
back,20
much,20
foreigners,20
really,20
come,20
experience,19
ft,19
want,18
east,18
ok,18
never,18
first,18
village,18
would,18
stay,18
company,18
work,17
voted,17
money,17
true,17
complain,17
day,16
ah,16
world,16
bring,16
china,16
came,16
sure,16
problem,16
matter,16
least,16
working,16
please,15
coast,15
since,15
use,15
pay,15
cannot,15
way,15
put,15
talk,15
right,14
ask,14
chinese,14
liao,14
family,14
ago,14
always,14
banks,14
rent,14
locals,14
bad,14
must,14
yes,14
low,14
mom,14
merah,13
last,13
create,13
said,13
fts,13
tanah,12
part,12
plan,12
quota,12
area,12
high,12
buy,12
old,12
whole,12
every,12
could,12
government,12
fact,12
companies,12
ones,12
la,11
post,11
enough,11
sell,11
etc,11
rental,11
next,11
house,11
business,11
everywhere,11
fuck,11
hard,11
talents,11
govt,11
lot,11
dun,11
ts,11
new,11
without,10
send,10
hdb,10
majority,10
reason,10
best,10
close,10
try,10
s,10
let,10
lhl,10
start,10
feel,10
lol,10
going,10
give,10
thread,10
place,10
worse,10
anything,10
tell,10
gov,10
become,10
foreign,10
wonder,10
agreement,10
hire,10
uob,10
playing,9
cricket,9
playground,9
around,9
end,9
children,9
vote,9
happy,9
indians,9
move,9
malaysian,9
used,9
lah,9
chennai,9
find,9
pls,9
look,9
culture,9
talent,9
understand,9
thanks,9
fake,9
instead,9
numbers,9
either,9
countries,9
due,9
standard,9
something,9
hong,9
industry,9
terms,9
show,8
study,8
grab,8
remember,8
lives,8
kind,8
smell,8
living,8
surprised,8
wait,8
n,8
keep,8
population,8
degrees,8
integrate,8
administration,8
big,8
actually,8
others,8
read,8
less,8
ceo,8
melville,8
workers,8
power,8
inside,8
australia,8
maybe,8
article,8
management,8
times,8
lower,8
mean,8
jhk,8
share,8
stupid,7
r,7
soon,7
banking,7
near,7
uptron,7
report,7
everyone,7
might,7
punggol,7
says,7
probably,7
went,7
nothing,7
security,7
started,7
totally,7
asked,7
spread,7
cant,7
ppl,7
future,7
hindi,7
though,7
nc,7
tenants,7
sporeans,7
live,7
ns,7
citizens,7
leh,7
open,7
temasek,7
watch,7
months,7
lose,7
example,7
certain,7
cheap,7
takeover,7
happen,7
changi,7
particular,7
higher,7
hr,7
prof,7
staff,7
list,7
number,7
field,6
white,6
group,6
done,6
ya,6
skill,6
may,6
pura,6
oh,6
married,6
friend,6
talking,6
food,6
means,6
answer,6
playgrounds,6
help,6
hor,6
xenophobic,6
nearby,6
school,6
location,6
sold,6
believe,6
neighbour,6
love,6
gdp,6
masters,6
mostly,6
level,6
taking,6
later,6
quite,6
together,6
situation,6
sengkang,6
point,6
private,6
side,6
else,6
lost,6
taught,6
learn,6
set,6
continue,6
made,6
창,6
getting,6
today,6
per,6
price,6
edmw,6
usually,6
change,6
news,6
parliament,6
likely,6
anoop,6
different,6
overseas,6
credit,6
teach,6
dbs,6
review,6
trying,6
rubbish,6
market,6
miw,6
employment,6
sector,6
kong,6
mas,6
maybank,6
positions,6
empty,5
e,5
play,5
ground,5
respect,5
prata,5
night,5
alot,5
saw,5
delivery,5
guy,5
guys,5
fight,5
thank,5
international,5
choice,5
lee,5
block,5
met,5
lift,5
university,5
listen,5
invaded,5
thought,5
turn,5
accept,5
didnt,5
okay,5
ocbc,5
form,5
seen,5
pore,5
call,5
limits,5
owners,5
team,5
called,5
special,5
serve,5
protect,5
loud,5
estate,5
safe,5
ang,5
stop,5
complaining,5
wah,5
simei,5
party,5
making,5
using,5
fast,5
join,5
degree,5
top,5
friends,5
real,5
accent,5
citizen,5
media,5
moved,5
chinamen,5
till,5
import,5
pinoy,5
moi,5
parents,5
stuff,5
biz,5
income,5
bought,5
name,5
person,5
places,5
yet,5
politics,5
public,5
issue,5
nationality,5
tried,5
canada,5
question,5
looking,5
mnc,5
ap,5
hiring,5
mncs,5
choose,5
rate,5
ccs,5
trash,5
eye,5
general,5
finance,5
nationals,5
employees,5
support,5
statistics,5
citi,5
economic,5
period,5
rank,5
mrt,4
entire,4
kid,4
running,4
non,4
daughter,4
busy,4
course,4
mp,4
heng,4
grow,4
eventually,4
forefathers,4
gave,4
seems,4
covid,4
dark,4
coming,4
blue,4
balls,4
seeing,4
far,4
largest,4
taken,4
pm,4
bosses,4
student,4
sinkapore,4
flag,4
caste,4
little,4
looks,4
add,4
influx,4
figures,4
born,4
reported,4
racist,4
western,4
swimming,4
c,4
national,4
song,4
rented,4
island,4
fellow,4
families,4
sing,4
filled,4
wor,4
given,4
away,4
needs,4
estates,4
someone,4
hougang,4
housing,4
streets,4
jurong,4
community,4
ed,4
blame,4
wp,4
welcome,4
enjoy,4
curry,4
kick,4
ramesh,4
obvious,4
easy,4
speaking,4
claim,4
thing,4
typical,4
costs,4
ever,4
regulations,4
space,4
anyone,4
throw,4
collect,4
expect,4
die,4
worry,4
education,4
entry,4
straight,4
hope,4
folks,4
copy,4
shift,4
condos,4
ministers,4
outside,4
paid,4
찾,4
otherwise,4
balance,4
sent,4
offer,4
days,4
nobody,4
left,4
bankers,4
useless,4
gonna,4
sort,4
known,4
told,4
win,4
type,4
infested,4
month,4
society,4
paying,4
cheaper,4
wow,4
scmp,4
pr,4
chan,4
cos,4
office,4
ignore,4
daft,4
smart,4
shankar,4
medicine,4
students,4
exposure,4
nationalities,4
fraud,4
able,4
large,4
associate,4
lock,4
quality,4
based,4
stone,4
three,4
hk,4
financial,4
fine,4
thesis,4
word,4
paper,4
application,4
wanted,4
interpretation,4
colleagues,4
b,4
percent,4
scold,4
wellpaid,4
dumping,4
discrimination,4
practices,4
chartered,4
mods,4
closed,4
account,4
skills,4
ban,4
considered,4
salary,4
election,4
employ,4
thus,4
confidence,4
department,4
saying,4
senior,4
willing,4
renegotiation,4
took,4
meetings,4
reports,4
stats,4
walk,3
control,3
starting,3
damn,3
depressed,3
managers,3
cook,3
industries,3
ethnic,3
areas,3
giving,3
men,3
tamil,3
headcount,3
ur,3
referring,3
everything,3
maid,3
invasion,3
fall,3
racism,3
cause,3
escape,3
flights,3
sad,3
serious,3
immigrants,3
step,3
foot,3
turf,3
traids,3
yishun,3
almost,3
nice,3
head,3
loan,3
shop,3
approved,3
defend,3
build,3
posted,3
guard,3
traitor,3
bringing,3
scums,3
pump,3
mix,3
xenophobia,3
wife,3
luckily,3
enclaves,3
thats,3
entering,3
truly,3
boss,3
extinction,3
neighbourhood,3
table,3
allowed,3
apply,3
video,3
pass,3
data,3
landed,3
free,3
sovereign,3
gahment,3
prices,3
avg,3
man,3
wrong,3
actively,3
late,3
gone,3
contaminated,3
verify,3
recent,3
noise,3
previous,3
eg,3
gives,3
idea,3
vs,3
game,3
chao,3
mandarin,3
mai,3
action,3
track,3
crazy,3
train,3
super,3
feels,3
anot,3
dumb,3
policies,3
increase,3
bukit,3
speak,3
discovered,3
names,3
excuse,3
facts,3
arguments,3
evidence,3
realize,3
leave,3
clear,3
behaviour,3
social,3
case,3
sound,3
closer,3
motherland,3
wanna,3
toilet,3
deposit,3
bet,3
yrs,3
sufficient,3
million,3
face,3
remote,3
flight,3
possible,3
staying,3
asset,3
jai,3
owned,3
hang,3
becomes,3
check,3
banned,3
unit,3
common,3
interest,3
overnight,3
tenant,3
ho,3
full,3
meet,3
terrorize,3
pool,3
kena,3
important,3
uni,3
resident,3
comes,3
laugh,3
value,3
gao,3
foreigner,3
language,3
agree,3
bigger,3
units,3
simple,3
bargain,3
target,3
care,3
yield,3
nah,3
laughing,3
amdk,3
suffer,3
definitely,3
ish,3
ict,3
unlike,3
opposition,3
turned,3
biggest,3
bro,3
largely,3
global,3
young,3
kok,3
conveniently,3
unqualified,3
mention,3
heard,3
found,3
created,3
forced,3
age,3
cost,3
rather,3
exposed,3
assistant,3
promoted,3
tio,3
sometimes,3
uk,3
stepping,3
leaving,3
linkedin,3
anyhow,3
roles,3
grad,3
outsource,3
dataset,3
cancer,3
appropriate,3
resumes,3
second,3
internal,3
quotas,3
backs,3
jealous,3
cut,3
skilled,3
role,3
talented,3
mediocre,3
drag,3
client,3
past,3
release,3
profile,3
doubt,3
labour,3
mind,3
mainly,3
firms,3
expats,3
boc,3
chance,3
posts,3
deutche,3
experiences,3
coy,3
board,3
stated,3
deutsche,3
pocket,3
tightly,3
regulated,3
position,3
singtel,3
trading,3
tax,3
investment,3
director,3
exp,3
employee,3
reduce,3
six,3
parties,3
revoked,3
science,3
similar,3
economy,3
kongers,3
showed,3
band,3
ad,3
bunch,3
competitive,3
scratch,3
returning,2
sight,2
proper,2
studying,2
expectation,2
girl,2
stayed,2
somemore,2
educated,2
qualified,2
driver,2
selling,2
residents,2
kill,2
protecting,2
early,2
malays,2
kampung,2
spirit,2
nation,2
building,2
badminton,2
line,2
comments,2
hit,2
forever,2
great,2
yeendia,2
smaller,2
carry,2
book,2
neighborhood,2
oso,2
male,2
v,2
whoreans,2
arrived,2
pretend,2
humble,2
jia,2
demand,2
payment,2
clinic,2
cater,2
deny,2
stupidity,2
dalit,2
reality,2
eh,2
pic,2
underneath,2
hordes,2
pinky,2
pretty,2
brings,2
planning,2
cpf,2
fighting,2
whenever,2
boost,2
imagine,2
territory,2
pee,2
jump,2
experiencing,2
dreams,2
fallacy,2
sign,2
surprising,2
nonlocal,2
globally,2
react,2
rentals,2
calling,2
provide,2
proportion,2
flat,2
renting,2
upload,2
youtube,2
beings,2
voting,2
sooner,2
careful,2
included,2
scheme,2
migrate,2
touch,2
lucky,2
births,2
guess,2
policy,2
prevent,2
practice,2
le,2
west,2
south,2
visit,2
relatives,2
described,2
malls,2
festive,2
occasion,2
downstairs,2
popping,2
small,2
zones,2
residential,2
bloody,2
mill,2
replacing,2
current,2
garden,2
destroying,2
woodlands,2
racial,2
master,2
moving,2
tampines,2
gardens,2
babies,2
cycle,2
supermarket,2
specially,2
grass,2
hokay,2
indo,2
members,2
deserve,2
panjang,2
pink,2
ic,2
songboh,2
locally,2
unmistakeable,2
thick,2
familiar,2
conversation,2
history,2
bred,2
schools,2
embarassing,2
anywhere,2
correct,2
expose,2
hand,2
bully,2
personal,2
ie,2
option,2
avoid,2
logic,2
factual,2
spot,2
asking,2
pick,2
reasons,2
nus,2
taxi,2
sea,2
slum,2
exchange,2
opening,2
spike,2
imported,2
singaporeanland,2
opportunity,2
fucking,2
salaries,2
sink,2
lor,2
uplorry,2
system,2
graduate,2
pmet,2
shiok,2
creating,2
bingo,2
specific,2
kenna,2
hoot,2
dead,2
americans,2
abundant,2
nowhere,2
separate,2
natural,2
fallen,2
bto,2
projects,2
canberra,2
english,2
incompetent,2
maids,2
yew,2
centre,2
reunification,2
hind,2
coz,2
workplace,2
congrats,2
invite,2
lots,2
atbs,2
jewel,2
weekend,2
counter,2
minibus,2
edmwer,2
achieve,2
benefit,2
city,2
writing,2
morning,2
ability,2
terror,2
bo,2
seh,2
passive,2
investors,2
tennis,2
appreciate,2
mumbai,2
capital,2
ai,2
groups,2
recommended,2
felt,2
prior,2
apparently,2
charge,2
noone,2
bargaining,2
clean,2
remove,2
practically,2
unlimited,2
competing,2
cooperate,2
squeeze,2
prefer,2
afford,2
property,2
whatever,2
diversity,2
perhaps,2
pissed,2
anyway,2
travel,2
rest,2
korea,2
yall,2
size,2
satki,2
source,2
graduates,2
lifts,2
basic,2
weird,2
behavior,2
problems,2
parks,2
overwhelming,2
hell,2
decades,2
complaints,2
confined,2
larger,2
idiots,2
seemingly,2
shit,2
stuck,2
story,2
inevitable,2
waste,2
service,2
thiong,2
lolololololol,2
things,2
lky,2
leader,2
beneficiary,2
loh,2
neh,2
eyes,2
haha,2
developing,2
roots,2
wrote,2
profits,2
shows,2
progress,2
xing,2
hui,2
dewey,2
sim,2
credentials,2
nisha,2
employing,2
isnt,2
shocking,2
havent,2
claimed,2
usa,2
africa,2
slave,2
goes,2
fear,2
losing,2
zero,2
sum,2
brought,2
growing,2
importing,2
competition,2
lying,2
depends,2
cbp,2
mbfc,2
life,2
address,2
villages,2
cs,2
refers,2
celsius,2
shankaras,2
supposedly,2
storage,2
prominent,2
fold,2
process,2
red,2
leaders,2
mills,2
difference,2
personally,2
knew,2
qualification,2
official,2
fair,2
ohkays,2
measures,2
behind,2
directly,2
tend,2
attract,2
gain,2
status,2
remuneration,2
fool,2
lecture,2
institutions,2
anti,2
heavily,2
publish,2
papers,2
iirc,2
distribution,2
migrated,2
successfully,2
snakes,2
manage,2
uncover,2
changes,2
quantity,2
investigate,2
bonus,2
starts,2
matters,2
restrict,2
flow,2
tharman,2
fcf,2
initial,2
hence,2
issued,2
transfer,2
shocked,2
shared,2
worst,2
mentioned,2
talked,2
trouble,2
short,2
retrenched,2
strong,2
alone,2
corporate,2
ladder,2
among,2
view,2
notice,2
deliver,2
difficult,2
excuses,2
guilt,2
ear,2
prove,2
however,2
naturalized,2
dunno,2
doctor,2
write,2
rejected,2
impression,2
grounds,2
wants,2
markets,2
wages,2
including,2
experienced,2
watchlist,2
discriminatory,2
success,2
stage,2
funds,2
offsprings,2
signed,2
boycott,2
unfair,2
meh,2
db,2
implement,2
lunch,2
threads,2
kopi,2
dubious,2
upskill,2
wee,2
chinaman,2
sme,2
tiong,2
happened,2
chart,2
finished,2
somewhere,2
pegged,2
growth,2
acct,2
reading,2
meaning,2
dept,2
fyi,2
lo,2
quote,2
tech,2
relatively,2
suisse,2
norm,2
seriously,2
shareholder,2
incumbent,2
hq,2
goldman,2
pockets,2
ghost,2
colleague,2
deals,2
card,2
room,2
within,2
vice,2
xxx,2
floor,2
shares,2
burden,2
unfortunately,2
caucasians,2
opportunities,2
peers,2
lowball,2
settle,2
president,2
drawn,2
regardless,2
unless,2
exceptional,2
ownself,2
ends,2
easily,2
replace,2
save,2
insurance,2
absolutely,2
renegotiate,2
term,2
changing,2
former,2
involves,2
cotton,2
educational,2
essentially,2
poor,2
domestic,2
dislike,2
focus,2
tiongs,2
pinoys,2
accepting,2
exactly,2
fresh,2
pressure,2
fta,2
wish,2
especially,2
converse,2
newspaper,2
pofma,2
picture,2
learnt,2
faction,2
lie,2
angmo,2
accountability,2
beautiful,2
ge,2
marketing,2
computer,2
demographics,2
facing,2
pandemic,2
ahead,2
equal,2
simply,2
two,2
four,2
mismanagement,2
qualifications,2
chap,2
jp,2
morgan,2
asian,2
training,2
blink,2
oppie,2
drop,1
wildly,1
remaining,1
ceos,1
marry,1
everybody,1
direction,1
valuable,1
biryani,1
hindu,1
lessons,1
pre,1
requisite,1
pray,1
xiong,1
semid,1
bedok,1
cemetery,1
dirty,1
birth,1
fb,1
sk,1
papaya,1
acl,1
glade,1
coolie,1
enclave,1
grc,1
trees,1
zedmaster,1
robbedzombie,1
ibcatisbetter,1
stress,1
imploded,1
infighting,1
elsewhere,1
simeicbp,1
horror,1
shithole,1
courts,1
mph,1
kept,1
precious,1
daily,1
fly,1
cabinspassengers,1
filths,1
meant,1
haaa,1
integrating,1
trolled,1
ethic,1
outcome,1
police,1
disaster,1
ec,1
self,1
righteous,1
grandfather,1
fending,1
controlled,1
primary,1
traid,1
bats,1
terrorizing,1
believer,1
potential,1
launch,1
relations,1
wan,1
singaporeanprok,1
heartland,1
cck,1
serves,1
rightwho,1
polite,1
pressed,1
thanked,1
stepped,1
outta,1
snake,1
colors,1
essence,1
lat,1
wat,1
creditors,1
knocking,1
door,1
shiat,1
knnish,1
provision,1
exclusively,1
invade,1
cowardice,1
cocky,1
raped,1
sentosa,1
tramps,1
tourism,1
anybody,1
loyalty,1
grit,1
heart,1
banker,1
torn,1
shirt,1
thousands,1
broke,1
imposing,1
attitude,1
sophisticated,1
cunning,1
polluting,1
pricing,1
dropping,1
singaporeanbu,1
boyfriend,1
decline,1
wwyd,1
daughters,1
stressed,1
wellcalibrated,1
became,1
wholesale,1
result,1
productivity,1
plummeted,1
admit,1
mistake,1
distinguished,1
guests,1
horrifying,1
losers,1
holders,1
earns,1
spouse,1
combinedgood,1
luck,1
whorean,1
outcasts,1
superpower,1
goal,1
cup,1
affect,1
mark,1
dogs,1
rape,1
pools,1
showering,1
lane,1
crowded,1
avatar,1
pics,1
criket,1
steam,1
contribute,1
tuition,1
enrichment,1
centres,1
anymore,1
act,1
pride,1
embrace,1
beloved,1
overlords,1
nv,1
bow,1
greet,1
transformed,1
whats,1
kindergartens,1
clearly,1
honestly,1
noncitizen,1
exceeded,1
works,1
shown,1
maximum,1
flats,1
nonmalaysian,1
reached,1
andor,1
bedrooms,1
sic,1
tks,1
sunny,1
welcomed,1
human,1
acceptance,1
nowadays,1
oklet,1
fights,1
reallysingaporean,1
dependants,1
breakdown,1
charlie,1
brown,1
tm,1
according,1
amy,1
kock,1
maye,1
category,1
swim,1
safra,1
landlords,1
increasing,1
struggle,1
ponzi,1
afloat,1
infamous,1
pa,1
leak,1
gets,1
overrun,1
proforeigner,1
improves,1
livelihoods,1
suffered,1
ministry,1
discriminated,1
lisa,1
tioh,1
verbally,1
temple,1
curiousity,1
north,1
central,1
sounds,1
recall,1
shopping,1
coffee,1
shops,1
dwellers,1
northeast,1
adjacent,1
playgroundjogging,1
letting,1
firecrackers,1
culprits,1
variant,1
visited,1
poll,1
moh,1
noisy,1
billions,1
rise,1
anw,1
manjot,1
singh,1
mann,1
grassland,1
conquered,1
oredi,1
jus,1
standby,1
puzzling,1
defeat,1
purpose,1
slowly,1
assimilated,1
deputy,1
helping,1
exterminate,1
smelly,1
apa,1
awak,1
mahu,1
lagi,1
screaming,1
pasir,1
ris,1
bayshore,1
elections,1
tan,1
cheng,1
bock,1
clown,1
happily,1
ukelehleh,1
strange,1
scene,1
titi,1
chase,1
knn,1
mths,1
stopping,1
stinkie,1
repent,1
charlton,1
residing,1
boys,1
unruly,1
often,1
scooter,1
speeds,1
connector,1
jogging,1
beat,1
yeah,1
offense,1
huge,1
sitting,1
eating,1
rice,1
mixed,1
vegetable,1
highest,1
concentration,1
holder,1
drivers,1
evolution,1
survival,1
fittest,1
disadvantage,1
deserved,1
extinct,1
thankful,1
sport,1
woodlandstiong,1
bahru,1
tale,1
dressing,1
plenty,1
seewhich,1
usless,1
poster,1
raised,1
singlish,1
curling,1
tongue,1
singsong,1
famous,1
casual,1
test,1
anthem,1
recite,1
pledge,1
presidents,1
chronological,1
order,1
odour,1
trust,1
developed,1
whiff,1
stench,1
nature,1
argumentative,1
pathological,1
liars,1
stand,1
mistakes,1
match,1
switch,1
tactics,1
ingratiate,1
ally,1
rebuff,1
steer,1
hesitate,1
flouting,1
laws,1
engaging,1
antisocial,1
unhygenic,1
photovideo,1
stomp,1
zaobao,1
mothership,1
intense,1
scrutiny,1
conscious,1
behave,1
uncle,1
bullied,1
respond,1
properly,1
assertive,1
reasoning,1
aggressively,1
confrontational,1
irrefutable,1
hurt,1
remind,1
host,1
guest,1
christmas,1
fweel,1
liaoz,1
fun,1
games,1
outdoors,1
weekends,1
rot,1
locked,1
rooms,1
annoying,1
invited,1
scholarship,1
allocated,1
hawker,1
cleaning,1
reserved,1
thane,1
morena,1
sunil,1
tanjong,1
rhu,1
map,1
ness,1
progressed,1
prc,1
longer,1
slump,1
hoardes,1
base,1
cases,1
scrub,1
tenah,1
marketed,1
unhappy,1
beyond,1
wildest,1
springboard,1
eu,1
asians,1
hated,1
marks,1
psle,1
class,1
diploma,1
boarding,1
levelsto,1
bridging,1
citizenship,1
manageable,1
yer,1
trend,1
massive,1
corners,1
cockroaches,1
pests,1
pai,1
si,1
bua,1
zao,1
australians,1
flood,1
shot,1
occasions,1
stream,1
luxury,1
retreat,1
solution,1
separation,1
wherever,1
tendency,1
cluster,1
sealed,1
districts,1
sympathies,1
whose,1
mop,1
stays,1
airport,1
draft,1
letter,1
template,1
timah,1
avenue,1
relative,1
oversea,1
compare,1
cure,1
dose,1
alternative,1
humpty,1
dumpty,1
values,1
disappear,1
apartments,1
worth,1
fraction,1
peril,1
risk,1
women,1
justifying,1
milliondollar,1
hike,1
kuan,1
tracetogether,1
tokens,1
ahbenglian,1
smoking,1
okwho,1
hooray,1
nadu,1
bharat,1
mata,1
ki,1
masterswe,1
wholeheartedly,1
themhorkay,1
cheers,1
lake,1
nowadaze,1
seldom,1
mature,1
tengah,1
etc찾,1
integrated,1
replaced,1
tiagong,1
object,1
quiet,1
hen,1
lay,1
egg,1
towards,1
modi,1
invaders,1
qualify,1
solve,1
mummy,1
milf,1
subversive,1
threatening,1
peace,1
cfm,1
neighbors,1
dalits,1
wear,1
mask,1
pokemon,1
suicide,1
bombers,1
protected,1
app,1
notmyproblem,1
ndp,1
mash,1
count,1
joey,1
mendoza,1
leading,1
connected,1
material,1
box,1
mandate,1
dotter,1
theyre,1
tee,1
gangs,1
phobia,1
town,1
council,1
voodoo,1
spotting,1
camouflage,1
responsible,1
advertisementposters,1
endorsement,1
buying,1
dam,1
ar,1
takeoever,1
hapoen,1
army,1
owner,1
reporter,1
tao,1
nao,1
underhand,1
method,1
typo,1
sought,1
volume,1
music,1
provoke,1
aggressive,1
neighbor,1
celebration,1
juz,1
professional,1
eer,1
toto,1
tmr,1
prize,1
solo,1
jm,1
damages,1
yellow,1
cows,1
graze,1
unknown,1
buys,1
inviting,1
barbecue,1
station,1
mall,1
eateries,1
fruit,1
stalls,1
honor,1
immeasurable,1
infact,1
purposely,1
mount,1
hostile,1
edmwers,1
minimart,1
court,1
clubhouse,1
god,1
apartment,1
negative,1
gearing,1
breakeven,1
appreciation,1
prestigious,1
eastpoint,1
occasionally,1
patient,1
humji,1
chee,1
trade,1
twist,1
misleading,1
crown,1
gather,1
condoat,1
ard,1
brisk,1
walking,1
kee,1
chiu,1
slow,1
straits,1
experts,1
wei,1
neng,1
began,1
speech,1
recounting,1
entered,1
noticed,1
welldressed,1
zhuan,1
dao,1
rolling,1
masala,1
congratulations,1
force,1
neighbours,1
cooking,1
repaint,1
gg,1
condition,1
lok,1
return,1
concur,1
penetrative,1
walls,1
gaps,1
forget,1
burn,1
incense,1
unitedalways,1
jack,1
impossible,1
selfcentered,1
toking,1
supplies,1
attack,1
pawn,1
tenanted,1
rule,1
strictly,1
malaysians,1
bbq,1
milk,1
iras,1
dormitory,1
gathering,1
united,1
offload,1
lowest,1
microcosm,1
mah,1
greedy,1
seekers,1
happens,1
enhancements,1
patience,1
ses,1
peasants,1
elite,1
optimisation,1
enhancement,1
besides,1
max,1
loft,1
unsafe,1
nightmare,1
chapati,1
strangers,1
popular,1
radar,1
bruh,1
reh,1
hahaha,1
loss,1
purchased,1
collecting,1
resale,1
follow,1
upfront,1
dirt,1
disgusting,1
incoming,1
mass,1
orgy,1
savannah,1
legit,1
link,1
stating,1
ftw,1
candidates,1
produce,1
boh,1
lies,1
qn,1
dare,1
threatof,1
usual,1
cocaine,1
worsen,1
addiction,1
pmets,1
drug,1
addicts,1
unbelievable,1
glaring,1
obnoxious,1
unbearable,1
sickening,1
spouses,1
misbehaving,1
bulldoze,1
prams,1
trolleys,1
cowsense,1
courtesy,1
loudly,1
ishow,1
inglish,1
practiceasking,1
nonsensical,1
irritating,1
inconsiderate,1
hotels,1
hogging,1
counters,1
payments,1
botanic,1
pcb,1
spore,1
banglasindian,1
bluecollar,1
fws,1
roaming,1
littering,1
ji,1
tong,1
dormitories,1
fullfacilities,1
cinemas,1
pulau,1
hantu,1
jb,1
nbcb,1
cb,1
lockdown,1
knock,1
continuing,1
unleash,1
poison,1
mindboggling,1
unaware,1
chose,1
toxic,1
praises,1
threaten,1
topics,1
faces,1
state,1
ges,1
quickly,1
seats,1
elitist,1
harming,1
socioeconomic,1
fabric,1
rike,1
split,1
bulk,1
slapping,1
sgdivided,1
easier,1
woud,1
hookwink,1
scorn,1
depend,1
rich,1
ching,1
lucrative,1
tradeoff,1
inroad,1
ivory,1
towers,1
votes,1
regret,1
monopoly,1
fix,1
literally,1
builders,1
leeches,1
turmoil,1
disconnected,1
simplistic,1
views,1
demostrates,1
iq,1
straitime,1
elites,1
network,1
electric,1
cars,1
chargers,1
green,1
energy,1
notalents,1
written,1
chaps,1
named,1
skipped,1
failed,1
organizations,1
verified,1
vicious,1
treaties,1
surname,1
england,1
nz,1
natives,1
lords,1
jobless,1
expertise,1
exps,1
absent,1
pyramid,1
hireachy,1
shrinking,1
percentage,1
shortfall,1
dismal,1
hide,1
benefitting,1
despiced,1
fund,1
extra,1
entirely,1
blur,1
makes,1
confuse,1
promotions,1
hardship,1
wipe,1
wash,1
sgp,1
bochap,1
run,1
fug,1
yeendians,1
jason,1
setting,1
aside,1
abit,1
abt,1
brahminist,1
casteist,1
rude,1
deem,1
inferior,1
arriving,1
planeload,1
obviously,1
steal,1
edited,1
profiteering,1
plundering,1
pimps,1
parasites,1
expelled,1
wondering,1
northerners,1
thirsty,1
wont,1
impressed,1
zhao,1
yuqing,1
abbie,1
lu,1
insist,1
falling,1
sick,1
tiobo,1
unqualify,1
indeed,1
rigged,1
continued,1
cream,1
crop,1
equivalent,1
discover,1
fakes,1
onwards,1
atm,1
crash,1
specialist,1
caused,1
allows,1
crucially,1
subvert,1
favour,1
displace,1
sgians,1
businesses,1
faster,1
labor,1
searching,1
online,1
uncovered,1
dear,1
tooth,1
nails,1
justify,1
lapland,1
hole,1
genuine,1
xeno,1
hear,1
statement,1
jods,1
consideration,1
frameworks,1
leemove,1
favor,1
hired,1
justified,1
acknowledge,1
contrary,1
vessels,1
thinking,1
aus,1
instance,1
ss,1
professors,1
significant,1
undergrad,1
mug,1
csi,1
dig,1
laundering,1
approve,1
certifications,1
project,1
sake,1
nia,1
hypo,1
conclusion,1
frantically,1
tagging,1
airlines,1
twitter,1
bubble,1
schedules,1
stranded,1
owes,1
incredible,1
cent,1
relevant,1
agency,1
approving,1
collection,1
bio,1
graphs,1
identical,1
colon,1
collected,1
paste,1
tada,1
foundation,1
laid,1
floodgate,1
opened,1
various,1
producing,1
tarnish,1
image,1
suggest,1
opposite,1
measure,1
attached,1
prep,1
kpi,1
reviewing,1
verdict,1
proven,1
undetected,1
passpr,1
affairs,1
screwed,1
performance,1
appraisal,1
criteria,1
fraudsters,1
cheapens,1
ep,1
prolly,1
wasting,1
regurgitate,1
propaganda,1
expecting,1
investigative,1
journalism,1
rehash,1
exact,1
halfway,1
veers,1
oyk,1
bothered,1
exposition,1
compositionin,1
context,1
subject,1
incident,1
complainingthreaten,1
wto,1
ridiculous,1
complained,1
silently,1
removed,1
indication,1
whether,1
changed,1
events,1
led,1
sentiment,1
sudden,1
thin,1
air,1
threatens,1
expects,1
numberthey,1
glee,1
painted,1
tear,1
incidents,1
drove,1
discussion,1
miss,1
research,1
introduce,1
previously,1
deliberately,1
blindly,1
passes,1
lets,1
abc,1
plp,1
plans,1
joining,1
hopeless,1
badhearted,1
managed,1
complex,1
unfairly,1
managerial,1
transferred,1
ball,1
altogether,1
effort,1
climb,1
headhunted,1
sample,1
persons,1
remained,1
garbage,1
plz,1
longwe,1
xiaomi,1
mi,1
lite,1
gagt,1
pte,1
naivete,1
clueless,1
several,1
tricks,1
deal,1
wadever,1
skin,1
user,1
cheapest,1
stick,1
transient,1
collabrorate,1
redundant,1
week,1
resetwhenever,1
disagrees,1
smes,1
dispell,1
perception,1
reluctant,1
draw,1
adverse,1
inference,1
credibility,1
batok,1
tree,1
kbw,1
putucheery,1
latter,1
spent,1
saving,1
cited,1
areporters,1
alibaba,1
everyday,1
articles,1
khakis,1
droves,1
ending,1
ftas,1
depressing,1
bottom,1
seconded,1
followed,1
europe,1
remain,1
tier,1
mine,1
presence,1
passport,1
proximity,1
therefore,1
scrutinize,1
allow,1
reject,1
targeted,1
instituted,1
disgusted,1
added,1
suspected,1
unbiased,1
assumption,1
sportwoman,1
sportman,1
football,1
trmporary,1
southeast,1
asia,1
title,1
achieved,1
medals,1
doesnt,1
translate,1
factor,1
returns,1
ohh,1
sunilas,1
stinkies,1
cushion,1
speaker,1
mod,1
fate,1
inc,1
betrayed,1
trait,1
ehhh,1
abnns,1
rock,1
bend,1
cash,1
bed,1
british,1
jpm,1
hotspots,1
extent,1
dying,1
perm,1
unite,1
conquer,1
rhb,1
promo,1
promising,1
lame,1
ups,1
parachuted,1
dinner,1
allegations,1
prepare,1
intentions,1
replies,1
observed,1
trigger,1
camp,1
bashing,1
kana,1
dog,1
isit,1
putting,1
parachute,1
uh,1
targeting,1
troublemakers,1
choosing,1
page,1
sph,1
thunder,1
rainfall,1
droplets,1
wayang,1
overtake,1
sectors,1
boycotted,1
har,1
floodgates,1
widespread,1
forcing,1
upskilling,1
hold,1
leadership,1
scam,1
interview,1
temp,1
battery,1
road,1
enlisting,1
trueblue,1
supporters,1
traitors,1
multi,1
stirring,1
yah,1
aiyah,1
std,1
hsbc,1
icbc,1
iob,1
eps,1
somewhat,1
heavy,1
upseat,1
birds,1
seniority,1
king,1
emperor,1
moe,1
framed,1
needing,1
attained,1
chun,1
load,1
bull,1
crap,1
vietnam,1
thailand,1
org,1
basically,1
betraying,1
artificially,1
brain,1
survive,1
certs,1
mouth,1
flipping,1
skillset,1
impart,1
younger,1
generation,1
flip,1
google,1
microsoft,1
adobe,1
mastercard,1
cares,1
topic,1
wake,1
accounts,1
unbalance,1
tortoise,1
mismanage,1
cover,1
upto,1
types,1
tahan,1
ignored,1
mdm,1
furiously,1
knows,1
posting,1
calvin,1
print,1
lend,1
pillow,1
tough,1
owing,1
simi,1
digitalisation,1
efforts,1
itdept,1
highlight,1
organisations,1
feeling,1
heat,1
filling,1
require,1
speakers,1
governemnt,1
lj,1
fence,1
teabreak,1
gic,1
backend,1
hcl,1
vendor,1
iswaran,1
landscape,1
decide,1
wealth,1
crawling,1
peopleits,1
okaycan,1
understandbut,1
diff,1
infiltrated,1
nonsingaporean,1
gossiping,1
kampong,1
worldwide,1
citibank,1
treat,1
pat,1
hey,1
hello,1
educate,1
pg,1
mg,1
operating,1
chairman,1
blind,1
encourage,1
ibs,1
induce,1
labelled,1
rightand,1
actionits,1
hopewe,1
rectify,1
fishy,1
hiringalso,1
doneits,1
responsibility,1
uswe,1
search,1
indicate,1
pursued,1
honkie,1
proof,1
looked,1
unis,1
stat,1
recognise,1
meritocratic,1
directors,1
jin,1
jialat,1
sleeeping,1
comprehensive,1
waking,1
pity,1
grateful,1
phv,1
apt,1
vegetarian,1
restaurant,1
packed,1
prepared,1
funny,1
barely,1
export,1
setup,1
precisely,1
cuz,1
withdrawing,1
assets,1
massively,1
functions,1
raffles,1
quay,1
cheat,1
dollar,1
minster,1
branch,1
helper,1
foresight,1
nobrainer,1
rules,1
batoh,1
practise,1
enter,1
pitch,1
black,1
hab,1
portfolio,1
predominantly,1
pappy,1
interfere,1
dry,1
blank,1
cheque,1
montage,1
dares,1
packing,1
issues,1
deepavali,1
diwali,1
crypto,1
eyeball,1
surface,1
civil,1
serpents,1
trick찾,1
insider,1
suspend,1
whistle,1
blow,1
de,1
nearest,1
telecoms,1
gct,1
except,1
reduction,1
yea,1
bullshit,1
worked,1
revolution,1
along,1
appeared,1
perforate,1
chief,1
brilliant,1
par,1
coincidence,1
whereby,1
lack,1
mid,1
vacuum,1
denied,1
golden,1
era,1
btw,1
infuture,1
explain,1
preferred,1
curious,1
forum,1
manager,1
comment,1
exec,1
surprise,1
negotiate,1
leads,1
managing,1
suddenly,1
catch,1
accumulate,1
saboing,1
perpetual,1
catching,1
finally,1
command,1
normal,1
adapt,1
settling,1
marriage,1
fertility,1
invariably,1
possibly,1
princely,1
normally,1
pays,1
offers,1
twice,1
employers,1
becoming,1
expensive,1
lax,1
access,1
supply,1
motivation,1
ways,1
scenario,1
permanent,1
depression,1
replaces,1
earn,1
purchasing,1
bangla,1
dominant,1
agent,1
stories,1
erode,1
attractiveness,1
protectionism,1
secretarygeneral,1
renegotiating,1
prone,1
conflation,1
redoing,1
clausesection,1
concern,1
movement,1
sections,1
tariffs,1
relating,1
third,1
definition,1
effect,1
sorts,1
amending,1
adding,1
deleting,1
agreements,1
reviews,1
hypocrites,1
claims,1
requested,1
multiple,1
pushed,1
recognized,1
nursing,1
wanting,1
begs,1
ambiguous,1
ended,1
decision,1
attempt,1
recovery,1
inexcusable,1
judgement,1
conflate,1
race,1
dragging,1
malaysiathat,1
partners,1
passep,1
requirements,1
hidden,1
localft,1
words,1
cecland,1
stirred,1
placed,1
cross,1
hairs,1
racially,1
motivated,1
seem,1
forgetting,1
hardly,1
likes,1
flavour,1
assumed,1
getintentionally,1
round,1
leeway,1
bond,1
malaysia,1
dependent,1
decides,1
transferring,1
existing,1
swamped,1
barriers,1
despite,1
intended,1
highly,1
conditions,1
preceding,1
date,1
industrial,1
probation,1
duration,1
fo,1
poly,1
attachment,1
mth,1
requirement,1
worrying,1
reluctance,1
response,1
mute,1
celebrated,1
rectified,1
bowed,1
tata,1
consultancy,1
addressing,1
concerns,1
blackmailed,1
held,1
hostage,1
include,1
clause,1
states,1
reserve,1
respective,1
rebut,1
informative,1
articulated,1
immediate,1
dotted,1
expat,1
located,1
minority,1
rates,1
naturally,1
performed,1
climbed,1
filipino,1
participants,1
fragmented,1
kinds,1
languages,1
communicate,1
sellers,1
rm,1
ols,1
converted,1
interviewee,1
ashley,1
factions,1
haolian,1
expert,1
feedback,1
voters,1
meeting,1
exceed,1
dot,1
teams,1
covers,1
middle,1
organisation,1
colonial,1
glad,1
benefiting,1
owns,1
lawyers,1
facebook,1
echo,1
chambers,1
propap,1
pro,1
apocoalyse,1
antipap,1
caught,1
emotions,1
anger,1
objective,1
thereby,1
neutral,1
shun,1
attention,1
quotes,1
espeically,1
consumer,1
goods,1
afternoon,1
nap,1
papy,1
mps,1
causing,1
harm,1
questioned,1
piece,1
degenerates,1
spreading,1
civicguy,1
fruits,1
jjww,1
circle,1
nonpartisan,1
deaf,1
ears,1
tjhe,1
afraid,1
poop,1
rcep,1
pointers,1
laughed,1
fierce,1
slaves,1
sheesh,1
posbdbs,1
underperformance,1
strength,1
insta,1
xmm,1
excessive,1
makeup,1
ceofounder,1
kia,1
programmers,1
comp,1
hall,1
mate,1
juxtapose,1
sized,1
headwinds,1
challenges,1
key,1
differences,1
crisis,1
gainfully,1
employed,1
junior,1
investments,1
asiapacific,1
consequently,1
backlash,1
genuinely,1
complementary,1
lipsservice,1
actual,1
pedestal,1
cold,1
occupied,1
collectively,1
taxes,1
desperate,1
attempts,1
selectively,1
reveal,1
core,1
holding,1
lesser,1
proclaim,1
vastly,1
jurisdiction,1
sar,1
strike,1
needed,1
gep,1
professionals,1
visa,1
checked,1
scrutinised,1
armed,1
bona,1
fide,1
certificate,1
somebody,1
firm,1
contract,1
pursue,1
passion,1
windsurfing,1
winds,1
forecast,1
knots,1
upon,1
fog,1
war,1
douche,1
delusional,1
technically,1
traded,1
upgrade,1
nvr,1
perform,1
sgreans,1
upgraded,1
billion,1
fill,1
career,1
ensure,1
knowledge,1
taxing,1
channeled,1
upgrading,1
piyush,1
gupta,1
remarkable,1
executives,1
fit,1
consider,1
emphasis,1
present,1
interesting,1
specialized,1
servers,1
earning,1
jumped,1
ship,1
stanchart,1
increment,1
monthly,1
likeme,1
warn,1
worlol,1
amit,1
takes,1
drive,1
unwelcome,1
sabotage,1
undermine,1
email,1
recipient,1
declare,1
muslim,1
hating,1
modhi,1
loving,1
driven,1
necessary,1
keeping,1
healthy,1
imbalance,1
rotting,1
phase,1
salvage,1
peasant,1
stole,1
typically,1
atad,1
five,1
offered,1
japanese,1
absorb,1
additional,1
slots,1
villager,1
main,1
lawsuit,1
earnings,1
lousy,1
sacked,1
botak,1
overhire,1
overfire,1
fantastic,1
underperforming,1
couple,1
honest,1
rocket,1
resolve,1
priorities,1
preparation,1
yanks,1
constraints,1
technology,1
built,1
buildings,1
modern,1
iphone,1
processing,1
ram,1
hero,1
incentives,1
rebates,1
tfr,1
pathetic,1
greatest,1
irony,1
baby,1
boom,1
coincided,1
relaxed,1
distracted,1
buzzing,1
entertainment,1
prioritized,1
stressup,1
ratrace,1
witnessed,1
wide,1
practical,1
altitude,1
jet,1
rockets,1
root,1
trained,1
wage,1
feed,1
medical,1
event,1
pwn,1
ib,1
