people,110
gay,95
like,77
one,73
got,65
also,61
driver,58
go,50
gays,46
think,45
want,44
grab,44
right,42
say,40
know,40
god,39
man,38
hotel,37
already,35
male,35
world,34
still,34
get,33
men,32
life,32
passenger,32
see,31
female,31
time,30
would,29
wrong,29
cannot,28
really,28
woman,28
need,26
girl,26
many,25
use,25
social,25
dont,25
fuck,25
even,24
take,24
us,24
lesbian,24
nothing,23
come,23
lol,23
joanna,23
fucking,22
person,22
support,22
sex,21
good,21
means,21
never,21
feel,21
put,21
business,20
damn,20
always,20
another,20
make,20
satan,20
thought,19
video,19
hate,18
guy,18
young,18
things,18
platform,18
well,17
said,17
w,17
whatever,17
pretty,17
much,17
white,17
believe,17
religion,17
looks,17
beliefs,17
become,17
calvin,17
group,16
rich,16
something,16
stupid,16
others,16
religious,16
instead,15
straight,15
different,15
live,15
since,15
must,15
real,15
understand,15
actually,15
look,15
speech,15
shall,15
saying,14
long,14
maybe,14
thing,14
kind,14
using,14
back,14
last,14
accept,13
going,13
lifestyle,13
justice,13
penis,13
trans,13
better,12
women,12
family,12
homosexual,12
church,12
tell,12
next,12
normal,12
care,12
society,12
u,12
left,12
opinion,12
profile,12
repeal,12
devil,12
human,12
cute,12
love,12
first,11
etc,11
together,11
q,11
two,11
try,11
disgusting,11
die,11
wanna,11
made,11
truth,11
way,11
free,11
face,11
boyfriend,11
born,11
getting,10
let,10
wonder,10
used,10
whole,10
la,10
sure,10
edmw,10
anyway,10
complain,10
please,10
singapore,10
sad,10
yet,10
report,10
message,10
service,10
liao,10
gender,10
page,10
heterosexual,10
ellen,10
times,9
probably,9
openly,9
money,9
lah,9
true,9
act,9
ask,9
find,9
give,9
else,9
trying,9
body,9
choice,9
agree,9
crazy,9
anti,9
years,9
grabhitch,9
sexual,9
public,9
freedom,9
media,9
side,9
fap,9
instagram,9
christian,9
evil,9
might,8
rights,8
mind,8
influence,8
sorry,8
happy,8
thread,8
dirty,8
play,8
homosexuals,8
hope,8
disagree,8
show,8
sg,8
bad,8
super,8
warrior,8
quite,8
righteous,8
cheng,8
new,8
shes,8
hard,8
dick,8
marketing,7
least,7
hotels,7
guys,7
stay,7
girls,7
around,7
ok,7
lot,7
lesbians,7
stand,7
homophobic,7
post,7
call,7
males,7
someone,7
days,7
shit,7
mean,7
words,7
picture,7
google,7
bit,7
suspended,7
hurt,7
views,7
umbrella,7
cause,7
self,7
illegal,7
best,7
account,7
gh,7
anything,7
leh,7
groups,7
transgender,7
christians,7
theng,7
dad,7
eye,7
king,7
ã¢,7
wah,7
xmen,7
triggered,6
news,6
avoid,6
later,6
lives,6
kids,6
bed,6
yes,6
book,6
status,6
poor,6
night,6
rooms,6
weird,6
comments,6
old,6
whether,6
especially,6
turn,6
start,6
though,6
seen,6
homosexuality,6
confused,6
customer,6
end,6
scenes,6
oh,6
company,6
keep,6
course,6
watch,6
nice,6
type,6
big,6
victim,6
haha,6
culture,6
problem,6
pic,6
wanton,6
mee,6
job,6
anyone,6
companies,6
system,6
card,6
ownself,6
came,6
read,6
everything,6
pride,6
perfect,6
satanic,6
letters,6
followers,6
cash,6
eagle,6
known,6
albert,6
park,6
became,6
beings,6
hollywood,6
identify,6
reputation,5
may,5
fighting,5
created,5
check,5
low,5
singaporean,5
judge,5
wait,5
speak,5
issue,5
however,5
help,5
seriously,5
photo,5
anal,5
faggots,5
hot,5
boycott,5
bro,5
supporting,5
case,5
females,5
eat,5
unless,5
ugly,5
everyone,5
gonna,5
fat,5
losers,5
ya,5
alot,5
imagine,5
sick,5
thats,5
mouth,5
either,5
queer,5
lecture,5
obviously,5
banned,5
saw,5
point,5
chop,5
position,5
mental,5
able,5
pay,5
warriors,5
without,5
open,5
seeing,5
videos,5
attack,5
mentioned,5
along,5
folks,5
centre,5
called,5
shows,5
thinking,5
full,5
fundamentalists,5
masturbate,5
control,5
birth,5
great,5
medical,5
hormone,5
kitty,5
confusing,5
forever,4
worse,4
couples,4
name,4
bedsheet,4
doubt,4
wanted,4
government,4
homo,4
alone,4
economic,4
higher,4
children,4
buy,4
gross,4
enough,4
sounds,4
sin,4
pool,4
needs,4
okay,4
taken,4
ladies,4
yeah,4
place,4
every,4
single,4
kissing,4
high,4
past,4
poster,4
afford,4
correct,4
couple,4
extreme,4
power,4
longer,4
could,4
private,4
police,4
waste,4
complaining,4
little,4
pro,4
serious,4
experience,4
small,4
making,4
ah,4
attention,4
wow,4
standing,4
condemn,4
view,4
wish,4
disgusted,4
nature,4
seems,4
toxic,4
acts,4
drive,4
talk,4
aggressive,4
makes,4
knew,4
orientation,4
whats,4
entitled,4
law,4
ban,4
decide,4
dumb,4
ways,4
cancel,4
matter,4
values,4
slogan,4
libtards,4
fight,4
done,4
friend,4
ride,4
reddit,4
special,4
laws,4
prevent,4
feels,4
posted,4
sia,4
ppl,4
topics,4
coming,4
marry,4
thanks,4
guess,4
rather,4
hair,4
annoying,4
playing,4
yacht,4
loaded,4
dark,4
natural,4
short,4
less,4
hell,4
continue,4
judged,4
surgery,4
rejections,4
acting,4
n,4
huat,4
ã£,4
ago,4
cut,4
grow,4
binary,4
toilet,4
transform,4
role,4
pathetic,4
impossible,4
declare,3
covid,3
retards,3
country,3
gave,3
gives,3
disposable,3
income,3
affected,3
term,3
seem,3
wife,3
fag,3
disease,3
somehow,3
bring,3
effect,3
allow,3
shower,3
preference,3
leave,3
army,3
sleeping,3
jump,3
nonsense,3
ever,3
hiv,3
virus,3
previous,3
personal,3
equal,3
homophobes,3
suite,3
chance,3
behaviour,3
personally,3
expensive,3
lady,3
based,3
kid,3
butt,3
far,3
closet,3
spend,3
theres,3
sentosa,3
behavior,3
nobody,3
wont,3
party,3
enjoy,3
putting,3
politically,3
butch,3
cant,3
water,3
earlier,3
aware,3
happen,3
ones,3
image,3
strongly,3
nights,3
porn,3
home,3
remember,3
pictures,3
simply,3
setting,3
double,3
likely,3
whotel,3
handsome,3
offer,3
blowjob,3
annoyed,3
works,3
bus,3
chain,3
harsh,3
user,3
filled,3
link,3
discrimination,3
policy,3
ceo,3
majority,3
level,3
million,3
beautiful,3
tolerance,3
mother,3
asked,3
doesnt,3
exercising,3
anyhow,3
suspend,3
minds,3
wtf,3
logic,3
passive,3
confirm,3
redditor,3
publicly,3
sent,3
cry,3
abused,3
drivers,3
fair,3
dare,3
sides,3
hostile,3
poke,3
learn,3
wear,3
says,3
certain,3
seller,3
pap,3
opposition,3
rider,3
heart,3
head,3
customers,3
reason,3
damned,3
send,3
deal,3
day,3
donã¢,3
hitch,3
passengers,3
politics,3
providing,3
warning,3
opinions,3
clearly,3
hang,3
facebook,3
fine,3
deserve,3
moral,3
period,3
channel,3
answer,3
surprised,3
date,3
harassment,3
sit,3
honest,3
lose,3
cheap,3
stop,3
citizen,3
class,3
animal,3
humans,3
animals,3
simple,3
create,3
lots,3
youtube,3
wig,3
auntie,3
kinda,3
effing,3
house,3
gene,3
cinema,3
waiting,3
stories,3
abortion,3
turned,3
anymore,3
feeling,3
dude,3
debate,3
flag,3
colours,3
therefore,3
lim,3
fellow,3
siblings,3
sexuality,3
discriminate,3
dealt,3
cards,3
oppressed,3
spread,3
foolish,3
result,3
abandoned,3
shameful,3
proud,3
somemore,3
identity,3
among,3
scared,3
liked,3
christianity,3
willing,3
indeed,3
process,3
due,3
insta,3
happened,3
cult,3
sexy,3
city,3
work,3
agenda,3
cancer,3
heard,3
core,3
blame,3
sports,3
apology,3
remove,3
knows,3
lee,3
anot,3
heavy,3
brother,3
username,3
history,3
sons,3
lies,3
masculine,3
naked,3
imagination,3
plus,3
academy,3
inception,3
game,3
funny,3
change,3
actors,3
married,3
heshe,3
transvestite,3
article,3
non,3
refer,3
changes,3
advantage,3
regards,3
wacky,3
bold,2
line,2
hi,2
knowledge,2
third,2
reporting,2
smell,2
staycation,2
upon,2
sexually,2
transmitted,2
hetero,2
wan,2
sleep,2
knowing,2
clean,2
advertisement,2
negative,2
parents,2
lame,2
difference,2
restaurants,2
revenue,2
biggest,2
otherwise,2
win,2
unnatural,2
including,2
record,2
alr,2
safe,2
failed,2
juice,2
move,2
exist,2
alternatives,2
disordered,2
choose,2
moment,2
pillow,2
away,2
suddenly,2
promotion,2
regular,2
edmwers,2
soon,2
turning,2
multiple,2
anonymous,2
forum,2
progressive,2
fell,2
goodness,2
replies,2
shouldnt,2
team,2
gone,2
question,2
comes,2
mindset,2
bullshit,2
year,2
tough,2
project,2
bunch,2
curse,2
booking,2
acceptance,2
consider,2
outside,2
late,2
brought,2
display,2
ad,2
jet,2
highly,2
agreed,2
im,2
promoting,2
commit,2
code,2
totally,2
marriott,2
boycotting,2
awkward,2
strict,2
posts,2
amd,2
aids,2
era,2
seeking,2
feces,2
cove,2
feature,2
cool,2
rain,2
breakfast,2
richard,2
popular,2
large,2
eg,2
existed,2
ancient,2
practice,2
radical,2
looking,2
embrace,2
halal,2
vegan,2
tw,2
political,2
reasons,2
shut,2
taxi,2
respect,2
reasonable,2
acceptable,2
disagreeing,2
protest,2
lost,2
trust,2
sensitive,2
force,2
abuse,2
hit,2
trend,2
slowly,2
moving,2
aiya,2
shirt,2
statement,2
sell,2
opposite,2
expect,2
board,2
close,2
uncle,2
promote,2
domain,2
nazi,2
glass,2
jobs,2
lecturing,2
schemed,2
part,2
wants,2
talking,2
offensive,2
stuff,2
merely,2
purposely,2
messages,2
karma,2
welcome,2
ideologies,2
activism,2
focus,2
roles,2
warned,2
app,2
kena,2
wearing,2
masks,2
dp,2
easily,2
mild,2
skin,2
representing,2
starts,2
employees,2
requirements,2
s,2
likes,2
lor,2
currently,2
ready,2
shame,2
operate,2
kill,2
scold,2
parliament,2
investigation,2
provider,2
protect,2
tree,2
smart,2
heat,2
random,2
faggot,2
ie,2
important,2
found,2
push,2
respond,2
hateful,2
fact,2
screenshot,2
taking,2
car,2
greedy,2
earn,2
heaven,2
suffer,2
requires,2
pass,2
online,2
causes,2
moves,2
verbally,2
solve,2
exactly,2
behind,2
engage,2
troll,2
order,2
brainwashed,2
chink,2
missionary,2
sense,2
worship,2
socially,2
vibes,2
watched,2
suspect,2
nan,2
father,2
throughout,2
mum,2
nowadays,2
example,2
community,2
preach,2
clip,2
supporters,2
letter,2
word,2
mature,2
opposing,2
forcing,2
faith,2
interpret,2
anger,2
christ,2
eh,2
unit,2
phone,2
numbers,2
watching,2
schlong,2
hole,2
buddy,2
fellows,2
stuffs,2
doctor,2
wee,2
kiak,2
met,2
birds,2
pieces,2
across,2
victorious,2
member,2
founder,2
almost,2
surprising,2
dislike,2
neither,2
fear,2
hold,2
ridicule,2
rejection,2
alienated,2
reverse,2
wickedness,2
invisible,2
eternal,2
excuse,2
wise,2
fools,2
worshiped,2
hearts,2
bodies,2
served,2
praise,2
indulged,2
lust,2
pushed,2
believer,2
pushback,2
challenge,2
rational,2
pull,2
cases,2
react,2
violently,2
questioning,2
akin,2
sake,2
century,2
fairy,2
journey,2
takes,2
demonise,2
grown,2
boys,2
foreign,2
europe,2
wars,2
unable,2
celebrity,2
hide,2
issued,2
fedora,2
story,2
diss,2
finding,2
throats,2
club,2
mega,2
size,2
bullied,2
reminds,2
jonna,2
onto,2
verse,2
powerful,2
tiktok,2
wet,2
harm,2
reassignment,2
seek,2
oneself,2
peace,2
innocent,2
meme,2
hijack,2
organizations,2
unlucky,2
ahahaha,2
referring,2
illness,2
suit,2
benefits,2
production,2
charles,2
sister,2
scary,2
shaped,2
hardcore,2
typical,2
interesting,2
till,2
ministries,2
claim,2
minions,2
disturb,2
sincere,2
elite,2
discussion,2
uses,2
shallow,2
careful,2
bully,2
ethics,2
goes,2
beyond,2
deactivated,2
identical,2
twins,2
exotic,2
taste,2
accounts,2
bidding,2
mens,2
pure,2
judgemental,2
ridiculous,2
conspiracy,2
dangerous,2
immunodeficiency,2
influencer,2
suicide,2
satisfied,2
vulgar,2
stops,2
brothers,2
dead,2
films,2
athletes,2
devices,2
stars,2
leaders,2
middleclass,2
aristocrats,2
greek,2
soldiers,2
beauty,2
major,2
bungalow,2
salary,2
national,2
lasik,2
thousand,2
pretending,2
definitely,2
cultural,2
elliot,2
actress,2
hormones,2
changed,2
recently,2
technically,2
relationship,2
changing,2
wears,2
undergo,2
kkj,2
forehead,2
receding,2
treated,2
advanced,2
becomes,2
cutie,2
deepfake,2
actor,2
award,2
season,2
category,2
masturbated,2
cheated,2
transexual,2
considered,2
pronoun,2
minute,2
turns,2
wachowski,2
nude,2
entire,2
spade,2
pitt,2
creatures,2
pursue,2
pursuing,2
compaignself,1
hospitality,1
desperate,1
repeat,1
mentality,1
remains,1
china,1
chlorine,1
chat,1
boring,1
showed,1
yesterday,1
frown,1
quarantine,1
statistics,1
vs,1
puts,1
r,1
retailers,1
rental,1
waiver,1
governemnt,1
assistance,1
room,1
saf,1
diff,1
embarassing,1
utensils,1
foodcourts,1
visit,1
wrap,1
robe,1
bother,1
spender,1
campaign,1
splurge,1
iphones,1
train,1
voucher,1
atmosphere,1
specialise,1
feed,1
oriented,1
emotional,1
moaning,1
aint,1
messy,1
demographic,1
stains,1
regret,1
pink,1
mps,1
eradicate,1
grandhcilden,1
survive,1
stayers,1
buttocks,1
fashioned,1
december,1
beds,1
stds,1
staying,1
risks,1
negligible,1
patronise,1
promotes,1
normalises,1
frolicking,1
inappropriate,1
manner,1
teaching,1
teach,1
actions,1
concerned,1
hear,1
moan,1
walls,1
number,1
daft,1
conclude,1
washroom,1
perverts,1
discussing,1
tonight,1
hahah,1
hilarious,1
stack,1
cure,1
airbnb,1
appearing,1
defend,1
bashing,1
door,1
capella,1
sheets,1
normalizing,1
deekosh,1
dee,1
kosh,1
experts,1
fields,1
chubby,1
chasers,1
lip,1
lai,1
counted,1
piss,1
bothered,1
somewhere,1
rws,1
semi,1
abominations,1
morals,1
nag,1
thou,1
art,1
holier,1
drooling,1
tomorrow,1
mighty,1
jocelyn,1
kau,1
bpyfriend,1
chances,1
semen,1
stain,1
orgy,1
general,1
hates,1
nimby,1
fantasies,1
front,1
attitude,1
leaving,1
countries,1
ironically,1
descent,1
chaos,1
fire,1
brimstone,1
sodom,1
gomorrah,1
tools,1
limit,1
fuckinh,1
mbs,1
sic,1
throw,1
raped,1
tongue,1
tool,1
bisexual,1
gaylordphobic,1
boy,1
girlsaware,1
objectifying,1
showing,1
grossed,1
pr,1
test,1
disappointed,1
fantasize,1
wanting,1
abit,1
hence,1
ashamed,1
vehemently,1
embarrassed,1
unfortunate,1
alones,1
interested,1
issues,1
significant,1
segment,1
cater,1
molested,1
automatic,1
annoyance,1
distaste,1
tendencies,1
jerking,1
criteria,1
determine,1
promoted,1
mainstream,1
identifiable,1
roughly,1
dress,1
typically,1
street,1
tolerant,1
evening,1
backlanes,1
neil,1
road,1
myinteresting,1
joal,1
ong,1
bwj,1
overt,1
gayness,1
peeved,1
arent,1
targeted,1
clientele,1
pmets,1
hoots,1
amount,1
craziness,1
spf,1
raid,1
arrest,1
viral,1
section,1
amdk,1
bros,1
macho,1
sinkie,1
spoil,1
shoot,1
disapprove,1
wahahha,1
none,1
bet,1
offence,1
fare,1
lobby,1
boomers,1
largest,1
petty,1
buggers,1
target,1
audience,1
retarded,1
sudden,1
trigger,1
cover,1
err,1
glad,1
compete,1
junior,1
paid,1
per,1
noisy,1
tourist,1
traveled,1
fb,1
sponsoring,1
workplaces,1
myspace,1
searching,1
bing,1
worlds,1
valuable,1
breaking,1
highs,1
minority,1
noise,1
karen,1
krado,1
lion,1
market,1
brilliant,1
ritz,1
carlton,1
st,1
regis,1
convoy,1
points,1
swimming,1
stayed,1
marvelous,1
spa,1
blast,1
mist,1
forest,1
buffet,1
disappointing,1
note,1
condemm,1
miles,1
fifty,1
taiwan,1
isnt,1
feminist,1
misogynistic,1
early,1
respectful,1
omg,1
fierce,1
arse,1
lying,1
facilities,1
lousy,1
wannabe,1
rammed,1
jealous,1
fitter,1
infact,1
gentlemen,1
spot,1
messaging,1
taboo,1
settings,1
chinahktaiwan,1
anime,1
sua,1
punished,1
abusive,1
gaylivesmatters,1
unwanted,1
peoples,1
distaughted,1
msg,1
sissy,1
nicely,1
naturally,1
pace,1
prolbtwtfbbq,1
profamily,1
particular,1
siberia,1
although,1
element,1
threat,1
expressed,1
usa,1
problacklatino,1
empowerment,1
applauded,1
prowhite,1
closely,1
apeing,1
suppose,1
global,1
wing,1
biden,1
set,1
svc,1
thks,1
suspense,1
hitcher,1
displaying,1
pics,1
lets,1
hypocrite,1
std,1
lololololol,1
successful,1
sue,1
bowl,1
selling,1
tired,1
worker,1
shield,1
unsolicited,1
rocks,1
incompetent,1
hawker,1
prepared,1
challenged,1
questioned,1
butthurt,1
hes,1
shake,1
reject,1
contract,1
ironic,1
losing,1
antiprotest,1
perspective,1
subjective,1
complained,1
exaggerating,1
lmao,1
genius,1
dm,1
town,1
hand,1
took,1
kaciao,1
horrible,1
minor,1
transgressions,1
beware,1
age,1
drives,1
speaking,1
endorsed,1
condemned,1
announcing,1
x,1
boss,1
sapport,1
voicing,1
vulgarities,1
spotted,1
unsuspended,1
interactions,1
provides,1
involved,1
transport,1
policies,1
forbiding,1
thus,1
exploiting,1
ends,1
recurrences,1
sinkies,1
fined,1
plenty,1
warnings,1
consequences,1
terms,1
jailfine,1
crux,1
affects,1
transaction,1
namely,1
tranport,1
busybody,1
broadcast,1
reported,1
considering,1
broadcasting,1
text,1
thin,1
momenti,1
lectures,1
strangers,1
stance,1
learnt,1
action,1
express,1
wary,1
direction,1
author,1
guide,1
wc,1
grabdriver,1
stating,1
facts,1
offended,1
pole,1
flaunt,1
deviant,1
practices,1
scare,1
happening,1
hire,1
homophobe,1
value,1
temporarily,1
comment,1
former,1
played,1
jokers,1
condoning,1
transgression,1
lololol,1
siding,1
lta,1
heavily,1
dox,1
harass,1
chut,1
trouble,1
bandwagon,1
sword,1
penises,1
terminated,1
boh,1
phv,1
challenging,1
judiciary,1
citizens,1
amos,1
yee,1
pedophiles,1
threesome,1
forms,1
fairness,1
detrimental,1
objectives,1
expressing,1
privately,1
stipulate,1
timeframe,1
livelihood,1
impacted,1
hail,1
roadside,1
cab,1
options,1
embroiled,1
sjw,1
antigay,1
progay,1
applies,1
signing,1
pose,1
idiots,1
reddiot,1
loser,1
chao,1
humji,1
useless,1
volunteering,1
hug,1
fugging,1
response,1
twice,1
accepted,1
messaged,1
bucks,1
asian,1
lead,1
collects,1
fee,1
arranging,1
subtle,1
tnc,1
communicate,1
relating,1
ol,1
violated,1
agreement,1
led,1
suspension,1
defined,1
indecency,1
users,1
safety,1
zerotolerance,1
exhibited,1
indecent,1
spokesperson,1
asiaone,1
apparently,1
deem,1
wrote,1
discriminatory,1
bigoted,1
garner,1
blowing,1
wind,1
stomach,1
snowflake,1
professional,1
shooting,1
tobe,1
unwarranted,1
kick,1
expressway,1
walk,1
myth,1
microaggression,1
incorrect,1
detected,1
trips,1
matchmake,1
lowses,1
gian,1
pngs,1
grabgojekwhatever,1
gig,1
economy,1
training,1
inclusivity,1
drawing,1
reminder,1
reacting,1
sadnext,1
disney,1
prodiversity,1
gojek,1
rest,1
lectured,1
paying,1
fug,1
center,1
silent,1
buttholes,1
strawberry,1
yiyiorhorh,1
performing,1
aspects,1
rules,1
misleading,1
becoming,1
feminism,1
except,1
abnormal,1
pun,1
intended,1
tinder,1
banner,1
chewing,1
gum,1
realise,1
finish,1
trip,1
scrutinise,1
liddat,1
wad,1
population,1
breed,1
slavery,1
proselytising,1
middle,1
eastern,1
europeans,1
introduce,1
stress,1
zhutzhut,1
wore,1
actuallythe,1
evidence,1
undeniablewe,1
experiencing,1
decay,1
certainly,1
near,1
fancied,1
kym,1
siah,1
youtubevideo,1
spell,1
origins,1
propaganda,1
creations,1
dream,1
repressed,1
drink,1
comedic,1
revealed,1
satire,1
enjoying,1
mosaic,1
share,1
attract,1
child,1
wealthy,1
faces,1
againjesus,1
jesus,1
thatã¢,1
chick,1
julian,1
iam,1
youll,1
blessing,1
owner,1
acted,1
mediacorp,1
angmoh,1
scientists,1
convert,1
trump,1
convinced,1
gospel,1
dropped,1
beast,1
chiobu,1
prove,1
satanist,1
honestly,1
hated,1
midst,1
contrary,1
encountered,1
befriended,1
dance,1
theatre,1
hearing,1
inspire,1
bits,1
reasonably,1
objectively,1
conversation,1
discuss,1
appreciate,1
thank,1
republican,1
ideology,1
criticise,1
nutcase,1
ambassador,1
highprofile,1
encourages,1
celibacy,1
greater,1
nonheterosexuality,1
promotional,1
lines,1
detail,1
firm,1
failing,1
whoever,1
desire,1
waving,1
pitchfork,1
queers,1
disappointment,1
afraid,1
deny,1
happiness,1
siang,1
rai,1
jav,1
genre,1
almighty,1
deeds,1
insults,1
thrown,1
proof,1
portrayed,1
goat,1
somethingshe,1
hating,1
hey,1
address,1
avenue,1
blk,1
huh,1
classmates,1
easy,1
landline,1
coz,1
planet,1
loads,1
click,1
sheer,1
cheek,1
requesting,1
opening,1
argument,1
literally,1
six,1
ohso,1
wat,1
blinded,1
ruin,1
feather,1
flock,1
impression,1
arguing,1
chess,1
pigeon,1
gameplay,1
pigeons,1
strut,1
crap,1
blessed,1
parties,1
co,1
renting,1
kap,1
mall,1
units,1
eaglewings,1
cafe,1
bf,1
guardsman,1
blemish,1
seemost,1
parliamets,1
mouths,1
homophobia,1
pair,1
discord,1
siol,1
death,1
belonging,1
fates,1
upbringings,1
sound,1
alarm,1
bells,1
persecuted,1
thoughts,1
indoctrinate,1
extremism,1
forrowers,1
objective,1
subjected,1
reactions,1
companionship,1
affirmation,1
chained,1
ubiquity,1
endgame,1
ignoring,1
prior,1
lifting,1
finger,1
slide,1
sinful,1
wicked,1
suppress,1
obvious,1
earth,1
sky,1
qualities,1
divine,1
began,1
ideas,1
claiming,1
utter,1
worshiping,1
glorious,1
everliving,1
idols,1
mere,1
reptiles,1
desired,1
vile,1
degrading,1
traded,1
lie,1
creator,1
worthy,1
amen,1
desires,1
relations,1
burned,1
suffered,1
within,1
penalty,1
deserved,1
acknowledge,1
greed,1
envy,1
murder,1
quarreling,1
deception,1
malicious,1
gossip,1
backstabbers,1
haters,1
insolent,1
boastful,1
invent,1
sinning,1
disobey,1
refuse,1
break,1
promises,1
heartless,1
mercy,1
godã£,1
encourage,1
accommodate,1
flexibility,1
absolute,1
fallible,1
flawed,1
discarded,1
aside,1
goddamned,1
sinner,1
morally,1
superior,1
license,1
fit,1
narrative,1
given,1
amazing,1
insight,1
mary,1
lambs,1
hallelujah,1
fun,1
fucks,1
makebelieve,1
tale,1
alright,1
fuckthe,1
propose,1
initially,1
tainted,1
goods,1
complete,1
perspectives,1
depending,1
impregnated,1
baby,1
prey,1
victims,1
predators,1
struggle,1
peers,1
environment,1
quiet,1
attitudes,1
b,1
movement,1
outcast,1
demanding,1
healthy,1
angry,1
ghib,1
agent,1
talent,1
language,1
indian,1
westernized,1
state,1
deeply,1
thru,1
lens,1
representation,1
teachings,1
narrowminded,1
unrest,1
righteousness,1
greatest,1
omnipotent,1
unwilling,1
malevolent,1
perfectly,1
adam,1
disobeying,1
exposing,1
videopowerful,1
demonize,1
destroy,1
absolutely,1
privilege,1
elderly,1
singaporeans,1
resources,1
viewed,1
cultlike,1
vibe,1
daughter,1
mom,1
chenglooking,1
assumes,1
responsibility,1
atheists,1
logical,1
fallacies,1
equivalent,1
pope,1
kneel,1
doorsteps,1
nonapology,1
pretentious,1
happens,1
differing,1
justify,1
belong,1
projecting,1
loss,1
unhappiness,1
whatsoever,1
universal,1
shove,1
dissed,1
discriminated,1
backlash,1
begone,1
logo,1
outward,1
bound,1
photos,1
aiming,1
avengers,1
facepalm,1
removing,1
stephen,1
fry,1
interviewer,1
shot,1
TRUE,1
trilby,1
morning,1
confessed,1
betrayed,1
backlashed,1
measure,1
measured,1
biblical,1
verses,1
applicable,1
judging,1
mans,1
urges,1
demands,1
piece,1
round,1
revival,1
letting,1
goddess,1
pastors,1
living,1
month,1
chase,1
attend,1
receive,1
isalary,1
months,1
resign,1
religions,1
purposes,1
motives,1
fapfap,1
hypocritical,1
practise,1
antifamily,1
whose,1
influences,1
hyprocrital,1
directly,1
offspring,1
outta,1
botched,1
interest,1
goals,1
nots,1
lesser,1
combinations,1
altogether,1
answers,1
reasoning,1
comfort,1
complicate,1
comforting,1
consolations,1
faced,1
polis,1
endorse,1
deluded,1
attached,1
boyfirend,1
teens,1
caseif,1
bible,1
incident,1
lurking,1
masquerading,1
charities,1
helping,1
kindness,1
suck,1
souls,1
governments,1
idk,1
rejected,1
pater,1
noster,1
lollast,1
main,1
vote,1
parades,1
unknown,1
perceived,1
marginalised,1
slighted,1
disadvantaged,1
societal,1
ills,1
accepting,1
numerology,1
basis,1
mathematician,1
fibonacci,1
correlation,1
virgin,1
lucky,1
buts,1
masturbates,1
hands,1
untils,1
doors,1
mark,1
regard,1
splinter,1
yahoo,1
steve,1
aoki,1
devon,1
belief,1
everybody,1
hatred,1
denying,1
relationshipfailed,1
whoa,1
af,1
disabled,1
completely,1
brain,1
washed,1
petite,1
school,1
uni,1
sadly,1
following,1
mostly,1
thinkerslight,1
buddhist,1
locked,1
thoughtful,1
touched,1
felt,1
goondoos,1
propagate,1
radar,1
accurate,1
version,1
puppets,1
thoughtsand,1
decision,1
ignite,1
ifm,1
ministry,1
seeks,1
fulfill,1
commission,1
arts,1
missions,1
believers,1
diverse,1
gifts,1
talents,1
proclaim,1
build,1
harvest,1
walau,1
concerning,1
packed,1
website,1
taught,1
doctrine,1
oversight,1
authorities,1
activities,1
independent,1
medium,1
dragged,1
beside,1
laughing,1
ex,1
dump,1
itã¢,1
harmony,1
countless,1
apologies,1
fake,1
insincered,1
genuine,1
viewing,1
clips,1
agnostic,1
btw,1
liplicking,1
stopped,1
seconds,1
yah,1
wondering,1
lollllllllll,1
boyfriendf,1
asians,1
pee,1
xmm,1
older,1
kingdom,1
attenborough,1
thengs,1
familydo,1
oooooo,1
c,1
hopes,1
sees,1
pinks,1
dots,1
cancels,1
substance,1
arrogant,1
kuan,1
yew,1
hsien,1
loong,1
residence,1
heck,1
ignore,1
swords,1
vulnerable,1
demon,1
behaviours,1
determined,1
demonised,1
referred,1
feelings,1
handle,1
lemmings,1
lack,1
ability,1
rationally,1
critically,1
original,1
compared,1
hurted,1
referenced,1
iã£,1
ã¥,1
hardwarezone,1
forums,1
swipe,1
daddy,1
hours,1
questionable,1
credibility,1
bought,1
sign,1
speechless,1
digged,1
influenced,1
kept,1
emphasising,1
introvert,1
extrovert,1
infiltrating,1
attempted,1
decade,1
fanatics,1
relate,1
daily,1
insights,1
chose,1
enslaved,1
hahaha,1
sacred,1
joanne,1
darvo,1
deflect,1
realised,1
sending,1
positivity,1
dear,1
victimised,1
posting,1
theory,1
titled,1
critical,1
thinker,1
judgmental,1
demonising,1
counts,1
rainbow,1
religon,1
carriers,1
invented,1
acquired,1
syndrome,1
formerly,1
clinics,1
dialect,1
lunatics,1
hearsay,1
related,1
spreading,1
started,1
sometime,1
partners,1
unprotected,1
wall,1
thinner,1
vaginal,1
condom,1
raw,1
drug,1
poppers,1
lowered,1
immunity,1
orgies,1
bathhouses,1
hmm,1
prefer,1
prob,1
imran,1
macdonald,1
smu,1
nus,1
scum,1
cinematic,1
prententious,1
understatement,1
filthy,1
wealth,1
apologises,1
withdrawing,1
degrees,1
killing,1
innate,1
aspire,1
keyboard,1
sodomize,1
emblems,1
feeble,1
masculinity,1
dreams,1
seduce,1
schools,1
dormitories,1
gymnasiums,1
locker,1
arenas,1
seminaries,1
youth,1
movie,1
theater,1
bathrooms,1
bunkhouses,1
truck,1
clubs,1
houses,1
congress,1
wherever,1
recast,1
crave,1
adore,1
unhappy,1
connoisseurs,1
physique,1
amuse,1
instruct,1
weep,1
pleasures,1
foremost,1
truly,1
depth,1
banning,1
activity,1
revoked,1
legislation,1
passed,1
engenders,1
united,1
artistically,1
philosophically,1
financially,1
triumph,1
present,1
common,1
vicious,1
enemy,1
stab,1
cowardly,1
defile,1
puny,1
write,1
poems,1
stage,1
plays,1
caresses,1
heroic,1
replace,1
superficial,1
sentimental,1
insipid,1
juvenile,1
infatuations,1
presently,1
dominating,1
screens,1
sculpt,1
statues,1
placed,1
parks,1
squares,1
plazas,1
museums,1
paintings,1
graceful,1
lads,1
writers,1
artists,1
fashionable,1
de,1
rigueur,1
succeed,1
adept,1
styles,1
eliminate,1
liaisons,1
usage,1
wit,1
skilled,1
employing,1
unmask,1
masquerade,1
heterosexuals,1
shocked,1
frightened,1
presidents,1
industrialists,1
senatorsyour,1
mayors,1
generals,1
film,1
television,1
personalities,1
civic,1
priests,1
familiar,1
bourgeois,1
figures,1
assumed,1
everywhere,1
infiltrated,1
ranks,1
sitting,1
desk,1
compromises,1
weaklings,1
intelligent,1
race,1
steelyminded,1
settle,1
oppose,1
exiled,1
raise,1
vast,1
armies,1
mishima,1
defeat,1
conquer,1
inspired,1
banded,1
honor,1
invincible,1
unitspawning,1
ground,1
betrayals,1
mediocrity,1
hypocrisy,1
violencewill,1
abolished,1
dampens,1
curbs,1
eliminated,1
conceived,1
genetic,1
laboratory,1
bonded,1
communal,1
instruction,1
savants,1
churches,1
closed,1
gods,1
adhere,1
esthetic,1
banal,1
annihilated,1
conventions,1
according,1
dictates,1
exquisite,1
emerge,1
governed,1
comprised,1
poets,1
homoeroticism,1
indulgence,1
passion,1
contaminated,1
automatically,1
barred,1
insist,1
remaining,1
stupidly,1
tried,1
courts,1
rewrite,1
debased,1
distortions,1
portray,1
thinkers,1
demonstrate,1
intelligence,1
inextricably,1
linked,1
requirement,1
nobility,1
fueled,1
ferocious,1
bitterness,1
forced,1
seemingly,1
parts,1
ages,1
capable,1
firing,1
guns,1
manning,1
barricades,1
ultimate,1
revolution,1
tremble,1
swine,1
appear,1
properties,1
respective,1
businesses,1
rapid,1
expansion,1
cinemas,1
food,1
beverage,1
surely,1
tourism,1
centres,1
monies,1
firms,1
badly,1
bleeding,1
reserves,1
insult,1
didnt,1
spare,1
bail,1
anywayswhy,1
worries,1
gcb,1
host,1
ig,1
shock,1
hundred,1
attacking,1
overkill,1
hypersensitive,1
dun,1
shld,1
xiaxuay,1
belongs,1
three,1
peasant,1
popped,1
impersonator,1
nearly,1
follower,1
decided,1
archive,1
follow,1
wings,1
draw,1
retribution,1
intending,1
cofounder,1
clinic,1
freewill,1
willingly,1
beneficial,1
suggest,1
antilife,1
movements,1
kiss,1
mah,1
save,1
wor,1
kwek,1
billion,1
prominent,1
families,1
bungalows,1
ho,1
kwon,1
ping,1
banyan,1
holdings,1
cheo,1
mewah,1
casted,1
jobless,1
travel,1
forget,1
demand,1
box,1
office,1
employ,1
competition,1
stiff,1
hmmm,1
hahahhahahahahhahaha,1
nun,1
waittransgender,1
went,1
implant,1
manly,1
inject,1
noticed,1
jawline,1
reveal,1
underwent,1
genital,1
breast,1
removal,1
ewk,1
huge,1
giant,1
fluidity,1
install,1
ginormous,1
run,1
fabric,1
nucleus,1
eroded,1
hidden,1
manipulating,1
outlook,1
area,1
fuckyou,1
woke,1
tends,1
pants,1
filmed,1
june,1
jared,1
leto,1
dallas,1
buyers,1
fucked,1
therapy,1
genderfluid,1
easier,1
chio,1
serve,1
addressed,1
individually,1
onetell,1
notã¢,1
stiffy,1
spongebob,1
brainwash,1
actresses,1
rehab,1
centers,1
ogre,1
wa,1
marriage,1
wtfwtwffwf,1
academythe,1
kissand,1
balder,1
isit,1
america,1
whichever,1
physically,1
copy,1
hairline,1
revert,1
unlike,1
realize,1
crappy,1
genderfluidity,1
rubbish,1
societies,1
entitlement,1
assignedcalled,1
ns,1
perks,1
friends,1
beat,1
reading,1
supposed,1
arthur,1
vomiting,1
fapping,1
add,1
balls,1
gif,1
idol,1
paige,1
basic,1
biology,1
broken,1
id,1
libtard,1
genitalia,1
top,1
walks,1
butches,1
allowed,1
fork,1
dollars,1
womanly,1
worng,1
career,1
treatment,1
urself,1
competing,1
screwing,1
facial,1
treatmenteven,1
famous,1
pattern,1
meeting,1
boobs,1
evolve,1
othersnonbinary,1
option,1
undergoing,1
lanothing,1
mani,1
hairlines,1
aged,1
height,1
fapped,1
saggy,1
pax,1
perform,1
obligations,1
banana,1
carry,1
skirt,1
bag,1
congratulations,1
thinks,1
beard,1
op,1
shave,1
armpit,1
leg,1
troublesome,1
injection,1
screw,1
identified,1
transformer,1
uk,1
subject,1
verb,1
generally,1
described,1
browns,1
glasses,1
table,1
blur,1
half,1
maintain,1
stupidsocial,1
default,1
grammar,1
rule,1
dreamt,1
libs,1
reality,1
tv,1
producingdirecting,1
lovely,1
transformers,1
sisters,1
lifelong,1
bird,1
screws,1
immune,1
ended,1
preferences,1
yeahi,1
prettybreasts,1
future,1
borned,1
announced,1
western,1
transformation,1
labelled,1
transphobic,1
ive,1
books,1
articles,1
clarifying,1
convenience,1
scene,1
sighwhat,1
spouse,1
meh,1
afterall,1
abuses,1
accademy,1
haggard,1
model,1
hero,1
opie,1
sugery,1
sort,1
transitional,1
phase,1
publicity,1
stunt,1
marvel,1
privileges,1
gent,1
orwellian,1
practical,1
advice,1
bleep,1
offend,1
usually,1
pray,1
dedicate,1
episode,1
proceeding,1
kissed,1
exact,1
features,1
believed,1
regardless,1
identifies,1
science,1
prosthesis,1
meds,1
reverts,1
feminine,1
cos,1
biologically,1
dysphoria,1
disorder,1
hipless,1
strong,1
browridge,1
square,1
jaw,1
matrix,1
talkshow,1
unchop,1
attach,1
advantages,1
netflix,1
tales,1
sealed,1
listen,1
believes,1
theorists,1
brad,1
leonardo,1
tom,1
cruise,1
angelina,1
jolie,1
jennifer,1
aniston,1
julia,1
roberts,1
clitoris,1
enlarged,1
clit,1
essentially,1
latest,1
fking,1
ramming,1
freaking,1
unrealistic,1
strike,1
toto,1
prize,1
growing,1
committed,1
ridiculed,1
shoes,1
join,1
olympics,1
crush,1
libertard,1
nation,1
brat,1
ellie,1
rip,1
terrible,1
style,1
strap,1
kirsten,1
stewart,1
joseph,1
necro,1
